user_id,persona,avg_income,income_volatility,income_trend,expense_drift,debt_service_ratio,runway_months,savings_rate,late_payments,neg_flow_months,label
u00000,salaried,84758.41,0.0334,0.0,0.1006,0.1558,4.61,0.1314,1,1,0
u00001,small_biz,170078.97,0.3286,0.0023,0.0376,0.1253,4.71,0.2772,0,1,0
u00002,salaried,78870.21,0.0702,0.0101,0.0055,0.2834,1.5,0.029,0,1,0
u00003,freelancer,64320.76,0.2505,-0.1122,-0.036,0.0541,4.69,0.3122,0,1,0
u00004,small_biz,221138.56,0.1401,0.0509,0.0277,0.0831,7.0,0.3454,0,2,0
u00005,salaried,55507.75,0.027,0.0129,0.0348,0.5312,-1.33,-0.7991,4,6,1
u00006,freelancer,76803.1,0.1574,0.0494,-0.0109,0.0625,2.76,0.2785,0,0,0
u00007,salaried,56875.08,0.0759,0.0061,0.2523,0.4684,0.52,-0.9986,4,6,1
u00008,small_biz,171626.61,0.3501,0.0824,0.0481,0.0907,6.62,0.4241,1,1,0
u00009,small_biz,203515.46,0.0836,0.0042,-0.001,0.1313,5.84,0.2978,0,0,0
u00010,freelancer,68907.49,0.4092,-0.2239,0.0452,0.0837,1.99,0.0918,1,2,0
u00011,salaried,97667.76,0.0816,-0.0206,0.059,0.204,1.73,0.0148,1,3,0
u00012,small_biz,157486.89,0.3718,-0.0256,0.0294,0.0764,1.12,-0.1417,5,5,1
u00013,salaried,109858.29,0.0469,-0.005,0.0009,0.2761,2.13,-0.1459,3,3,0
u00014,freelancer,81193.05,0.3947,0.06,0.0341,0.0012,5.34,0.4315,0,1,0
u00015,freelancer,44218.96,0.3243,-0.0075,0.0613,0.0179,-0.52,-0.2048,2,4,1
u00016,small_biz,121415.15,0.5635,-0.1401,-0.0148,0.1089,3.74,0.1643,1,3,0
u00017,small_biz,205290.99,0.1318,0.0214,-0.0076,0.0925,6.09,0.3455,0,0,0
u00018,small_biz,260468.96,0.1819,-0.0425,-0.035,0.1085,9.33,0.5172,0,0,0
u00019,small_biz,111028.37,0.397,-0.0172,0.0012,0.148,0.19,-0.3616,2,3,1
u00020,small_biz,133384.77,0.3343,-0.1013,-0.0241,0.1532,1.76,-0.1251,3,4,0
u00021,freelancer,53878.83,0.1707,-0.057,0.039,0.094,1.03,0.0364,1,2,1
u00022,small_biz,137261.19,0.3973,-0.0046,0.0461,0.0876,2.38,0.0332,2,2,0
u00023,small_biz,202187.09,0.2051,-0.0147,-0.0184,0.0778,6.42,0.3822,0,0,0
u00024,freelancer,62997.88,0.4315,0.0787,0.0884,0.029,2.98,0.2105,2,2,0
u00025,freelancer,56307.99,0.2832,-0.0403,-0.0119,0.0281,5.39,0.4011,0,0,0
u00026,small_biz,226248.94,0.1883,-0.0255,0.0538,0.0802,7.91,0.462,0,0,0
u00027,freelancer,59209.96,0.196,-0.042,0.0314,0.0868,2.06,0.1766,1,1,1
u00028,salaried,88022.59,0.0306,0.0147,0.1683,0.2564,2.37,0.0551,1,1,0
u00029,freelancer,60257.55,0.1762,-0.0529,-0.0239,0.1035,3.69,0.3593,0,0,0
u00030,freelancer,43590.89,0.5238,-0.1134,0.107,0.0565,0.4,-0.1611,2,5,1
u00031,freelancer,53569.92,0.2826,0.0192,0.0559,0.0616,4.3,0.3331,1,1,0
u00032,small_biz,68021.92,0.5099,-0.0744,0.0451,0.1534,0.3,-0.4726,3,4,1
u00033,freelancer,44572.73,0.272,0.0243,-0.0087,0.174,-0.75,-0.2392,2,4,1
u00034,freelancer,34819.01,0.3448,0.0056,0.0571,0.1364,-1.6,-0.5573,2,5,1
u00035,small_biz,112357.86,0.2634,-0.0763,-0.0036,0.2408,0.66,-0.5611,2,6,1
u00036,freelancer,56164.85,0.274,0.0182,0.0309,0.0385,4.51,0.3922,0,0,0
u00037,small_biz,210652.18,0.0894,-0.0397,0.0173,0.0812,3.45,0.2419,0,0,0
u00038,salaried,52094.53,0.0454,0.0019,0.0672,0.3547,-1.06,-0.6013,2,6,1
u00039,small_biz,232165.75,0.2726,0.0893,0.0435,0.1054,5.47,0.2864,0,1,0
u00040,small_biz,157467.32,0.3907,0.06,-0.0027,0.1054,3.93,0.133,2,2,0
u00041,freelancer,69866.19,0.2947,-0.0117,0.0486,0.0828,1.48,0.1333,1,3,0
u00042,freelancer,54129.78,0.3585,0.0844,0.0908,0.1334,3.04,0.2549,1,2,0
u00043,small_biz,237126.87,0.1202,0.0172,-0.0067,0.0797,8.94,0.5347,0,0,0
u00044,salaried,66687.43,0.0476,-0.0035,-0.0107,0.4234,1.87,-0.3531,2,6,1
u00045,salaried,97263.15,0.0457,0.0212,0.0462,0.1619,3.1,-0.1553,2,5,0
u00046,small_biz,195068.46,0.2654,-0.0166,0.0176,0.1529,3.86,0.1426,0,1,0
u00047,freelancer,67779.05,0.2428,-0.0843,0.06,0.0439,2.96,0.2633,0,2,0
u00048,freelancer,43512.67,0.2159,0.078,0.0228,0.1122,0.41,-0.2049,1,4,1
u00049,freelancer,60280.07,0.2042,0.0271,0.0236,0.1031,1.14,0.0302,1,2,0
u00050,small_biz,129050.14,0.3478,-0.011,-0.0213,0.1975,1.72,0.0855,1,2,0
u00051,small_biz,145635.12,0.2091,-0.0451,0.0133,0.188,1.91,-0.0482,2,4,0
u00052,freelancer,67953.9,0.1915,-0.0858,0.1119,0.0753,3.68,0.283,1,1,0
u00053,small_biz,191763.04,0.2929,0.0592,0.0904,0.1484,3.19,0.0501,3,3,0
u00054,freelancer,76394.3,0.1512,-0.0657,0.0932,0.0996,6.63,0.4293,1,1,0
u00055,freelancer,61759.51,0.4424,-0.1225,0.0703,0.1038,5.8,0.4562,0,1,0
u00056,small_biz,196207.53,0.323,-0.0935,0.0589,0.0973,8.5,0.4936,0,1,0
u00057,freelancer,57069.84,0.224,0.0108,0.019,0.0057,3.09,0.208,2,2,0
u00058,small_biz,191335.56,0.0741,-0.0179,0.0721,0.0932,2.05,-0.0086,1,2,0
u00059,salaried,95541.6,0.0305,0.0071,0.198,0.3172,2.03,-0.2974,3,6,1
u00060,freelancer,76023.52,0.3266,0.0005,0.0926,0.0931,2.5,0.2469,1,1,0
u00061,small_biz,127119.02,0.3376,-0.0029,0.0411,0.1948,0.58,-0.2934,2,4,0
u00062,freelancer,58387.54,0.4321,0.0268,0.0508,0.0274,5.09,0.4145,1,1,0
u00063,small_biz,200390.57,0.2446,0.0297,-0.0074,0.0677,10.29,0.5469,0,0,0
u00064,small_biz,166545.3,0.3772,0.0395,-0.0393,0.1277,2.21,0.0334,0,2,0
u00065,small_biz,187203.69,0.245,-0.073,0.0623,0.0816,4.8,0.3158,1,1,0
u00066,freelancer,44124.24,0.192,-0.0008,0.0174,0.1298,1.21,0.0789,0,2,0
u00067,freelancer,48479.81,0.3953,0.0512,0.067,0.1367,1.19,-0.0553,2,3,1
u00068,salaried,55695.14,0.0544,0.0029,0.0686,0.5255,-1.04,-0.7767,1,6,1
u00069,small_biz,172882.09,0.3911,0.0544,0.0505,0.1286,4.7,0.2261,1,2,0
u00070,salaried,102550.49,0.0311,-0.0085,0.0898,0.2884,2.98,0.0704,1,1,0
u00071,freelancer,81250.16,0.1572,-0.0341,0.01,0.0581,11.87,0.6481,0,0,0
u00072,freelancer,51288.46,0.126,0.0042,0.04,0.0365,5.61,0.38,0,0,0
u00073,freelancer,73675.45,0.1486,0.0798,0.0281,0.017,3.52,0.2218,0,2,0
u00074,salaried,56909.29,0.0489,-0.0147,0.2438,0.6034,-0.79,-1.1674,1,6,1
u00075,freelancer,44112.08,0.4905,-0.1685,0.0238,0.1591,-0.02,-0.1302,2,4,1
u00076,salaried,70912.97,0.0616,-0.0299,-0.0055,0.3362,2.81,-0.2448,0,6,0
u00077,salaried,93932.07,0.0304,-0.0149,0.0216,0.177,1.74,-0.0568,4,5,0
u00078,salaried,57939.93,0.0206,0.0061,0.0902,0.5422,-0.58,-0.6139,2,6,1
u00079,freelancer,36997.62,0.0947,0.0003,-0.0117,0.1146,0.49,-0.1417,1,2,1
u00080,small_biz,101492.28,0.3076,-0.0341,0.0322,0.2126,1.1,-0.1692,1,4,1
u00081,small_biz,181264.26,0.2996,-0.065,0.0158,0.121,6.69,0.3992,1,1,0
u00082,freelancer,47369.79,0.3193,0.0517,0.0666,0.1662,2.39,0.19,2,2,0
u00083,freelancer,37754.77,0.2077,0.0052,-0.0042,0.0998,0.66,0.015,1,2,0
u00084,freelancer,46917.12,0.3078,-0.1481,0.0515,0.1671,0.04,-0.1786,4,4,1
u00085,salaried,89142.83,0.0252,-0.0086,0.0074,0.193,2.38,0.1283,0,0,0
u00086,small_biz,95518.69,0.2719,-0.0247,0.0513,0.1679,-1.51,-0.6799,2,6,1
u00087,small_biz,149299.4,0.1862,-0.1,0.0103,0.1212,0.34,-0.2145,1,4,1
u00088,salaried,66468.18,0.0253,-0.0102,-0.0038,0.1551,0.07,-0.4025,5,6,1
u00089,small_biz,171563.42,0.1977,-0.0324,0.0273,0.1082,0.59,-0.1918,1,5,1
u00090,small_biz,134588.13,0.4232,-0.1245,0.0315,0.0935,2.72,0.0414,3,4,0
u00091,freelancer,53762.34,0.2451,0.0283,0.0253,0.0595,2.58,0.2421,0,2,0
u00092,salaried,72521.4,0.078,-0.0016,0.045,0.1981,2.37,-0.1574,3,6,0
u00093,small_biz,212734.21,0.339,0.008,0.0055,0.1041,1.66,0.0608,1,3,0
u00094,small_biz,63203.56,0.5382,-0.009,0.0274,0.429,-2.05,-0.9903,3,6,1
u00095,freelancer,38980.97,0.4073,-0.1541,0.051,0.0736,1.02,-0.0289,0,3,0
u00096,freelancer,49753.4,0.3378,-0.0671,0.0211,0.0589,2.17,0.2083,0,1,1
u00097,freelancer,35312.26,0.263,0.0354,0.014,0.0637,1.84,0.0967,2,3,1
u00098,freelancer,66727.58,0.2375,-0.0769,0.0359,0.0472,3.72,0.2162,1,2,0
u00099,small_biz,140101.38,0.3778,-0.0831,0.0652,0.201,3.33,0.1701,0,1,0
u00100,freelancer,27731.81,0.5427,-0.1406,0.0467,0.1163,-1.82,-0.6272,4,6,1
u00101,salaried,74118.79,0.0645,-0.0324,0.11,0.2502,2.51,0.0933,1,2,0
u00102,freelancer,60619.11,0.2033,0.0129,0.11,0.0933,2.27,0.1969,0,0,0
u00103,small_biz,142521.82,0.2997,0.0227,0.0523,0.1336,4.68,0.3104,1,1,0
u00104,small_biz,133812.62,0.254,0.0561,0.0644,0.0944,0.37,-0.4389,4,6,1
u00105,small_biz,121320.36,0.1383,-0.0373,0.0685,0.0909,0.19,-0.2912,2,5,1
u00106,freelancer,62035.81,0.4062,0.0744,0.0637,0.1048,3.82,0.3122,1,3,0
u00107,salaried,63190.28,0.0382,0.0177,0.0482,0.5202,1.91,-0.3682,3,6,0
u00108,freelancer,54701.2,0.4856,0.0311,0.0373,0.0173,5.4,0.3795,1,2,0
u00109,salaried,68621.96,0.0227,-0.0011,0.0617,0.2349,0.08,-0.416,2,6,1
u00110,freelancer,67830.07,0.2246,0.059,-0.0122,0.0539,5.64,0.4356,0,0,0
u00111,freelancer,56604.23,0.2927,-0.0568,0.0982,0.0817,3.26,0.1761,0,1,0
u00112,salaried,84924.17,0.0419,-0.01,0.0066,0.2308,4.02,0.154,0,0,0
u00113,freelancer,69360.33,0.5652,-0.02,0.009,0.0713,2.5,0.2236,2,2,0
u00114,small_biz,109366.18,0.1242,0.0151,0.0239,0.1398,-0.23,-0.7187,1,6,1
u00115,salaried,79986.69,0.0291,-0.0001,-0.0203,0.3052,2.05,-0.097,1,5,0
u00116,freelancer,77393.47,0.313,-0.0845,-0.0519,0.0028,4.16,0.2683,1,1,0
u00117,freelancer,58497.28,0.5061,0.1609,0.049,0.0297,5.32,0.4048,0,2,0
u00118,small_biz,117012.68,0.2541,0.0851,0.0548,0.1397,1.09,-0.078,0,3,1
u00119,freelancer,66745.25,0.3913,0.079,0.0553,0.0157,2.32,0.1526,2,3,0
u00120,salaried,81916.24,0.0475,0.0202,0.0236,0.2789,2.04,-0.1409,2,6,0
u00121,small_biz,157240.44,0.0905,0.0327,0.0211,0.1422,5.01,0.2652,1,1,0
u00122,salaried,113312.68,0.0284,0.0017,-0.0052,0.1204,2.6,0.0357,1,1,0
u00123,salaried,81647.6,0.036,-0.0004,0.0629,0.1797,4.48,0.2124,0,1,0
u00124,freelancer,65009.69,0.1615,-0.0646,0.0638,0.0522,6.66,0.4677,0,0,0
u00125,small_biz,105915.13,0.2446,-0.0211,0.0135,0.1109,2.54,0.1273,1,2,1
u00126,salaried,108847.72,0.0346,0.0124,0.0468,0.2297,4.4,0.2383,0,0,0
u00127,freelancer,63041.74,0.4525,-0.0987,-0.0245,0.0402,8.42,0.567,0,1,0
u00128,freelancer,57067.61,0.1157,-0.02,0.0978,0.0156,5.29,0.4239,0,0,0
u00129,small_biz,145590.66,0.4387,0.1425,0.0492,0.1082,2.04,0.0748,3,3,0
u00130,freelancer,68031.15,0.2034,0.087,0.025,0.0825,7.97,0.5496,0,0,0
u00131,freelancer,56375.83,0.3583,0.087,0.0191,0.0181,2.04,0.164,0,1,0
u00132,small_biz,124770.51,0.4537,0.1614,0.0298,0.0883,0.34,-0.4833,3,5,1
u00133,salaried,110310.67,0.0737,-0.0192,0.0686,0.2849,2.83,0.2095,0,0,0
u00134,freelancer,44285.34,0.5188,-0.0575,-0.0156,0.1512,2.46,0.1614,3,3,0
u00135,salaried,61808.72,0.0236,0.001,0.0972,0.1798,3.13,0.096,0,0,0
u00136,small_biz,104012.6,0.2078,0.0325,0.0644,0.2084,1.35,-0.2995,3,5,1
u00137,small_biz,256802.56,0.1075,0.0133,-0.0057,0.1022,6.65,0.4557,0,0,0
u00138,freelancer,72402.26,0.1588,0.033,0.0182,0.0557,5.8,0.434,1,1,0
u00139,small_biz,119818.3,0.3761,0.0732,-0.0018,0.1503,1.58,-0.0969,0,3,0
u00140,salaried,104400.03,0.0234,0.0024,0.0998,0.141,5.21,0.2721,0,0,0
u00141,freelancer,71607.46,0.16,0.004,0.0148,0.1064,5.73,0.4434,0,0,0
u00142,small_biz,86348.95,0.1963,-0.0922,0.0185,0.1715,0.14,-0.306,4,6,1
u00143,small_biz,239175.57,0.1656,-0.076,0.01,0.0865,6.41,0.4347,0,0,0
u00144,small_biz,102260.07,0.2265,0.1086,0.0303,0.1462,1.77,0.0223,3,3,0
u00145,small_biz,96521.99,0.2665,0.0126,0.0764,0.1044,0.8,-0.0496,0,2,1
u00146,small_biz,126309.71,0.2482,0.1389,0.0907,0.1191,3.19,0.1482,2,2,0
u00147,small_biz,95593.84,0.4288,-0.0968,0.0598,0.2714,-1.68,-0.9287,2,6,1
u00148,freelancer,62377.15,0.1382,-0.0568,-0.0175,0.0442,4.97,0.3512,0,1,0
u00149,freelancer,76410.87,0.2486,0.0965,0.0349,0.0082,8.48,0.4801,0,0,0
u00150,small_biz,155532.82,0.3359,-0.0147,0.0614,0.1317,-0.08,-0.2139,1,3,1
u00151,freelancer,37347.98,0.2781,0.0248,0.1227,0.0282,1.24,0.047,1,2,0
u00152,freelancer,30162.41,0.3984,0.1062,0.0598,0.0632,-1.87,-0.5377,1,5,1
u00153,freelancer,56553.48,0.5328,-0.101,0.0677,0.0885,5.93,0.4435,0,1,0
u00154,salaried,67149.5,0.0569,0.0048,0.0704,0.484,1.58,-0.7935,2,6,1
u00155,freelancer,47204.97,0.5023,0.0006,-0.0062,0.1316,-2.0,-0.5572,0,4,1
u00156,salaried,57498.48,0.0628,-0.0011,0.0118,0.3198,0.83,-0.2796,0,6,1
u00157,freelancer,69858.06,0.3139,0.0216,0.0409,0.0203,4.52,0.36,0,1,0
u00158,small_biz,190865.8,0.3049,0.0932,0.0819,0.1451,1.19,-0.0252,0,3,0
u00159,freelancer,47226.05,0.2805,-0.1406,0.1304,0.1143,1.07,0.0978,1,3,0
u00160,salaried,85907.83,0.0883,0.0242,0.0744,0.1846,0.17,-0.1637,1,5,1
u00161,salaried,120837.43,0.082,0.0274,-0.041,0.1659,3.44,0.0242,0,2,0
u00162,freelancer,70955.75,0.1635,-0.0067,0.0785,0.0907,6.46,0.4767,0,0,0
u00163,freelancer,47678.75,0.4081,0.0326,0.0289,0.1103,2.78,0.2742,2,2,0
u00164,small_biz,161784.5,0.364,-0.0384,0.0705,0.0896,3.15,0.0784,0,2,0
u00165,salaried,90473.37,0.0441,0.0104,0.0328,0.3307,0.51,-0.2721,1,6,1
u00166,freelancer,77454.34,0.6202,-0.121,0.0061,0.0461,3.35,0.268,2,3,0
u00167,freelancer,36779.23,0.3917,-0.1533,0.0703,0.0096,1.06,0.0971,1,3,1
u00168,freelancer,63628.79,0.3114,-0.1507,0.0434,0.1141,6.11,0.4835,0,0,0
u00169,freelancer,57927.39,0.2713,0.0045,-0.0586,0.0125,3.23,0.2622,1,2,0
u00170,salaried,112512.46,0.0323,0.0071,0.0277,0.1378,4.68,0.1564,1,2,0
u00171,freelancer,57661.76,0.2691,-0.0821,0.001,0.1024,2.2,0.1875,2,2,0
u00172,salaried,92073.07,0.0301,0.0062,-0.0242,0.3757,3.04,0.1044,0,0,0
u00173,small_biz,128376.31,0.1446,0.0312,0.0187,0.1645,2.59,-0.0315,2,4,1
u00174,small_biz,89304.66,0.3407,0.0226,0.048,0.159,1.27,-0.1883,2,3,0
u00175,freelancer,71804.61,0.2076,-0.0664,0.0632,0.0855,7.16,0.531,0,0,0
u00176,small_biz,198126.33,0.2793,0.0586,0.0083,0.0524,4.36,0.2973,1,1,0
u00177,freelancer,38227.27,0.4194,0.1576,0.0976,0.1274,-0.82,-0.3708,3,5,1
u00178,freelancer,79733.97,0.1505,-0.0006,0.021,0.098,5.48,0.4346,0,0,0
u00179,small_biz,206691.99,0.1124,0.0403,0.0211,0.0701,5.61,0.3822,0,0,0
u00180,salaried,78953.16,0.0497,-0.0027,0.1579,0.2742,3.52,0.0061,1,3,0
u00181,freelancer,44462.15,0.3214,-0.0012,0.0057,0.0129,0.66,0.0084,0,4,1
u00182,freelancer,48560.4,0.1869,0.0938,-0.0438,0.0242,2.47,0.1517,1,2,0
u00183,small_biz,199460.48,0.1661,0.0465,0.0888,0.0862,5.5,0.3425,0,0,0
u00184,freelancer,49365.15,0.4713,0.0368,0.0688,0.1159,2.79,0.1999,1,3,0
u00185,salaried,113022.29,0.0331,0.0188,0.0162,0.1877,2.98,0.1992,0,0,0
u00186,salaried,91918.03,0.0418,0.0158,0.1483,0.1229,3.59,0.2039,0,0,0
u00187,freelancer,53611.46,0.1183,-0.0229,0.003,0.0163,2.13,0.2032,0,1,0
u00188,freelancer,64830.15,0.4936,0.1449,-0.0298,0.0121,6.66,0.4814,0,2,0
u00189,salaried,85178.28,0.039,-0.0044,0.0165,0.1879,1.21,0.0066,2,3,0
u00190,salaried,129363.52,0.0726,0.0228,-0.0007,0.1213,6.03,0.3472,0,0,0
u00191,freelancer,51711.92,0.2216,-0.0666,0.0556,0.031,3.09,0.2415,1,1,0
u00192,freelancer,52262.97,0.6292,-0.0591,0.0121,0.0238,3.78,0.2861,0,2,0
u00193,freelancer,56213.14,0.2823,-0.0607,-0.0162,0.051,0.37,-0.0633,3,4,1
u00194,freelancer,75725.68,0.3595,0.037,0.1057,0.0017,10.67,0.632,0,0,0
u00195,freelancer,44170.44,0.5157,-0.0408,0.101,0.0584,-0.64,-0.2022,3,4,1
u00196,small_biz,158927.15,0.3956,-0.04,0.0141,0.1276,4.17,0.272,0,2,0
u00197,freelancer,74428.64,0.1649,0.06,-0.0483,0.0909,7.66,0.4739,0,0,0
u00198,freelancer,58135.05,0.2099,0.0312,0.1348,0.0157,4.75,0.3836,0,0,0
u00199,small_biz,199018.97,0.2797,-0.0657,-0.0045,0.1246,5.21,0.3375,0,1,0
u00200,small_biz,212691.63,0.3916,0.0233,0.0723,0.0632,7.32,0.443,0,1,0
u00201,freelancer,65144.55,0.4371,0.0494,0.061,0.078,5.3,0.3957,0,1,0
u00202,freelancer,34688.67,0.6006,-0.2557,-0.014,0.0412,1.39,0.1271,1,3,0
u00203,small_biz,126162.91,0.3027,0.0881,0.0331,0.1938,1.92,-0.1173,2,3,0
u00204,freelancer,70415.04,0.2612,-0.1508,0.0764,0.0733,2.74,0.2403,2,3,0
u00205,freelancer,67951.6,0.3726,0.0308,0.0411,0.0141,3.07,0.2442,0,1,0
u00206,salaried,97328.91,0.0613,0.0302,0.0496,0.1408,5.59,0.3011,0,0,0
u00207,freelancer,38324.97,0.268,-0.0902,0.0029,0.0651,-0.41,-0.2143,2,5,1
u00208,small_biz,124767.08,0.3238,-0.0576,0.0652,0.1656,0.55,-0.2944,1,5,1
u00209,small_biz,191715.18,0.2518,-0.0401,0.0369,0.0893,2.0,0.1293,1,1,0
u00210,small_biz,183960.0,0.1649,-0.052,0.0707,0.1496,2.88,0.0319,2,3,0
u00211,small_biz,219855.93,0.1404,0.0338,0.0829,0.0673,5.49,0.3387,0,0,0
u00212,small_biz,254406.76,0.0913,-0.0028,0.0237,0.0652,8.14,0.507,0,0,0
u00213,small_biz,137165.12,0.2421,0.07,0.0301,0.1203,1.98,0.1096,1,2,0
u00214,small_biz,196247.28,0.2965,0.0631,0.0132,0.0745,4.59,0.3521,1,1,0
u00215,freelancer,61384.13,0.2771,-0.078,0.0323,0.0068,7.34,0.5204,0,1,0
u00216,small_biz,118341.19,0.2846,-0.0111,-0.0122,0.2101,-0.11,-0.5866,2,6,1
u00217,small_biz,143386.51,0.363,0.073,0.0629,0.0903,0.94,-0.2853,3,5,1
u00218,freelancer,26589.8,0.4292,-0.0338,0.022,0.1504,-1.03,-0.3612,2,5,1
u00219,freelancer,35819.28,0.4335,-0.1999,0.1139,0.1388,1.59,0.0254,1,3,1
u00220,freelancer,79491.66,0.3575,0.0641,0.0214,0.0539,4.36,0.3184,1,2,0
u00221,salaried,51256.78,0.0637,-0.0228,0.0091,0.4441,0.97,-0.7082,2,6,1
u00222,freelancer,40424.56,0.7322,-0.0791,0.0508,0.0695,-0.53,-0.3879,0,4,1
u00223,freelancer,30990.41,0.2974,0.0601,0.0344,0.1102,0.13,-0.1762,2,4,1
u00224,freelancer,97096.25,0.3549,-0.1825,0.0139,0.042,5.77,0.3913,0,1,0
u00225,freelancer,73296.77,0.2964,-0.0138,0.031,0.0283,4.71,0.3965,0,0,0
u00226,freelancer,79352.07,0.3157,-0.1521,0.0859,0.0686,2.16,0.1587,0,2,0
u00227,salaried,72959.93,0.0202,0.0099,0.0228,0.1881,3.19,0.2128,0,0,0
u00228,small_biz,142088.69,0.3829,-0.1095,0.0294,0.1974,1.82,0.0965,1,2,0
u00229,salaried,86830.56,0.0781,0.0123,-0.0328,0.2369,3.2,-0.0115,1,4,0
u00230,freelancer,37298.34,0.2489,0.133,0.1348,0.1999,0.67,0.0029,0,3,1
u00231,salaried,56577.33,0.0491,0.0066,0.0485,0.4602,-0.77,-0.5168,1,6,1
u00232,freelancer,74801.99,0.3502,-0.1421,0.0442,0.0901,4.55,0.3476,1,1,0
u00233,salaried,72532.85,0.0447,0.0103,0.0166,0.141,2.97,0.1069,0,0,0
u00234,salaried,84824.91,0.0336,0.0023,0.0134,0.1754,3.82,0.1867,0,0,0
u00235,small_biz,170134.86,0.3328,-0.0131,0.0342,0.1149,2.64,-0.0175,0,3,0
u00236,freelancer,38080.69,0.2205,-0.0226,0.0938,0.1423,0.99,-0.0385,2,3,0
u00237,salaried,77385.05,0.0645,-0.02,0.1414,0.1957,3.47,0.1783,0,0,0
u00238,freelancer,64723.01,0.4344,0.1402,0.1068,0.0272,2.89,0.2131,0,1,0
u00239,small_biz,204988.37,0.212,0.0209,0.036,0.1246,5.22,0.3166,0,1,0
u00240,small_biz,177722.77,0.4109,-0.0004,0.0736,0.079,5.65,0.3209,1,2,0
u00241,freelancer,52292.46,0.3268,-0.0988,0.0992,0.0209,2.88,0.2325,0,2,0
u00242,freelancer,59185.63,0.1801,-0.0985,0.1009,0.1166,1.71,0.1113,1,2,0
u00243,freelancer,39765.64,0.3536,0.0249,0.0768,0.1774,-0.62,-0.2541,2,4,1
u00244,freelancer,46857.6,0.2663,0.0148,0.0029,0.131,-0.77,-0.2454,2,5,1
u00245,small_biz,154167.37,0.3326,-0.1264,0.0272,0.09,3.64,0.17,1,2,0
u00246,freelancer,71252.9,0.2151,-0.0438,0.1,0.0321,7.67,0.5121,0,0,0
u00247,freelancer,42634.71,0.2776,-0.0286,0.0663,0.0595,0.56,-0.0859,0,2,1
u00248,salaried,65068.63,0.0535,0.0215,0.1722,0.2321,-0.39,-0.4145,3,6,1
u00249,freelancer,70322.91,0.1073,0.002,0.0419,0.1055,4.15,0.318,0,0,0
u00250,freelancer,56862.6,0.3663,0.0038,0.047,0.0812,3.6,0.3323,1,1,0
u00251,small_biz,137852.81,0.3252,0.1824,0.0533,0.1724,1.3,-0.0108,0,2,0
u00252,small_biz,208981.23,0.2679,0.0912,0.0449,0.0875,3.67,0.127,0,2,0
u00253,small_biz,222510.99,0.0775,-0.0318,0.0333,0.0551,3.29,0.2106,0,0,0
u00254,small_biz,143790.93,0.3556,0.168,0.0433,0.2053,2.65,0.1001,2,3,0
u00255,freelancer,54428.39,0.2354,0.0234,0.0137,0.0257,3.24,0.3239,0,0,0
u00256,salaried,55310.58,0.0425,0.0063,0.0916,0.5434,2.29,-0.3621,5,6,0
u00257,small_biz,175431.02,0.2822,0.0312,0.0648,0.1668,1.91,-0.043,1,3,0
u00258,small_biz,108424.48,0.4681,0.0827,0.0446,0.1034,2.42,0.0081,3,4,0
u00259,freelancer,84276.0,0.3844,-0.1799,0.0958,0.0788,5.71,0.4617,1,1,0
u00260,salaried,98614.11,0.0415,0.0176,0.0346,0.3432,5.16,0.1883,0,0,0
u00261,freelancer,59818.56,0.4127,-0.169,0.1026,0.1199,3.01,0.2093,1,2,0
u00262,small_biz,246909.46,0.2245,0.0265,0.0484,0.0692,6.0,0.3738,1,1,0
u00263,small_biz,132774.55,0.111,-0.0331,-0.0248,0.1673,0.88,-0.1087,3,5,0
u00264,freelancer,63629.41,0.4475,0.0827,0.0185,0.1008,2.02,0.067,2,3,0
u00265,small_biz,116800.21,0.4865,0.0222,0.0207,0.1702,2.09,-0.0686,1,4,0
u00266,salaried,107305.33,0.0187,-0.002,0.0213,0.1689,7.88,0.4081,0,0,0
u00267,small_biz,219390.81,0.3823,-0.0036,0.0654,0.0828,4.1,0.3014,1,2,0
u00268,freelancer,39573.67,0.387,-0.1205,0.0149,0.1744,-1.51,-0.457,2,4,1
u00269,small_biz,188703.48,0.2976,0.0292,0.081,0.062,10.23,0.5669,0,1,0
u00270,salaried,86763.81,0.0502,-0.0083,0.0263,0.3748,1.87,-0.0812,3,6,0
u00271,small_biz,153882.39,0.1493,0.024,0.0885,0.1743,1.83,-0.2156,0,6,1
u00272,salaried,99956.72,0.0556,0.0196,0.0148,0.1118,4.51,0.22,0,0,0
u00273,small_biz,138335.72,0.3471,-0.0024,-0.0269,0.1338,4.04,0.1912,1,2,0
u00274,freelancer,45902.75,0.4469,-0.173,-0.0186,0.0277,0.91,0.0214,0,3,1
u00275,small_biz,176225.8,0.4027,-0.1134,0.0563,0.1026,4.8,0.3199,1,2,0
u00276,salaried,100519.09,0.0516,-0.0131,0.0052,0.1338,5.43,0.3062,0,0,0
u00277,salaried,58133.58,0.0536,-0.0073,0.0102,0.2906,-0.02,-0.3694,1,6,1
u00278,salaried,54560.5,0.0603,-0.011,0.1157,0.4461,1.48,-0.6137,5,6,1
u00279,freelancer,81484.81,0.2423,-0.0295,0.0144,0.022,3.66,0.3076,0,0,0
u00280,salaried,60596.31,0.0587,-0.022,0.0465,0.3124,2.67,-0.1504,3,6,0
u00281,freelancer,45103.67,0.2444,-0.0224,0.0209,0.1141,2.43,0.209,0,1,0
u00282,small_biz,138087.89,0.4498,0.0195,0.0244,0.0779,1.5,0.0435,0,3,0
u00283,salaried,99348.82,0.0234,0.0107,0.1571,0.2646,1.78,0.0793,0,0,0
u00284,small_biz,88997.59,0.3557,0.1595,0.0389,0.1766,2.01,-0.0489,1,4,0
u00285,salaried,117256.43,0.0422,-0.0107,0.1332,0.2661,3.73,0.2744,0,0,0
u00286,salaried,65822.01,0.032,0.0111,0.04,0.2246,2.81,-0.056,3,6,0
u00287,small_biz,217860.0,0.471,-0.073,0.0513,0.0474,6.27,0.442,1,2,0
u00288,salaried,78607.02,0.0351,0.014,0.1634,0.1601,1.96,-0.1601,3,6,1
u00289,freelancer,68287.64,0.3843,-0.0014,0.0041,0.0184,1.3,0.0699,0,2,0
u00290,freelancer,61390.59,0.4573,0.0543,0.0315,0.0466,5.27,0.3123,0,2,0
u00291,small_biz,138296.05,0.4366,-0.0924,0.0379,0.2041,3.12,0.0766,1,2,0
u00292,freelancer,45935.73,0.1566,0.0107,0.0212,0.048,2.59,0.1782,0,1,0
u00293,freelancer,65987.63,0.4313,0.0303,0.043,0.0771,6.53,0.4666,0,1,0
u00294,freelancer,53361.41,0.4509,-0.02,0.0767,0.0983,1.81,0.1111,1,2,0
u00295,small_biz,143619.49,0.4582,-0.0522,0.0595,0.1748,2.74,0.197,0,2,0
u00296,salaried,81905.91,0.0413,0.0178,0.2095,0.1654,0.32,-0.2708,2,6,1
u00297,salaried,67143.72,0.063,-0.0063,0.1456,0.2236,-0.07,-0.3541,2,6,1
u00298,small_biz,129386.39,0.3609,0.1406,0.0298,0.1845,3.28,0.0531,0,2,0
u00299,salaried,83598.5,0.0563,0.0165,0.2103,0.1334,3.55,0.1107,0,1,0
u00300,small_biz,229929.97,0.1853,-0.0684,0.1048,0.0502,7.68,0.4922,0,0,0
u00301,freelancer,53334.8,0.5822,-0.031,0.0859,0.1489,0.69,-0.0446,0,3,1
u00302,freelancer,71284.55,0.3897,-0.1609,0.0397,0.0908,6.15,0.4113,1,1,0
u00303,freelancer,71321.47,0.1397,0.0036,-0.0153,0.0224,3.92,0.2358,1,2,0
u00304,freelancer,71557.35,0.1137,-0.0262,0.0301,0.0544,6.61,0.4669,0,0,0
u00305,freelancer,76708.77,0.2178,-0.04,-0.0035,0.0314,9.42,0.5861,0,0,0
u00306,salaried,109754.08,0.0546,-0.0027,-0.0043,0.0982,6.11,0.3074,0,0,0
u00307,freelancer,50660.2,0.6492,0.053,-0.0458,0.0569,-0.32,-0.1161,2,4,1
u00308,freelancer,52288.31,0.2849,0.0961,0.0896,0.0582,4.86,0.4045,0,1,0
u00309,freelancer,38456.33,0.3494,-0.1071,0.0512,0.0636,-1.83,-0.5558,2,4,1
u00310,salaried,107249.21,0.0465,-0.0133,-0.0123,0.2047,2.42,0.0301,0,2,0
u00311,freelancer,41632.57,0.1337,-0.0044,0.0461,0.0661,3.25,0.2704,0,0,0
u00312,freelancer,60566.25,0.4798,0.0457,0.0735,0.1201,5.0,0.3875,1,3,0
u00313,salaried,95820.8,0.0639,0.0184,-0.0015,0.2805,3.94,0.1262,0,1,0
u00314,small_biz,105286.74,0.3081,-0.0629,0.0915,0.1447,1.17,-0.1627,2,4,1
u00315,freelancer,56579.13,0.2521,-0.0427,0.0899,0.0396,0.65,0.0375,0,3,1
u00316,salaried,105734.16,0.0707,0.0046,0.0113,0.2106,2.44,0.122,1,2,0
u00317,freelancer,58974.47,0.2491,0.0361,-0.0388,0.0788,3.06,0.2883,0,0,0
u00318,salaried,83569.8,0.0704,0.0057,0.0378,0.3821,1.63,-0.2486,3,6,0
u00319,salaried,89716.88,0.0348,-0.0123,0.0446,0.1434,4.74,0.1915,1,1,0
u00320,small_biz,102056.17,0.138,-0.0205,0.0458,0.1747,1.85,0.0718,0,2,0
u00321,small_biz,207959.53,0.1083,0.0024,0.0034,0.1097,5.34,0.3346,0,0,0
u00322,salaried,86670.15,0.0729,0.0198,0.0442,0.2415,1.3,-0.1317,1,5,1
u00323,freelancer,79870.8,0.2545,0.0142,0.0871,0.0867,6.49,0.4311,0,0,0
u00324,small_biz,183663.99,0.2648,0.0335,0.0147,0.1158,2.64,0.1204,1,2,0
u00325,salaried,57370.78,0.0416,0.0197,0.009,0.3144,-0.03,-0.3499,3,6,1
u00326,small_biz,127574.79,0.2545,-0.0377,-0.0146,0.1732,3.16,0.178,1,1,0
u00327,small_biz,176980.45,0.1603,0.0332,0.0589,0.1037,5.8,0.3436,0,0,0
u00328,small_biz,118551.16,0.2599,-0.0263,0.0765,0.1288,3.82,0.1307,1,2,0
u00329,small_biz,114931.36,0.2449,0.1182,0.0023,0.0883,0.57,-0.2857,3,5,1
u00330,small_biz,106534.52,0.2736,-0.0285,0.037,0.1192,0.97,-0.1795,3,5,1
u00331,small_biz,222034.43,0.2599,-0.0717,0.0199,0.125,4.07,0.2592,0,1,0
u00332,salaried,121635.68,0.0412,-0.0031,0.0184,0.1999,4.22,0.3436,0,0,0
u00333,freelancer,71758.79,0.1528,-0.0624,0.0492,0.018,4.05,0.3765,0,0,0
u00334,freelancer,73256.88,0.4332,0.1288,0.0785,0.071,7.37,0.5291,0,1,0
u00335,salaried,119363.93,0.0387,0.0038,0.0195,0.1859,5.91,0.3989,0,0,0
u00336,freelancer,59389.36,0.4852,-0.1847,0.1047,0.0124,1.02,-0.066,1,3,0
u00337,salaried,73287.18,0.0529,0.0026,0.1029,0.402,1.29,-0.1946,2,6,1
u00338,freelancer,81593.79,0.1328,0.0299,0.0854,0.0141,7.38,0.4803,0,0,0
u00339,small_biz,118350.86,0.2762,0.0379,0.0165,0.2499,1.93,-0.0614,2,3,1
u00340,salaried,87438.95,0.0131,-0.0029,0.0297,0.3896,3.0,0.0627,0,1,0
u00341,small_biz,260293.53,0.4097,-0.0213,0.0476,0.1059,5.54,0.3284,1,1,0
u00342,freelancer,65593.34,0.4747,-0.1094,-0.0177,0.1017,4.09,0.311,1,2,0
u00343,small_biz,126740.86,0.4581,-0.0961,0.0177,0.204,2.29,-0.0561,2,3,0
u00344,freelancer,60931.34,0.3175,0.0659,-0.0536,0.0141,5.78,0.4637,0,0,0
u00345,freelancer,99506.11,0.2465,-0.024,0.067,0.0574,8.04,0.5161,0,0,0
u00346,salaried,101105.85,0.0306,0.0056,0.0626,0.2528,0.76,-0.2013,2,5,1
u00347,salaried,62958.97,0.0869,0.0314,0.0076,0.3492,-1.36,-0.7134,2,6,1
u00348,freelancer,44100.88,0.5212,0.0489,0.0596,0.1649,-0.16,-0.1268,0,4,1
u00349,small_biz,207902.85,0.2388,-0.0122,0.0354,0.0981,5.01,0.3654,0,1,0
u00350,freelancer,43982.68,0.4141,0.0274,0.056,0.1787,-0.44,-0.3231,3,5,1
u00351,salaried,100737.22,0.043,0.0136,0.1196,0.2673,2.19,0.0567,0,1,0
u00352,freelancer,70338.4,0.2869,-0.1234,0.0365,0.0314,7.07,0.4381,0,0,0
u00353,small_biz,201552.13,0.2462,-0.0033,0.067,0.0501,8.52,0.4801,0,0,0
u00354,salaried,56630.75,0.0606,-0.002,0.0664,0.3985,0.18,-1.077,1,6,1
u00355,small_biz,115750.03,0.4621,0.0516,0.0344,0.1129,-0.0,-0.2455,2,4,0
u00356,freelancer,40692.66,0.4318,0.0841,0.017,0.0606,0.21,-0.0179,2,3,1
u00357,small_biz,130244.33,0.2333,-0.0541,0.0487,0.0843,1.69,-0.176,3,4,1
u00358,small_biz,123986.25,0.3014,-0.0969,0.0393,0.2384,1.42,-0.267,3,5,1
u00359,freelancer,85561.05,0.1772,-0.0281,0.0298,0.0458,4.8,0.3724,0,0,0
u00360,salaried,104655.67,0.0266,-0.0036,0.0499,0.332,3.21,-0.0932,5,6,0
u00361,freelancer,49816.94,0.2523,-0.0025,-0.0008,0.1175,-0.97,-0.3024,2,4,1
u00362,freelancer,70031.83,0.2881,-0.0423,0.0614,0.0663,5.4,0.4498,0,1,0
u00363,salaried,68448.67,0.0566,0.0271,0.0358,0.1668,1.21,-0.1521,3,6,0
u00364,small_biz,136139.43,0.4819,-0.1614,0.0273,0.2007,2.2,-0.0649,1,3,0
u00365,small_biz,169030.52,0.3822,-0.0399,0.0452,0.1111,5.81,0.4086,1,1,0
u00366,salaried,94809.35,0.0309,0.0041,0.2067,0.2683,0.35,-0.118,1,6,1
u00367,salaried,119775.04,0.0713,0.0138,-0.0025,0.2576,3.41,0.1941,0,0,0
u00368,small_biz,271491.85,0.3202,0.1025,-0.0267,0.0462,9.81,0.5387,0,1,0
u00369,freelancer,64364.36,0.1715,-0.034,0.0693,0.0023,6.46,0.4302,1,1,0
u00370,salaried,62585.98,0.0279,0.0127,0.1362,0.2566,-0.27,-0.2574,3,6,1
u00371,freelancer,55624.94,0.3021,-0.0905,-0.0298,0.0087,1.67,0.0795,2,3,0
u00372,salaried,60795.56,0.047,0.0113,0.0198,0.3578,3.0,-0.1715,3,6,0
u00373,small_biz,204478.91,0.3448,0.0466,0.0447,0.0614,10.41,0.5828,0,1,0
u00374,freelancer,30314.06,0.2908,-0.0474,0.0134,0.2158,-1.24,-0.3353,2,5,1
u00375,small_biz,202862.44,0.2321,-0.08,0.0086,0.0597,8.0,0.4783,0,0,0
u00376,small_biz,125683.92,0.1699,0.0432,0.0508,0.0911,3.18,0.0811,0,3,0
u00377,small_biz,205629.49,0.2071,-0.0122,0.0799,0.1337,4.85,0.2734,0,1,0
u00378,freelancer,65729.39,0.1194,-0.054,0.0925,0.0119,8.47,0.5415,0,0,0
u00379,small_biz,140516.47,0.252,-0.0622,0.0411,0.1864,2.43,0.0938,0,1,0
u00380,small_biz,105243.05,0.1125,-0.0107,0.0265,0.1664,1.08,-0.2921,4,6,1
u00381,freelancer,47538.72,0.2628,-0.0943,0.0839,0.0847,-0.3,-0.1482,0,3,1
u00382,freelancer,75791.25,0.2536,-0.0592,-0.0098,0.0416,5.46,0.3373,1,1,0
u00383,small_biz,173368.91,0.1865,0.0408,0.0528,0.0837,5.81,0.342,0,0,0
u00384,freelancer,60811.57,0.3606,-0.1101,0.1178,0.0239,0.45,-0.0615,1,4,0
u00385,small_biz,155018.83,0.4797,0.1117,-0.0293,0.1081,2.04,0.1066,2,3,0
u00386,salaried,101356.37,0.0537,-0.0161,0.1752,0.1098,5.09,0.3761,0,0,0
u00387,small_biz,151061.8,0.3448,0.089,0.0458,0.1358,3.85,0.3228,1,2,0
u00388,salaried,66046.02,0.0679,0.0191,0.0609,0.4772,0.67,-0.3328,2,6,1
u00389,freelancer,37787.47,0.3402,0.0234,0.0307,0.0297,-1.5,-0.4027,2,3,1
u00390,freelancer,73802.42,0.3119,-0.0521,0.1603,0.0701,5.0,0.3979,1,1,0
u00391,freelancer,60995.86,0.2673,-0.0346,0.001,0.0228,5.23,0.4265,1,1,0
u00392,small_biz,112172.36,0.5764,0.2404,0.0399,0.2233,-0.61,-0.4032,1,3,1
u00393,freelancer,76563.86,0.2505,-0.01,0.0409,0.0193,8.06,0.563,0,0,0
u00394,small_biz,159767.54,0.1129,-0.0276,0.0421,0.1074,2.55,0.1005,0,2,0
u00395,salaried,69920.84,0.0296,-0.0002,0.031,0.3526,2.79,-0.2219,3,6,0
u00396,freelancer,61167.82,0.3795,0.1308,0.0553,0.0901,3.79,0.2798,0,2,0
u00397,freelancer,76677.53,0.2297,0.0594,0.0075,0.035,6.55,0.4571,0,0,0
u00398,small_biz,147758.38,0.2262,0.0363,0.0502,0.2021,2.59,-0.0087,0,4,0
u00399,small_biz,178065.0,0.1062,0.0298,-0.0181,0.0697,5.84,0.4306,0,0,0
u00400,salaried,88319.35,0.0764,0.0411,0.0363,0.1908,2.48,0.1228,0,0,0
u00401,salaried,59861.1,0.0267,0.0113,0.1258,0.2759,1.43,-0.2228,2,6,1
u00402,small_biz,205037.56,0.2802,-0.0141,0.0307,0.1457,1.49,0.0264,1,3,0
u00403,freelancer,71726.62,0.2573,0.0003,0.0529,0.0118,10.31,0.6248,0,0,0
u00404,salaried,100164.14,0.0599,0.0154,0.0939,0.2953,3.46,0.0523,1,2,0
u00405,salaried,55777.11,0.0103,-0.0057,-0.0406,0.6196,-1.08,-0.569,2,6,1
u00406,freelancer,59173.46,0.1907,-0.0571,-0.0424,0.1063,3.32,0.2639,0,1,0
u00407,small_biz,183196.08,0.2512,0.0719,0.0353,0.1335,3.14,0.1807,2,2,0
u00408,freelancer,59980.64,0.1704,-0.0131,0.0485,0.0458,4.8,0.331,1,1,0
u00409,salaried,67978.98,0.0462,0.0188,0.0987,0.2639,0.53,-0.1461,3,6,1
u00410,salaried,55703.28,0.0613,0.0159,0.0355,0.2511,1.09,-0.1919,2,5,0
u00411,salaried,51110.31,0.0274,0.0004,0.0224,0.6054,0.22,-0.4621,2,6,1
u00412,freelancer,47032.69,0.4078,-0.2049,0.0236,0.1191,1.02,0.0251,0,3,0
u00413,small_biz,208235.93,0.1683,0.0093,0.0333,0.0721,5.22,0.2767,0,0,0
u00414,freelancer,46522.87,0.565,0.2533,0.0139,0.0551,5.12,0.4086,2,2,0
u00415,freelancer,33762.86,0.5132,0.0992,0.1174,0.0595,-0.27,-0.3437,0,3,1
u00416,freelancer,45620.45,0.2161,-0.0824,-0.0114,0.1271,0.12,-0.0771,1,3,1
u00417,small_biz,74188.47,0.3144,-0.127,0.0476,0.1889,-0.21,-0.2436,1,5,1
u00418,salaried,69815.67,0.0409,0.0129,0.0989,0.1988,0.16,-0.2212,2,6,1
u00419,salaried,105221.52,0.0686,0.0233,0.0736,0.1053,6.49,0.3278,0,1,0
u00420,small_biz,66504.12,0.4633,0.0445,0.0323,0.4008,-2.81,-1.7757,4,6,1
u00421,small_biz,110378.24,0.4196,-0.1914,-0.0008,0.104,-0.18,-0.3008,3,5,1
u00422,small_biz,142303.78,0.1867,-0.0021,0.0261,0.1616,3.46,0.0659,0,1,0
u00423,salaried,91704.72,0.0506,-0.0005,0.0391,0.1832,4.59,0.3129,0,0,0
u00424,freelancer,44954.53,0.4731,-0.1832,0.0247,0.0249,2.0,0.1091,0,2,0
u00425,freelancer,78497.87,0.3272,0.0613,0.1035,0.0899,1.92,0.1939,0,1,0
u00426,freelancer,45540.37,0.1953,0.0664,0.0098,0.1337,1.4,0.0276,1,3,0
u00427,salaried,79822.95,0.0764,0.0099,0.0281,0.3497,2.24,-0.0095,3,3,0
u00428,salaried,84970.82,0.0591,0.0239,-0.0143,0.2802,1.25,-0.1202,3,4,0
u00429,freelancer,62332.56,0.2542,-0.0339,0.0373,0.04,2.28,0.1694,1,1,0
u00430,freelancer,39189.6,0.3553,0.0392,0.1017,0.1177,0.79,0.0328,3,4,1
u00431,salaried,95417.92,0.0495,0.0087,-0.0111,0.2487,5.01,0.1726,0,1,0
u00432,freelancer,48389.23,0.3288,0.0754,0.0941,0.0855,1.32,0.0621,1,2,0
u00433,freelancer,54368.87,0.1424,-0.0335,0.038,0.1442,0.97,0.0331,2,3,0
u00434,salaried,93589.9,0.0541,-0.0157,0.1465,0.228,6.52,0.3458,0,0,0
u00435,salaried,96844.84,0.0389,-0.0122,0.0565,0.2284,3.07,-0.0766,1,5,0
u00436,freelancer,73416.51,0.3401,0.0427,0.0453,0.0549,3.41,0.3386,0,1,0
u00437,freelancer,53123.4,0.1717,-0.0519,0.0948,0.0203,4.81,0.3658,0,0,0
u00438,freelancer,43196.6,0.3246,-0.0878,0.0511,0.121,0.25,-0.0298,0,3,0
u00439,freelancer,75719.49,0.2956,-0.0009,0.0341,0.0807,6.36,0.403,0,1,0
u00440,salaried,56485.0,0.0359,0.0105,0.022,0.3794,-0.37,-0.7074,5,6,1
u00441,freelancer,54050.22,0.3151,-0.1035,0.0407,0.1383,2.07,0.2046,2,3,0
u00442,freelancer,63323.44,0.463,-0.0995,-0.0022,0.0788,3.44,0.2979,0,1,0
u00443,freelancer,71051.48,0.2161,-0.0143,0.0638,0.0027,4.8,0.4104,0,0,0
u00444,freelancer,92206.51,0.2238,-0.0112,0.0686,0.074,4.76,0.3373,0,1,0
u00445,small_biz,95755.89,0.2654,-0.036,0.0719,0.2865,-0.39,-0.9192,4,6,1
u00446,salaried,103255.52,0.0398,0.0001,0.112,0.2853,3.36,0.0693,0,1,0
u00447,freelancer,39818.97,0.6391,-0.3406,0.0669,0.1059,1.78,0.0528,1,4,0
u00448,salaried,101121.39,0.0472,-0.0078,0.1822,0.1472,3.76,0.1222,1,1,0
u00449,freelancer,50487.43,0.3052,-0.0729,0.0407,0.0352,0.42,0.0125,2,4,1
u00450,freelancer,80592.48,0.3072,0.0779,0.0504,0.0081,13.13,0.677,0,0,0
u00451,freelancer,81512.66,0.2722,0.0218,-0.0056,0.073,5.57,0.4049,0,0,0
u00452,freelancer,50680.8,0.2928,-0.0525,0.0753,0.0438,1.96,0.1636,0,2,0
u00453,small_biz,123916.01,0.1084,-0.0087,0.0909,0.1977,0.39,-0.1414,4,6,1
u00454,salaried,72685.14,0.0296,-0.0116,-0.0385,0.2203,5.24,0.194,0,0,0
u00455,salaried,80732.77,0.0155,0.0036,0.0603,0.1575,5.68,0.3355,0,0,0
u00456,freelancer,58839.71,0.5376,-0.0434,0.0738,0.1055,4.31,0.2987,0,2,0
u00457,freelancer,51737.78,0.2377,-0.0643,0.0217,0.1134,3.35,0.2991,0,1,0
u00458,freelancer,37071.08,0.3177,-0.0809,-0.0269,0.2013,-0.75,-0.3924,3,6,1
u00459,salaried,101786.74,0.0458,0.0019,0.0229,0.2042,3.77,-0.0126,2,3,0
u00460,freelancer,31109.27,0.2641,-0.0548,0.1147,0.2319,0.11,-0.1978,4,5,1
u00461,freelancer,78111.85,0.2219,-0.0553,0.0051,0.0494,5.75,0.433,0,0,0
u00462,small_biz,198871.68,0.1984,-0.0596,0.0209,0.1176,6.32,0.3917,0,1,0
u00463,freelancer,45636.02,0.4109,0.0037,-0.012,0.0233,2.84,0.1905,0,2,0
u00464,small_biz,140364.8,0.3192,0.0501,0.0551,0.2053,1.17,-0.1357,1,5,1
u00465,freelancer,66062.58,0.239,-0.0319,0.0442,0.0905,6.68,0.4729,0,0,0
u00466,small_biz,83522.32,0.3148,0.0094,0.0105,0.1352,1.17,-0.2049,2,5,0
u00467,salaried,66963.07,0.0607,0.0213,0.0935,0.2469,0.4,-0.3864,3,6,1
u00468,salaried,74067.16,0.0447,0.0107,0.0443,0.3453,2.74,-0.1396,4,6,0
u00469,small_biz,93346.48,0.2185,-0.0606,-0.0291,0.2873,0.01,-0.369,0,6,1
u00470,salaried,58435.69,0.069,0.0066,-0.0061,0.407,1.07,-0.2671,1,6,1
u00471,small_biz,88964.49,0.4037,-0.0433,0.0036,0.1986,-0.33,-0.5603,0,6,1
u00472,freelancer,38208.21,0.243,-0.0338,0.0152,0.0773,-0.55,-0.1915,4,5,1
u00473,small_biz,172811.86,0.4478,-0.2338,0.021,0.0876,5.64,0.3471,0,2,0
u00474,small_biz,197033.17,0.2458,0.1256,0.0233,0.0835,6.84,0.4004,0,0,0
u00475,small_biz,91659.36,0.3957,0.0441,0.0267,0.2748,0.08,-0.8273,3,6,1
u00476,salaried,115350.76,0.035,-0.0073,0.0599,0.1774,7.48,0.3842,0,0,0
u00477,freelancer,85303.84,0.4247,-0.2279,0.1091,0.0856,5.96,0.4718,0,1,0
u00478,small_biz,101241.35,0.2782,0.1338,0.0106,0.2634,-0.59,-0.5014,1,5,1
u00479,small_biz,196505.66,0.231,-0.0639,0.0411,0.1376,5.97,0.4231,0,0,0
u00480,small_biz,217073.08,0.3172,0.1206,0.0121,0.0614,5.99,0.4108,1,1,0
u00481,freelancer,75390.0,0.2117,0.0478,0.0449,0.105,6.38,0.4956,0,0,0
u00482,salaried,62032.56,0.0626,0.0148,0.0234,0.3604,0.85,-0.3184,0,6,1
u00483,freelancer,55704.66,0.3248,0.0062,0.0203,0.1246,0.52,-0.0204,2,4,1
u00484,small_biz,98913.95,0.4479,-0.1623,0.0002,0.2218,-0.81,-0.9254,1,6,1
u00485,freelancer,48263.49,0.2807,0.0885,0.0428,0.1205,1.97,0.0934,1,3,0
u00486,small_biz,171246.42,0.4,-0.0323,0.0337,0.1463,2.31,0.1321,2,3,0
u00487,salaried,75999.01,0.0144,0.0024,0.0602,0.1353,2.95,0.0954,0,0,0
u00488,small_biz,95043.19,0.2777,-0.1234,0.06,0.206,1.66,-0.2031,2,5,1
u00489,freelancer,50530.58,0.4615,0.1243,0.0431,0.1284,0.67,-0.0072,0,2,1
u00490,salaried,110820.89,0.0334,0.0134,0.0173,0.1814,3.25,0.2399,1,1,0
u00491,salaried,73342.91,0.0196,-0.0,-0.0288,0.1775,1.6,-0.0137,0,1,0
u00492,salaried,57493.19,0.0434,-0.0138,0.0585,0.5756,0.92,-0.4875,2,6,1
u00493,freelancer,70965.71,0.5791,-0.2194,0.1388,0.0005,4.06,0.281,2,2,0
u00494,salaried,115742.09,0.0343,0.0017,0.0549,0.1811,4.11,0.2235,1,1,0
u00495,salaried,79152.56,0.0704,0.0335,0.0713,0.2833,3.3,-0.0609,2,5,0
u00496,salaried,102094.9,0.0418,-0.0042,0.0408,0.1435,6.09,0.2702,0,0,0
u00497,small_biz,221390.55,0.2187,-0.0174,0.0654,0.0698,3.13,0.2276,0,1,0
u00498,freelancer,61012.57,0.3646,-0.0763,0.0578,0.055,3.44,0.3101,0,1,0
u00499,small_biz,170845.45,0.3635,-0.0382,0.0388,0.113,4.89,0.3096,0,1,0
u00500,small_biz,211955.77,0.2942,-0.1055,0.0023,0.1202,7.73,0.5274,0,1,0
u00501,small_biz,179500.13,0.2628,0.0314,0.0198,0.0721,5.72,0.3422,2,2,0
u00502,small_biz,201544.49,0.2272,0.0062,0.0802,0.1442,3.44,0.106,1,2,0
u00503,freelancer,56003.34,0.1634,-0.0259,-0.0351,0.1185,2.26,0.2199,1,1,0
u00504,salaried,90969.85,0.0797,-0.0181,0.2068,0.3805,0.9,-0.3595,1,6,1
u00505,salaried,108450.08,0.0204,0.0042,0.0236,0.0927,2.57,0.1437,0,2,0
u00506,freelancer,55900.83,0.2758,-0.0732,-0.0092,0.0939,2.05,0.1954,1,1,0
u00507,salaried,120531.38,0.0567,-0.0066,0.0536,0.1857,7.8,0.4332,0,0,0
u00508,freelancer,45903.44,0.2945,-0.0805,-0.0084,0.1098,4.22,0.3465,0,0,0
u00509,small_biz,160432.77,0.0866,-0.0363,0.0398,0.1468,2.42,0.0611,0,2,0
u00510,freelancer,83537.53,0.1942,-0.0555,0.1013,0.0415,3.47,0.2358,1,2,0
u00511,freelancer,73321.3,0.5122,-0.1932,0.0171,0.0507,5.87,0.4144,2,2,0
u00512,freelancer,41972.75,0.3465,-0.0439,0.0813,0.0959,0.99,-0.0603,1,3,0
u00513,salaried,71288.12,0.0327,-0.0,0.0032,0.4017,0.74,-0.6644,2,6,1
u00514,small_biz,210891.69,0.1848,0.0055,0.0415,0.0825,6.0,0.3871,0,0,0
u00515,small_biz,147290.69,0.1603,0.0341,0.0516,0.1879,1.48,-0.0899,3,4,0
u00516,salaried,80401.01,0.0417,-0.0013,-0.0318,0.1973,5.02,0.2838,0,0,0
u00517,freelancer,64209.94,0.5479,-0.1231,0.0198,0.0926,4.23,0.3747,0,2,0
u00518,salaried,105550.57,0.0238,-0.0001,-0.017,0.2412,2.25,0.0672,1,1,0
u00519,salaried,82943.81,0.0416,0.0003,0.0071,0.2712,4.45,0.1935,0,0,0
u00520,freelancer,55950.17,0.2097,-0.0015,-0.0397,0.0929,2.71,0.1712,0,1,0
u00521,salaried,91461.05,0.0467,0.0015,0.0525,0.3149,3.75,0.0489,0,1,0
u00522,small_biz,158655.3,0.1141,-0.0176,0.0658,0.1048,4.84,0.3424,0,0,0
u00523,small_biz,198042.68,0.0629,0.0101,0.0788,0.1164,3.4,0.1706,0,0,0
u00524,salaried,79114.59,0.0443,0.0209,-0.0051,0.275,4.82,0.1719,0,0,0
u00525,freelancer,46815.59,0.4641,0.1305,0.0314,0.0819,2.41,0.2565,1,2,0
u00526,salaried,102647.13,0.0622,0.0165,0.0344,0.2596,2.17,0.0354,2,2,0
u00527,freelancer,54355.81,0.15,-0.0543,-0.013,0.0141,1.66,0.1148,1,2,0
u00528,small_biz,148233.76,0.2131,-0.0612,0.0263,0.0817,3.1,0.239,0,1,0
u00529,freelancer,49807.32,0.3371,-0.1049,0.0636,0.0722,0.84,-0.1077,2,4,0
u00530,small_biz,104299.6,0.3084,0.043,-0.0119,0.2737,-0.12,-0.3902,3,5,1
u00531,small_biz,160105.14,0.3448,0.0532,0.0132,0.153,2.87,0.1976,1,2,0
u00532,salaried,119731.62,0.0784,0.0204,0.0255,0.2013,5.46,0.2023,0,1,0
u00533,freelancer,74658.71,0.5518,-0.0401,0.0835,0.0607,4.79,0.4114,0,1,0
u00534,salaried,101741.75,0.0228,0.0057,0.1077,0.1922,2.75,0.1968,0,0,0
u00535,freelancer,42753.66,0.3861,-0.058,0.0662,0.0661,0.23,-0.0845,2,5,1
u00536,freelancer,51483.33,0.2468,-0.0337,0.1269,0.1119,0.13,-0.1482,1,3,1
u00537,freelancer,64345.99,0.123,0.0023,0.0896,0.0005,4.75,0.3628,0,0,0
u00538,freelancer,58214.63,0.3855,-0.0814,0.0577,0.0629,2.91,0.2631,1,2,0
u00539,salaried,94652.28,0.0894,0.0287,0.0085,0.1879,3.3,0.2206,0,0,0
u00540,salaried,92605.05,0.0401,-0.0012,0.021,0.1712,3.5,-0.0538,1,2,0
u00541,small_biz,103361.18,0.2658,-0.1312,0.0742,0.1594,-0.34,-0.3567,2,6,1
u00542,salaried,100371.72,0.0434,-0.014,0.1419,0.1413,3.92,0.2078,0,1,0
u00543,freelancer,63807.67,0.1833,-0.0523,0.0309,0.0042,7.14,0.5237,0,0,0
u00544,freelancer,51200.19,0.2407,0.0189,0.0736,0.1495,0.31,-0.0381,1,3,1
u00545,freelancer,63970.1,0.1893,0.0327,0.059,0.028,2.49,0.2321,0,1,0
u00546,freelancer,82210.08,0.3652,-0.0163,0.1097,0.0584,6.63,0.4786,0,0,0
u00547,small_biz,152598.12,0.3813,-0.1208,0.0387,0.1301,0.81,-0.1923,1,5,0
u00548,salaried,51027.63,0.0372,0.0016,0.0993,0.4117,-0.83,-0.6282,5,6,1
u00549,salaried,96640.67,0.0397,0.0029,0.0461,0.354,2.84,-0.0721,2,3,0
u00550,small_biz,167038.99,0.4458,0.0215,-0.0135,0.0713,3.48,0.2065,0,2,0
u00551,freelancer,39835.88,0.2789,-0.1417,0.0027,0.0634,2.51,0.1881,1,2,0
u00552,small_biz,194911.54,0.3,-0.1171,0.0209,0.0514,7.85,0.4939,0,0,0
u00553,salaried,56899.69,0.0594,0.0159,-0.028,0.457,1.54,-0.4354,3,6,0
u00554,freelancer,51914.08,0.3642,-0.0733,0.0196,0.1097,2.6,0.1538,0,2,0
u00555,small_biz,192677.54,0.2592,0.0354,0.0121,0.1361,3.19,0.1776,0,1,0
u00556,small_biz,96673.82,0.3527,-0.0125,0.0219,0.1932,0.82,-0.5188,1,6,0
u00557,freelancer,41427.85,0.2611,-0.0328,0.0335,0.0813,1.49,0.1349,0,3,0
u00558,small_biz,202792.14,0.2439,0.0014,0.0927,0.0648,4.88,0.2334,1,1,0
u00559,salaried,113164.95,0.0287,-0.0139,0.1034,0.2335,3.82,0.076,0,2,0
u00560,freelancer,54489.11,0.3037,-0.0197,0.0817,0.1095,0.57,-0.0644,0,3,1
u00561,small_biz,228018.45,0.3026,-0.071,0.033,0.1021,6.5,0.433,0,0,0
u00562,freelancer,67503.07,0.2058,-0.0579,0.0223,0.1053,3.33,0.2738,1,1,0
u00563,small_biz,143865.23,0.3556,-0.1133,0.0054,0.0801,2.97,0.0229,2,4,0
u00564,freelancer,81571.72,0.2533,-0.0415,0.0457,0.007,5.98,0.4672,0,0,0
u00565,salaried,76105.19,0.0582,-0.0002,0.041,0.3692,-0.41,-0.4538,3,6,1
u00566,small_biz,77068.39,0.2668,0.0236,0.0318,0.1614,0.36,-0.3712,3,6,1
u00567,salaried,108098.39,0.0877,0.0211,0.06,0.1306,4.58,0.2613,0,1,0
u00568,salaried,99453.49,0.0726,0.0228,0.0472,0.3116,1.19,0.0039,1,3,0
u00569,salaried,97198.48,0.025,0.0107,-0.0573,0.2902,1.61,0.0547,1,1,0
u00570,small_biz,171088.69,0.4223,0.018,0.0463,0.1564,2.71,0.2126,0,2,0
u00571,small_biz,114668.0,0.4406,-0.2083,0.0456,0.135,4.04,0.2044,0,2,0
u00572,freelancer,77005.36,0.25,-0.1224,-0.001,0.0299,5.44,0.4307,0,0,0
u00573,small_biz,115326.84,0.1897,0.027,0.0433,0.1481,1.02,-0.2054,3,5,1
u00574,freelancer,70989.44,0.3653,-0.0865,0.0625,0.0432,6.53,0.4289,0,2,0
u00575,freelancer,21783.42,0.3017,0.0278,0.0791,0.2853,-2.08,-1.0788,5,6,1
u00576,salaried,78854.08,0.0215,-0.0028,0.067,0.3031,2.35,-0.094,3,6,0
u00577,freelancer,64090.28,0.3291,0.1337,0.0016,0.1157,2.57,0.227,1,1,0
u00578,freelancer,43941.4,0.2434,-0.0506,-0.0316,0.1313,0.04,-0.3089,2,5,0
u00579,small_biz,101956.42,0.312,-0.0886,-0.0135,0.1923,0.19,-0.3156,2,5,1
u00580,salaried,66804.03,0.0692,-0.0136,0.035,0.2655,1.78,-0.1663,2,5,0
u00581,salaried,85660.38,0.0637,-0.0182,0.0103,0.1902,2.99,-0.0599,3,5,0
u00582,salaried,94350.68,0.0685,0.005,0.0273,0.1334,6.43,0.3155,0,0,0
u00583,salaried,60805.59,0.0301,0.0089,0.0601,0.2783,-1.23,-0.6273,2,6,1
u00584,freelancer,47668.22,0.1449,-0.0402,0.0168,0.1615,1.98,0.072,1,2,0
u00585,freelancer,53837.8,0.2519,-0.0742,0.0204,0.1186,1.21,0.0814,3,3,0
u00586,salaried,87880.81,0.0503,0.0179,0.1786,0.1979,1.29,-0.2476,2,6,1
u00587,salaried,79122.04,0.0256,-0.0117,0.0348,0.3171,-0.77,-0.452,2,6,1
u00588,small_biz,231748.32,0.4188,0.0561,-0.0271,0.0924,5.24,0.2877,0,1,0
u00589,salaried,58937.18,0.0604,-0.0274,0.0572,0.5649,0.19,-0.6871,3,6,1
u00590,small_biz,99811.23,0.0857,-0.0069,0.0519,0.2665,1.95,-0.1328,1,5,1
u00591,freelancer,62291.58,0.3839,-0.1197,0.0521,0.0573,2.17,0.1966,1,2,0
u00592,salaried,89305.05,0.028,-0.0058,0.0172,0.2018,4.12,0.0806,0,0,0
u00593,freelancer,55236.58,0.2068,0.0044,0.1795,0.015,3.27,0.2619,1,1,0
u00594,small_biz,149157.41,0.4383,-0.0344,0.0434,0.0743,1.5,0.0029,2,3,0
u00595,small_biz,137085.74,0.242,0.0527,0.0686,0.1635,2.01,0.032,0,1,0
u00596,salaried,69623.15,0.0666,-0.0335,0.0138,0.2874,0.15,-0.1972,5,6,1
u00597,salaried,84027.32,0.0458,-0.0152,0.0429,0.3546,2.81,-0.3093,3,6,0
u00598,small_biz,178483.43,0.1972,0.0162,0.0211,0.1628,3.67,0.2695,0,0,0
u00599,salaried,91169.31,0.0399,0.002,-0.0043,0.2219,5.86,0.2541,0,0,0
u00600,small_biz,126990.22,0.2233,-0.04,0.042,0.1116,0.76,-0.0652,2,3,0
u00601,freelancer,77436.16,0.1743,-0.0228,0.1017,0.0519,3.2,0.2781,0,0,0
u00602,freelancer,48797.54,0.2287,0.0639,0.0835,0.0527,2.61,0.2039,1,1,0
u00603,salaried,118075.01,0.02,0.0008,0.0409,0.1696,5.88,0.2625,0,0,0
u00604,freelancer,41111.12,0.1323,0.0508,-0.0034,0.177,0.61,-0.0062,0,2,1
u00605,freelancer,54713.55,0.3239,0.0474,0.0559,0.0101,3.85,0.2833,0,2,0
u00606,small_biz,152788.37,0.2978,0.1499,0.049,0.0914,0.99,-0.0282,2,3,1
u00607,salaried,62406.83,0.0529,-0.0017,-0.0059,0.4252,1.0,-0.447,3,6,1
u00608,freelancer,37217.37,0.7739,-0.0413,0.0834,0.0279,1.04,0.0021,1,3,0
u00609,small_biz,224675.68,0.3089,-0.0454,-0.0239,0.0474,7.87,0.5125,0,1,0
u00610,salaried,84622.94,0.0307,0.0126,0.0419,0.2945,1.43,-0.1663,2,6,0
u00611,freelancer,62943.64,0.1961,-0.0527,0.0524,0.0777,1.44,0.1581,1,2,0
u00612,small_biz,130091.62,0.4111,0.1951,0.0532,0.132,1.52,0.0316,2,4,1
u00613,salaried,122622.84,0.0313,-0.0005,0.0263,0.1277,6.47,0.3483,0,0,0
u00614,freelancer,40028.11,0.2912,0.0597,0.0041,0.148,-0.38,-0.1422,0,5,1
u00615,small_biz,137291.36,0.3541,0.1829,0.0676,0.2024,4.12,0.2707,1,1,0
u00616,small_biz,121558.56,0.3455,-0.0614,0.0423,0.2338,1.1,-0.4408,2,5,1
u00617,salaried,113751.58,0.0452,0.0059,0.0327,0.1671,3.63,0.2843,0,0,0
u00618,small_biz,96592.45,0.2501,-0.0701,0.1026,0.2127,0.5,-0.3471,2,4,1
u00619,freelancer,48731.52,0.2514,-0.0473,0.0156,0.0686,1.43,0.0459,0,2,0
u00620,freelancer,45202.01,0.262,-0.0225,0.0579,0.0738,2.41,0.172,1,1,0
u00621,freelancer,37668.47,0.4478,-0.1573,0.039,0.0586,1.53,0.0248,1,2,1
u00622,small_biz,177171.91,0.1106,-0.0436,0.027,0.107,0.24,-0.2124,0,5,1
u00623,small_biz,93698.96,0.2474,-0.0715,0.0357,0.1783,0.55,-0.4011,4,6,1
u00624,salaried,100983.31,0.0551,0.0038,0.0222,0.1474,5.21,0.1892,0,1,0
u00625,small_biz,140917.1,0.3084,0.0607,0.0542,0.0735,2.33,0.1591,1,2,0
u00626,small_biz,96833.01,0.2575,0.1078,0.1017,0.1778,0.93,-0.3146,1,5,1
u00627,freelancer,85834.44,0.1794,0.0804,0.0476,0.0447,8.89,0.5392,0,0,0
u00628,small_biz,159453.06,0.1824,-0.0781,-0.0029,0.1045,1.49,-0.0334,2,3,0
u00629,freelancer,47119.8,0.3771,-0.0757,0.0361,0.1233,-0.58,-0.2103,3,5,1
u00630,salaried,63976.76,0.0476,-0.0016,0.0686,0.4098,0.86,-0.4509,2,6,1
u00631,freelancer,52728.67,0.5485,-0.0886,0.1054,0.1077,0.72,-0.048,2,4,1
u00632,small_biz,98173.67,0.3971,-0.1949,0.0827,0.3019,0.97,-0.2515,1,4,1
u00633,small_biz,150693.21,0.3765,-0.1124,0.076,0.1852,4.01,0.2298,0,1,0
u00634,salaried,111832.35,0.0524,0.025,0.0391,0.2249,5.03,0.2372,0,0,0
u00635,salaried,96456.56,0.0308,0.0072,0.1164,0.2757,3.27,0.0196,2,3,0
u00636,salaried,51494.26,0.0362,0.0039,0.0178,0.5007,-1.02,-0.8055,1,6,1
u00637,freelancer,28682.91,0.2703,-0.025,0.0546,0.1368,-0.93,-0.568,0,6,1
u00638,freelancer,55465.11,0.3472,0.0294,0.0796,0.009,7.2,0.5021,0,1,0
u00639,freelancer,46038.5,0.2469,0.051,-0.0017,0.1495,1.6,0.0498,1,2,0
u00640,freelancer,52732.86,0.3591,0.0309,-0.0207,0.1478,1.03,0.0393,1,2,0
u00641,small_biz,173935.92,0.3595,0.0542,-0.0121,0.0822,2.87,0.2184,1,1,0
u00642,freelancer,90816.34,0.3435,0.0365,0.0261,0.0771,7.95,0.4946,0,1,0
u00643,salaried,117595.73,0.04,0.0059,0.0303,0.2673,5.0,0.3191,0,0,0
u00644,freelancer,64590.96,0.3777,-0.0643,0.0568,0.0403,5.63,0.4089,0,1,0
u00645,salaried,103724.01,0.067,0.0122,0.0366,0.3224,4.46,0.1794,0,0,0
u00646,small_biz,112063.97,0.3907,-0.1646,0.0,0.1951,1.28,-0.1472,2,4,1
u00647,freelancer,53133.7,0.2918,-0.0402,0.0886,0.0981,3.85,0.3315,0,1,0
u00648,freelancer,64576.24,0.3449,-0.1435,0.0167,0.0998,1.84,0.1347,0,3,0
u00649,small_biz,158614.42,0.2978,-0.1022,0.0452,0.1412,2.38,0.0604,0,2,0
u00650,freelancer,76261.77,0.3307,0.0155,0.0241,0.0359,5.26,0.3808,0,1,0
u00651,small_biz,164201.02,0.3955,0.1087,0.0251,0.0996,-0.07,-0.2015,0,3,1
u00652,small_biz,201514.68,0.2394,0.0269,0.0549,0.0917,5.56,0.3553,0,1,0
u00653,freelancer,46740.29,0.5374,-0.2844,0.0486,0.0298,2.38,0.1771,1,2,0
u00654,small_biz,177392.66,0.3925,0.1208,-0.008,0.0931,1.44,-0.2512,1,3,0
u00655,salaried,102335.93,0.042,-0.0105,0.1284,0.1959,4.39,0.2432,0,0,0
u00656,salaried,77070.41,0.0569,-0.021,0.0445,0.2912,1.69,-0.3227,0,6,0
u00657,freelancer,86149.77,0.4547,0.0772,0.0503,0.0405,7.56,0.5331,1,1,0
u00658,small_biz,187838.87,0.2652,0.1252,0.0568,0.0812,5.09,0.3104,1,1,0
u00659,freelancer,65220.36,0.2567,-0.0035,0.0253,0.0091,10.17,0.6098,0,0,0
u00660,freelancer,29601.94,0.3554,-0.1264,0.0038,0.0599,-3.26,-0.8755,1,5,1
u00661,freelancer,74615.02,0.252,0.0576,0.0783,0.0688,4.18,0.3515,0,0,0
u00662,small_biz,146705.23,0.4376,-0.1475,0.076,0.1784,5.02,0.3017,1,2,0
u00663,salaried,64435.73,0.0481,-0.0162,-0.0067,0.5394,1.77,-0.4273,1,6,1
u00664,small_biz,143236.69,0.2482,0.0278,0.0356,0.1932,0.21,-0.2452,1,5,1
u00665,salaried,60651.78,0.0287,-0.0147,0.0231,0.3751,-0.06,-0.2401,0,6,1
u00666,small_biz,140366.52,0.2874,0.0409,-0.0327,0.1327,1.85,0.0383,2,3,0
u00667,salaried,52865.04,0.0102,-0.004,0.1093,0.4829,0.73,-0.289,2,6,1
u00668,small_biz,111975.04,0.3367,-0.0827,0.0017,0.1316,4.13,0.2077,0,2,0
u00669,freelancer,65952.9,0.3743,-0.1136,0.0289,0.0651,1.91,0.1372,2,3,0
u00670,small_biz,224521.32,0.3979,0.0857,0.0654,0.0967,5.74,0.3774,0,1,0
u00671,salaried,63987.91,0.0243,-0.0117,0.0901,0.5282,-0.85,-0.521,2,6,1
u00672,salaried,56024.83,0.0618,-0.0128,0.0309,0.6209,1.12,-0.8814,2,6,1
u00673,small_biz,115525.92,0.2803,0.009,-0.0081,0.1304,1.35,-0.0141,0,3,0
u00674,salaried,73922.85,0.0306,-0.0112,0.0285,0.4614,1.07,-0.1197,2,6,0
u00675,salaried,69879.0,0.0576,-0.0044,0.0823,0.2635,0.15,-0.2739,2,6,1
u00676,freelancer,73026.3,0.2355,0.0898,0.0983,0.0005,5.5,0.3394,0,2,0
u00677,freelancer,52144.36,0.2393,-0.028,0.0211,0.068,1.37,-0.0014,1,3,1
u00678,small_biz,157177.09,0.2834,0.0202,0.0128,0.0734,3.91,0.2693,0,2,0
u00679,freelancer,82128.39,0.3504,0.0923,-0.0278,0.0704,6.49,0.4589,0,0,0
u00680,salaried,99775.32,0.0826,-0.0409,0.1383,0.1352,4.15,0.1577,1,1,0
u00681,small_biz,93187.55,0.5658,0.0582,0.0272,0.1245,-1.82,-0.7029,1,5,1
u00682,small_biz,84376.48,0.3362,-0.0038,0.0114,0.173,-0.46,-1.083,2,6,1
u00683,small_biz,128441.12,0.203,-0.0237,0.0295,0.1874,-0.34,-0.3638,2,6,1
u00684,small_biz,205833.83,0.1065,0.0241,0.0406,0.1107,3.37,0.1965,0,0,0
u00685,freelancer,50566.6,0.3785,0.0493,0.0498,0.0474,4.46,0.3817,0,1,0
u00686,salaried,82053.7,0.093,0.0439,0.0072,0.4058,2.87,0.0872,2,2,0
u00687,small_biz,152253.85,0.2376,0.0772,0.0418,0.0963,4.6,0.286,1,1,0
u00688,salaried,65968.82,0.0393,0.013,0.0438,0.4879,1.52,-0.3006,2,6,1
u00689,freelancer,56890.75,0.2674,0.0644,0.0571,0.1134,0.63,-0.0249,1,3,1
u00690,salaried,111751.89,0.0766,0.035,0.101,0.2957,1.41,-0.0416,1,4,0
u00691,small_biz,180293.7,0.181,0.0688,0.0095,0.0949,3.88,0.1523,0,2,0
u00692,salaried,113423.88,0.0475,0.0047,0.0046,0.1195,7.87,0.4164,0,0,0
u00693,small_biz,176779.98,0.456,0.0775,0.0275,0.1116,3.05,0.174,2,3,0
u00694,salaried,64870.76,0.071,-0.0233,0.1082,0.4638,-0.82,-0.4539,3,6,1
u00695,freelancer,36858.99,0.3575,0.1591,0.0764,0.0664,-1.12,-0.3518,2,5,1
u00696,small_biz,111242.15,0.2942,0.0194,0.0202,0.1889,0.03,-0.1925,4,5,0
u00697,freelancer,72323.52,0.3578,0.0795,0.0198,0.0067,7.29,0.5379,0,1,0
u00698,small_biz,146468.72,0.2139,-0.0159,0.0286,0.1591,1.52,-0.1561,1,4,0
u00699,freelancer,60633.13,0.3191,0.0359,-0.0061,0.0683,1.42,0.0223,2,3,0
u00700,small_biz,139504.45,0.3692,-0.05,0.0013,0.1891,0.97,-0.0579,0,3,0
u00701,freelancer,43581.38,0.2869,-0.1051,0.0023,0.1307,-0.7,-0.3555,3,5,1
u00702,freelancer,76968.69,0.2752,0.0723,0.0748,0.0844,7.27,0.5284,0,0,0
u00703,freelancer,45251.73,0.3962,-0.1562,-0.0026,0.1756,2.12,0.1276,0,1,0
u00704,small_biz,116493.31,0.2489,0.0116,0.0422,0.1585,1.62,-0.1099,1,4,0
u00705,freelancer,88542.98,0.2124,0.0017,-0.0018,0.068,5.27,0.4048,0,1,0
u00706,freelancer,46059.78,0.3546,0.0904,0.0248,0.0926,1.95,0.0928,2,4,0
u00707,salaried,106429.35,0.0382,-0.0052,0.0925,0.1518,1.96,-0.0533,1,2,0
u00708,salaried,109001.3,0.0422,0.0055,0.0078,0.1603,5.43,0.3193,0,0,0
u00709,freelancer,43570.97,0.191,0.0046,0.0603,0.0879,0.8,-0.1045,1,5,1
u00710,small_biz,239931.23,0.2602,0.0773,-0.0241,0.0627,4.63,0.2928,1,2,0
u00711,freelancer,57464.82,0.3764,-0.0875,0.1196,0.0905,1.57,0.1592,2,3,0
u00712,salaried,111487.69,0.0624,0.0228,0.0814,0.1538,6.01,0.3634,0,0,0
u00713,small_biz,145791.92,0.1135,-0.0306,0.0349,0.1697,1.14,-0.2899,1,5,1
u00714,salaried,75182.85,0.0297,0.0115,0.1883,0.2115,2.13,0.0172,1,2,0
u00715,salaried,79280.76,0.0136,0.001,0.0272,0.3446,1.65,-0.0616,3,6,0
u00716,small_biz,89945.46,0.4251,0.1009,0.0113,0.2555,-0.29,-0.3019,4,5,1
u00717,salaried,104776.21,0.0485,0.0064,-0.0131,0.3117,0.63,-0.1343,3,6,1
u00718,salaried,69434.6,0.064,0.0242,0.1242,0.2881,0.87,-0.1939,3,6,1
u00719,salaried,58813.64,0.0634,-0.0333,0.0156,0.4135,1.57,-0.5203,3,6,1
u00720,small_biz,150525.71,0.3131,0.0954,0.0079,0.132,2.23,-0.0178,0,3,0
u00721,freelancer,40852.3,0.3981,-0.0193,0.0354,0.1739,-1.14,-0.4254,1,4,1
u00722,small_biz,147603.51,0.2787,0.0528,0.082,0.1632,1.63,-0.1751,3,5,0
u00723,small_biz,181813.32,0.5038,-0.1268,-0.0295,0.1371,3.56,0.2057,1,3,0
u00724,small_biz,199214.58,0.1921,-0.0437,0.0664,0.0731,5.7,0.3609,0,1,0
u00725,small_biz,132647.17,0.2521,0.1154,0.0782,0.1857,0.27,-0.3026,2,5,1
u00726,freelancer,68552.3,0.1298,-0.0026,0.003,0.0842,3.86,0.3248,1,1,0
u00727,freelancer,45099.31,0.3208,-0.1435,-0.0137,0.0445,3.67,0.2951,0,0,0
u00728,small_biz,167306.12,0.2808,-0.0993,0.0447,0.0928,2.04,0.1412,1,2,0
u00729,small_biz,198977.73,0.2523,0.1313,-0.0116,0.1245,7.18,0.4271,0,1,0
u00730,salaried,88099.39,0.0238,0.005,-0.0022,0.2101,1.08,-0.2653,2,6,1
u00731,freelancer,57551.32,0.1138,-0.0521,-0.0519,0.003,2.33,0.2189,0,1,0
u00732,salaried,75193.38,0.0882,-0.0235,0.0667,0.3175,0.36,-0.4034,3,6,1
u00733,salaried,73777.01,0.0691,0.0173,0.0847,0.2932,2.36,-0.1222,1,5,0
u00734,freelancer,51503.78,0.3342,-0.1317,0.1211,0.015,2.35,0.1607,1,3,0
u00735,freelancer,50829.64,0.3318,0.1195,-0.0278,0.0254,2.37,0.1004,1,2,0
u00736,freelancer,76163.38,0.1953,0.0412,0.0708,0.0272,4.55,0.3531,0,1,0
u00737,freelancer,87623.57,0.2999,0.171,0.007,0.0346,10.57,0.6087,0,0,0
u00738,small_biz,189118.76,0.4654,-0.1378,0.0545,0.0775,2.94,0.1151,1,2,0
u00739,salaried,69605.04,0.0291,0.0074,0.0442,0.2291,2.82,-0.2153,1,6,0
u00740,freelancer,38820.19,0.4492,-0.0756,0.027,0.0052,1.94,0.1442,0,3,0
u00741,small_biz,194264.7,0.2467,0.0652,0.0035,0.1349,3.71,0.1357,3,3,0
u00742,salaried,106713.22,0.0184,0.0016,0.0769,0.2468,2.73,0.1554,0,0,0
u00743,salaried,60547.95,0.0499,0.0194,0.0361,0.2375,1.08,-0.204,4,6,0
u00744,freelancer,36924.3,0.7243,-0.196,0.0452,0.1322,0.06,-0.1926,0,3,0
u00745,small_biz,133026.93,0.3743,0.1137,0.0824,0.0794,2.52,0.0462,2,3,0
u00746,freelancer,66161.42,0.1787,0.0004,0.0284,0.0949,4.92,0.4231,0,0,0
u00747,freelancer,80026.68,0.3622,-0.1461,0.0162,0.0249,7.52,0.5432,1,1,0
u00748,salaried,117814.13,0.0527,-0.0048,0.049,0.1339,4.25,0.1852,0,0,0
u00749,freelancer,53644.14,0.3292,-0.1138,0.0356,0.0144,3.17,0.2933,0,1,0
u00750,freelancer,44574.65,0.4789,0.0929,0.0683,0.0563,0.96,0.0659,2,3,1
u00751,freelancer,70484.84,0.3091,-0.1261,0.0582,0.0918,3.25,0.2471,0,1,0
u00752,small_biz,205766.35,0.2262,-0.1071,0.086,0.1079,3.45,0.1055,1,2,0
u00753,freelancer,37474.47,0.4566,-0.0203,0.0612,0.0416,1.29,-0.0071,2,3,0
u00754,freelancer,80834.12,0.2085,-0.0288,0.0181,0.089,9.14,0.565,0,0,0
u00755,salaried,88830.94,0.0397,0.0015,0.044,0.3618,2.92,0.057,1,1,0
u00756,freelancer,43584.86,0.3138,-0.1162,0.0393,0.0667,2.96,0.2782,0,1,0
u00757,small_biz,130020.85,0.4122,0.0008,0.0268,0.1703,-0.26,-0.3442,2,4,1
u00758,freelancer,48887.48,0.3012,-0.103,0.0012,0.0833,1.14,-0.0114,1,2,1
u00759,freelancer,51526.14,0.3581,-0.0166,0.0692,0.0255,0.97,-0.0486,1,2,0
u00760,small_biz,146067.57,0.0849,0.0142,0.0056,0.192,2.81,0.2316,0,0,0
u00761,small_biz,180779.72,0.1719,-0.0065,-0.0149,0.1241,5.16,0.3857,0,0,0
u00762,freelancer,60018.23,0.5028,-0.2422,0.0112,0.0656,1.71,0.0525,1,3,1
u00763,freelancer,38345.94,0.3518,-0.0255,0.0474,0.1567,1.4,0.034,0,3,0
u00764,salaried,94594.69,0.1321,0.0237,0.0077,0.3653,4.06,0.0998,0,1,0
u00765,salaried,82283.47,0.1117,-0.0085,-0.0148,0.1922,1.14,-0.185,1,5,0
u00766,salaried,76485.81,0.0418,0.0061,0.1214,0.2116,2.09,-0.1771,2,6,1
u00767,freelancer,36309.92,0.2495,-0.0432,0.0527,0.1774,-1.09,-0.6169,5,6,1
u00768,freelancer,83230.47,0.25,0.0103,0.1061,0.0562,7.85,0.539,0,0,0
u00769,freelancer,67181.48,0.0972,0.0339,0.033,0.0454,6.14,0.4849,0,0,0
u00770,freelancer,56111.96,0.4645,0.1189,0.0629,0.1133,3.21,0.2356,0,1,0
u00771,freelancer,49231.08,0.3542,-0.2021,0.0637,0.0162,4.68,0.3582,2,2,0
u00772,freelancer,43419.32,0.2296,0.0899,0.1165,0.0754,-2.09,-0.4342,1,4,1
u00773,freelancer,72816.19,0.2701,0.0366,0.0533,0.0877,3.44,0.2617,0,1,0
u00774,freelancer,48927.87,0.1879,0.0708,-0.0014,0.1128,1.23,0.0307,0,3,1
u00775,small_biz,202512.82,0.3639,-0.0254,0.0749,0.1085,6.1,0.456,1,1,0
u00776,salaried,115389.46,0.0213,-0.0037,-0.0183,0.0974,7.0,0.4037,1,1,0
u00777,freelancer,74017.42,0.2717,0.056,0.0311,0.0332,5.8,0.4227,0,0,0
u00778,salaried,51442.39,0.0317,-0.0127,0.0996,0.492,-1.0,-0.7144,1,6,1
u00779,salaried,53468.0,0.018,0.0083,0.0078,0.3491,1.26,-0.9991,4,6,1
u00780,salaried,58138.73,0.0128,-0.0002,0.0804,0.5743,1.73,-0.4973,1,6,1
u00781,freelancer,53304.74,0.2507,-0.0653,-0.0209,0.1021,2.57,0.1483,0,2,0
u00782,salaried,81996.44,0.0434,-0.0014,0.0443,0.2035,0.73,-0.266,5,6,1
u00783,freelancer,54494.99,0.1954,-0.0074,0.0504,0.0263,4.3,0.3586,1,1,0
u00784,salaried,64462.12,0.0759,-0.0235,0.072,0.358,0.55,-0.1363,2,5,1
u00785,freelancer,42731.95,0.199,0.0285,0.0654,0.0852,2.03,0.1796,1,1,0
u00786,small_biz,136479.71,0.4942,0.0572,0.0476,0.1873,1.91,0.0662,2,3,0
u00787,freelancer,68909.88,0.2895,0.146,0.1119,0.0481,3.33,0.2894,0,1,0
u00788,small_biz,92631.78,0.159,0.0407,0.0263,0.1957,-0.22,-0.5934,4,6,1
u00789,salaried,55154.76,0.0286,-0.0048,0.0971,0.5334,0.73,-0.4751,3,6,1
u00790,small_biz,128107.51,0.0996,-0.0409,0.037,0.1821,1.93,-0.099,1,3,0
u00791,freelancer,36611.54,0.2767,-0.0977,0.0701,0.2087,0.31,-0.0928,0,2,1
u00792,freelancer,47156.59,0.2699,-0.0508,0.0402,0.0651,-0.14,-0.1517,2,5,1
u00793,salaried,111953.34,0.0345,0.0078,-0.0079,0.1181,3.93,0.1648,0,0,0
u00794,salaried,101042.57,0.0436,0.0095,-0.0058,0.3288,0.81,-0.051,1,2,0
u00795,freelancer,69182.01,0.2786,-0.0296,0.0678,0.0786,3.75,0.3214,0,0,0
u00796,freelancer,48910.57,0.1318,-0.0161,0.0005,0.1038,2.11,0.1882,0,1,0
u00797,small_biz,201289.29,0.3293,-0.0061,0.0491,0.0555,4.77,0.3851,0,2,0
u00798,small_biz,102318.58,0.4038,-0.0423,0.0034,0.1956,2.25,0.017,1,2,0
u00799,freelancer,52749.04,0.2103,-0.1114,0.0639,0.027,4.55,0.3739,0,0,0
u00800,freelancer,47549.24,0.2443,-0.0934,0.0392,0.1159,1.07,0.0086,2,4,0
u00801,salaried,119503.12,0.0439,0.0224,0.0492,0.1611,2.74,0.1551,0,0,0
u00802,small_biz,120808.75,0.5154,-0.2554,-0.0125,0.1321,0.78,-0.2574,2,4,0
u00803,salaried,54079.46,0.0255,0.003,0.0731,0.5185,-0.24,-0.7716,3,6,1
u00804,salaried,55388.07,0.045,0.0201,0.0183,0.2549,0.82,-0.2664,3,6,1
u00805,freelancer,40690.13,0.235,0.1304,0.0726,0.1038,2.33,0.1519,0,2,0
u00806,small_biz,116251.16,0.3644,0.0321,0.0046,0.2008,-0.48,-0.3083,1,5,1
u00807,salaried,52133.74,0.0573,0.015,0.177,0.2676,-0.95,-0.7028,3,6,1
u00808,small_biz,190000.85,0.2442,-0.0195,0.0276,0.1114,4.82,0.2919,0,0,0
u00809,freelancer,47758.52,0.4953,0.122,0.0667,0.0492,0.17,-0.1618,1,4,1
u00810,freelancer,69911.72,0.2539,-0.0066,0.0638,0.1088,2.41,0.1801,1,2,0
u00811,freelancer,54406.0,0.2257,-0.0936,0.1099,0.0987,2.79,0.2598,0,0,0
u00812,freelancer,55038.86,0.3263,-0.0219,0.0594,0.0622,1.55,0.0021,1,2,1
u00813,freelancer,60311.58,0.0661,-0.0085,0.0057,0.0247,1.51,0.0693,1,2,0
u00814,freelancer,91146.36,0.3022,-0.1274,0.0499,0.0331,10.19,0.5763,1,1,0
u00815,freelancer,49366.7,0.4079,0.0959,0.0357,0.0978,1.78,0.1548,1,3,0
u00816,salaried,89429.21,0.0601,-0.003,0.0041,0.3301,1.69,-0.2165,2,6,0
u00817,salaried,79481.12,0.0918,-0.0007,0.0698,0.2091,4.94,0.1513,0,0,0
u00818,freelancer,60883.13,0.2988,-0.1125,0.0269,0.0468,6.21,0.4419,0,0,0
u00819,small_biz,186562.88,0.3255,-0.0247,0.0619,0.1467,2.84,0.0899,2,3,0
u00820,salaried,115261.71,0.0481,0.0031,0.0474,0.1797,5.01,0.3581,0,0,0
u00821,small_biz,166797.65,0.3103,-0.0905,0.0268,0.1623,3.78,0.2511,0,1,0
u00822,salaried,71554.83,0.0339,0.0129,0.0148,0.1672,-0.38,-0.3935,4,6,1
u00823,freelancer,71544.48,0.5431,-0.0283,0.0002,0.0649,3.65,0.3205,0,2,0
u00824,small_biz,206101.41,0.1833,-0.0279,0.075,0.1019,4.52,0.2211,0,0,0
u00825,freelancer,75250.64,0.2892,0.0621,-0.0074,0.0402,5.44,0.3725,0,0,0
u00826,salaried,114359.03,0.0514,-0.0246,0.0237,0.193,4.07,0.2157,0,1,0
u00827,salaried,56452.85,0.019,0.0074,0.1855,0.5372,-0.3,-0.7185,3,6,1
u00828,small_biz,146168.54,0.3275,-0.0384,0.0171,0.1185,1.72,-0.1592,1,3,0
u00829,freelancer,61032.16,0.2986,0.0743,0.0753,0.0313,6.38,0.4581,0,0,0
u00830,small_biz,205932.22,0.286,-0.0745,0.0564,0.0638,6.23,0.3546,1,1,0
u00831,freelancer,46869.16,0.3092,-0.0242,0.1041,0.101,1.26,0.024,3,3,0
u00832,freelancer,70931.87,0.4333,0.0661,0.0909,0.0142,10.75,0.6093,0,0,0
u00833,salaried,112691.82,0.0494,-0.0112,0.056,0.1886,5.1,0.3533,0,0,0
u00834,small_biz,244410.5,0.1564,-0.0146,0.0197,0.1155,5.39,0.3243,0,0,0
u00835,salaried,77528.31,0.0135,-0.0034,0.0759,0.2757,-0.38,-0.3341,1,6,1
u00836,salaried,97771.91,0.0495,0.0074,0.1606,0.1598,3.23,0.1614,0,0,0
u00837,freelancer,55826.73,0.3383,0.1169,0.0305,0.0726,3.63,0.2616,0,1,0
u00838,freelancer,69288.35,0.2844,0.1387,0.092,0.0918,1.79,0.161,0,2,0
u00839,salaried,100170.95,0.0434,-0.0101,0.0789,0.1287,5.82,0.2499,0,0,0
u00840,freelancer,44815.34,0.4635,0.037,-0.0149,0.1316,2.14,0.1996,1,1,0
u00841,freelancer,41223.9,0.2575,-0.0192,-0.0024,0.0048,2.78,0.1799,1,1,0
u00842,small_biz,118451.21,0.2234,0.0667,0.0234,0.1016,3.04,0.2256,1,1,0
u00843,small_biz,103177.94,0.2573,-0.0877,0.0276,0.2316,0.95,-0.1329,2,5,1
u00844,freelancer,76780.69,0.2636,-0.0493,0.0608,0.0498,1.75,0.1445,2,2,0
u00845,small_biz,153698.52,0.3506,-0.1508,0.0376,0.1412,3.08,0.1787,1,2,0
u00846,small_biz,103828.94,0.3546,-0.0561,0.0387,0.2244,0.93,-0.26,2,5,0
u00847,small_biz,215051.92,0.3556,-0.0119,0.0011,0.093,7.28,0.4207,0,1,0
u00848,small_biz,137301.38,0.1619,-0.0699,0.0199,0.1863,1.73,-0.2352,3,6,0
u00849,salaried,93648.22,0.0598,-0.0102,-0.0144,0.1512,3.46,0.2288,0,0,0
u00850,freelancer,31055.0,0.3068,0.0486,0.1148,0.124,-0.66,-0.1662,0,3,1
u00851,freelancer,61002.35,0.564,0.0179,0.0877,0.0852,4.11,0.3031,0,1,0
u00852,salaried,111410.01,0.0407,0.0077,0.0281,0.1816,4.49,0.2772,0,0,0
u00853,freelancer,42318.0,0.4934,0.0717,0.1002,0.0314,-1.28,-0.4079,1,5,1
u00854,small_biz,229654.82,0.1628,0.0409,-0.0333,0.0666,4.96,0.3425,0,0,0
u00855,salaried,65050.29,0.0284,0.0064,-0.022,0.1904,4.27,0.1934,0,0,0
u00856,freelancer,52709.61,0.3067,-0.0541,0.1331,0.0269,0.96,-0.0698,2,4,1
u00857,small_biz,225821.02,0.3845,-0.1209,0.0025,0.0541,6.25,0.4314,0,1,0
u00858,freelancer,51393.7,0.3936,-0.0935,0.014,0.144,1.08,0.0849,0,2,0
u00859,freelancer,46594.46,0.4087,-0.1402,0.0813,0.1484,0.64,-0.0565,2,4,1
u00860,freelancer,72290.38,0.5054,0.1739,0.0092,0.0656,4.68,0.3453,1,2,0
u00861,freelancer,50078.16,0.2689,-0.0908,0.0336,0.0037,2.21,0.1193,1,2,0
u00862,small_biz,165827.94,0.4621,-0.0557,0.055,0.0745,3.14,0.056,1,3,0
u00863,freelancer,44425.25,0.2765,-0.0588,0.0602,0.0644,3.5,0.2516,0,2,0
u00864,salaried,79197.56,0.0598,0.0134,0.0562,0.3961,2.39,-0.1181,1,6,0
u00865,salaried,91542.73,0.0748,0.0029,0.0382,0.1313,5.05,0.1514,0,1,0
u00866,small_biz,196619.91,0.3236,0.0314,0.0245,0.1126,2.96,0.0714,1,2,0
u00867,small_biz,124324.4,0.1669,0.059,0.0651,0.1437,0.07,-0.3051,3,6,1
u00868,freelancer,54852.28,0.3021,-0.0597,-0.0266,0.075,4.2,0.3533,1,1,0
u00869,freelancer,65430.05,0.3663,-0.0691,0.077,0.116,6.7,0.4808,0,1,0
u00870,small_biz,124370.51,0.0671,0.0086,0.0149,0.1003,1.8,0.0872,0,1,0
u00871,freelancer,94372.83,0.2352,0.0684,0.0585,0.0422,9.1,0.5134,0,1,0
u00872,small_biz,197504.26,0.2149,0.0169,0.0148,0.1416,6.89,0.3696,0,0,0
u00873,small_biz,236979.44,0.5704,0.0314,0.03,0.053,8.48,0.5521,1,1,0
u00874,small_biz,116143.9,0.2887,-0.0835,-0.0017,0.1041,1.89,-0.1854,3,4,0
u00875,salaried,81626.0,0.0635,0.0221,0.0121,0.3791,1.92,-0.1743,2,6,0
u00876,freelancer,39421.3,0.4868,-0.0098,0.0383,0.1578,-0.14,-0.2492,1,3,1
u00877,salaried,65645.34,0.0428,0.0138,0.0486,0.4754,-1.11,-0.5458,3,6,1
u00878,small_biz,215495.71,0.1637,0.0556,0.0207,0.0855,3.46,0.2087,0,1,0
u00879,salaried,61144.66,0.0272,-0.0074,0.0607,0.2527,1.32,-0.1709,3,6,1
u00880,salaried,105909.58,0.0554,0.0155,0.0701,0.1363,3.1,-0.0405,2,2,0
u00881,salaried,71113.87,0.0524,-0.0017,0.0671,0.4726,0.01,-0.6017,2,6,1
u00882,freelancer,70115.79,0.1214,0.0517,0.0755,0.0733,7.8,0.546,0,0,0
u00883,freelancer,71284.23,0.2648,-0.0479,0.0376,0.0709,2.86,0.2487,0,0,0
u00884,small_biz,122925.5,0.2848,0.0619,0.0259,0.1394,0.64,-0.1923,2,5,1
u00885,freelancer,72253.66,0.3998,0.0516,0.0301,0.002,6.35,0.4417,1,2,0
u00886,salaried,69998.29,0.0339,-0.0131,0.0244,0.3968,1.01,-0.7215,0,6,1
u00887,small_biz,155904.78,0.3892,0.0595,0.0547,0.1753,2.76,0.0476,0,3,0
u00888,freelancer,47742.56,0.3426,0.1326,0.0492,0.1017,0.03,-0.0832,3,4,1
u00889,small_biz,109882.34,0.3241,0.01,0.0261,0.2107,1.21,-0.3789,1,4,1
u00890,small_biz,117612.92,0.1132,0.0323,0.0352,0.0937,1.29,-0.1449,3,6,1
u00891,small_biz,92092.1,0.3984,-0.1234,0.0181,0.2622,-0.01,-0.2617,2,4,1
u00892,salaried,90135.23,0.0178,0.0095,0.1667,0.3191,0.49,-0.2746,4,6,1
u00893,freelancer,58734.96,0.1993,-0.0258,0.0085,0.1174,3.56,0.3506,0,0,0
u00894,freelancer,39777.79,0.2059,-0.0469,0.0268,0.035,-1.47,-0.3894,4,6,1
u00895,small_biz,203209.02,0.0926,0.0022,0.0076,0.1245,4.83,0.3109,1,1,0
u00896,freelancer,60533.42,0.2101,0.013,0.0039,0.048,5.76,0.422,0,0,0
u00897,salaried,102800.26,0.0511,-0.0179,0.0475,0.1524,5.02,0.255,0,0,0
u00898,salaried,83033.57,0.0261,-0.0073,0.0596,0.2351,1.74,-0.28,1,6,1
u00899,salaried,69092.19,0.0717,0.0069,-0.0287,0.2944,1.31,-0.1514,0,5,0
u00900,freelancer,55796.01,0.4496,0.0912,0.0629,0.0158,1.56,0.1329,0,2,1
u00901,salaried,69982.05,0.0309,0.0031,0.0261,0.3319,3.3,-0.1596,4,6,0
u00902,freelancer,64439.07,0.3827,-0.1847,0.024,0.0939,4.23,0.3029,1,2,0
u00903,small_biz,167599.78,0.2278,-0.063,-0.0094,0.065,1.51,-0.0058,0,3,1
u00904,small_biz,106885.57,0.3868,0.062,0.001,0.1359,2.24,-0.1393,3,4,0
u00905,freelancer,67538.88,0.3797,0.0181,0.0321,0.097,2.57,0.2017,0,2,0
u00906,salaried,86579.76,0.0255,0.008,0.0228,0.3549,0.44,-0.3118,3,6,1
u00907,freelancer,56399.37,0.2396,-0.0127,0.0696,0.0351,2.64,0.2324,0,2,0
u00908,freelancer,46850.81,0.3304,-0.0319,0.0253,0.0577,-0.64,-0.1968,3,4,1
u00909,freelancer,39530.27,0.5161,0.1039,-0.0187,0.191,-0.5,-0.137,0,4,1
u00910,small_biz,188203.81,0.4376,-0.1437,0.1261,0.1386,1.37,0.0264,2,4,0
u00911,salaried,70929.78,0.0818,-0.0085,0.2175,0.2756,0.56,-0.489,4,6,1
u00912,salaried,86975.47,0.0593,-0.0286,0.0123,0.3203,2.71,0.0376,1,2,0
u00913,freelancer,79352.17,0.158,-0.0286,0.007,0.0675,4.87,0.4057,0,0,0
u00914,salaried,90988.7,0.0395,0.0219,0.029,0.161,4.79,0.2205,0,2,0
u00915,small_biz,132787.13,0.3019,-0.002,0.0184,0.0978,2.23,-0.0257,1,3,0
u00916,salaried,49636.36,0.022,0.0052,0.1296,0.5266,-2.27,-1.1863,2,6,1
u00917,small_biz,145287.62,0.2912,0.1155,0.0652,0.0967,0.72,-0.0613,1,3,1
u00918,freelancer,66358.85,0.2617,-0.1436,0.0597,0.0395,3.43,0.2756,0,1,0
u00919,freelancer,75104.72,0.2041,-0.0164,-0.0087,0.0415,2.0,0.1623,1,2,0
u00920,salaried,50448.59,0.0497,0.0007,0.0832,0.3807,-0.65,-0.4451,1,6,1
u00921,small_biz,118598.55,0.2163,0.0375,0.0258,0.1747,1.25,-0.2598,0,6,0
u00922,salaried,115464.94,0.0373,0.0001,0.0503,0.1762,6.64,0.4261,0,0,0
u00923,freelancer,65657.15,0.3657,-0.0283,0.026,0.1092,2.78,0.2396,1,1,0
u00924,freelancer,103723.85,0.1555,0.0452,0.0271,0.0365,10.84,0.5967,0,0,0
u00925,salaried,61823.92,0.0257,0.0067,0.0034,0.473,-0.58,-1.0365,1,6,1
u00926,salaried,102462.52,0.0523,0.0217,0.0889,0.2031,3.95,0.2342,0,0,0
u00927,freelancer,34310.28,0.5988,-0.1108,0.0457,0.0018,0.22,-0.1055,3,4,0
u00928,freelancer,50873.18,0.2206,-0.096,-0.0031,0.0091,1.6,0.0455,1,2,0
u00929,small_biz,206858.08,0.2341,0.0762,0.0665,0.0985,3.02,0.1802,1,1,0
u00930,freelancer,52639.4,0.3243,0.0451,0.0666,0.0637,1.35,0.1092,2,3,0
u00931,salaried,97509.38,0.0622,0.0013,0.0751,0.1883,2.06,0.1021,0,1,0
u00932,small_biz,115163.37,0.2713,-0.1089,-0.0356,0.2567,1.8,0.0138,2,2,0
u00933,freelancer,37308.46,0.3809,-0.1405,-0.0138,0.0965,2.07,0.1954,3,3,0
u00934,small_biz,171918.86,0.2163,0.0935,-0.0033,0.1731,3.61,0.2989,0,0,0
u00935,freelancer,50480.81,0.2299,0.0535,0.0371,0.0599,1.92,0.089,0,3,0
u00936,freelancer,68478.49,0.5555,-0.0311,0.0845,0.0876,2.71,0.2152,2,2,0
u00937,salaried,99863.54,0.0158,-0.0053,0.0467,0.3194,1.38,-0.0425,0,3,0
u00938,freelancer,57735.86,0.2275,0.0641,0.0417,0.1047,1.98,0.1313,0,1,0
u00939,small_biz,207853.59,0.5254,-0.2123,0.0406,0.1332,4.02,0.1428,0,2,0
u00940,freelancer,75627.2,0.2689,-0.147,0.0649,0.0523,7.07,0.449,1,1,0
u00941,small_biz,182657.71,0.5014,0.0618,0.0135,0.077,5.98,0.4207,1,2,0
u00942,freelancer,63521.53,0.1936,0.0369,-0.007,0.0038,1.8,0.171,0,1,0
u00943,small_biz,136826.84,0.3236,-0.107,0.0475,0.1499,1.63,-0.0583,1,3,0
u00944,freelancer,59782.28,0.3943,-0.0496,-0.0091,0.0997,2.92,0.2402,1,1,0
u00945,freelancer,66091.7,0.2975,-0.0441,0.0639,0.0792,1.23,-0.012,2,3,1
u00946,small_biz,95388.9,0.3696,-0.0916,0.0479,0.2686,-0.76,-0.3642,4,5,1
u00947,freelancer,69429.72,0.5957,-0.1949,0.0055,0.0523,6.48,0.3567,2,2,0
u00948,small_biz,157237.08,0.1263,0.0465,0.0039,0.1706,2.8,0.1308,0,1,0
u00949,small_biz,157366.95,0.123,0.0315,0.0445,0.1322,2.7,-0.034,1,3,0
u00950,salaried,60929.64,0.0544,-0.0124,-0.0258,0.231,-0.47,-0.4962,5,6,1
u00951,salaried,89449.07,0.0276,0.0018,0.1789,0.2527,2.14,0.0307,1,3,0
u00952,salaried,67984.99,0.0315,0.0093,0.0034,0.3063,2.07,-0.3778,1,6,1
u00953,salaried,49622.29,0.0706,0.0332,0.1512,0.5149,0.29,-1.2227,2,6,1
u00954,small_biz,121728.46,0.1411,-0.0348,0.0704,0.1559,0.06,-0.2251,1,5,1
u00955,freelancer,63955.96,0.3383,-0.0513,0.0439,0.0721,1.78,0.1541,2,4,0
u00956,freelancer,52197.0,0.2918,0.0613,0.0634,0.0111,4.99,0.3992,0,1,0
u00957,freelancer,35498.54,0.5625,0.0397,0.0919,0.116,0.39,-0.1525,2,4,1
u00958,freelancer,80574.41,0.4059,0.1004,0.0279,0.0854,5.95,0.4617,1,1,0
u00959,small_biz,279136.83,0.2623,-0.1198,0.0339,0.0397,11.68,0.6355,0,0,0
u00960,small_biz,115982.12,0.2434,-0.0704,0.007,0.2251,-0.17,-0.4374,3,5,1
u00961,salaried,83158.25,0.0464,0.003,0.0251,0.2798,1.96,-0.095,0,6,0
u00962,freelancer,61266.0,0.2866,0.0011,0.044,0.1057,2.95,0.2648,1,1,0
u00963,freelancer,37166.34,0.3698,0.0392,0.0669,0.1204,-0.37,-0.1488,0,3,1
u00964,freelancer,70178.06,0.3482,0.0562,0.0283,0.0766,3.86,0.3144,0,1,0
u00965,salaried,116236.28,0.0323,0.0083,0.0206,0.1836,4.51,0.0806,0,0,0
u00966,freelancer,66444.69,0.3205,-0.0485,-0.0048,0.0788,5.14,0.4169,0,0,0
u00967,small_biz,113884.01,0.2601,-0.0047,0.0025,0.112,2.29,-0.0316,1,3,0
u00968,freelancer,60291.97,0.311,-0.1145,-0.0036,0.1092,2.92,0.2854,1,2,1
u00969,small_biz,135486.57,0.4091,0.2058,0.0574,0.2046,2.52,0.016,2,2,0
u00970,freelancer,39284.57,0.3006,-0.1533,0.005,0.1642,-0.17,-0.3098,4,5,1
u00971,small_biz,251573.03,0.2422,-0.0825,0.0372,0.0623,8.78,0.4987,0,0,0
u00972,small_biz,227405.4,0.1196,0.0226,-0.0047,0.0734,7.62,0.4719,0,0,0
u00973,salaried,101213.31,0.0394,0.0114,0.0259,0.1559,3.0,0.142,0,0,0
u00974,small_biz,122796.27,0.2437,-0.0577,0.0758,0.1181,1.11,-0.3261,3,5,1
u00975,small_biz,150354.04,0.2424,0.0634,0.0282,0.1962,2.88,0.1788,1,2,0
u00976,freelancer,59305.73,0.4396,-0.1869,0.0939,0.0127,3.71,0.3166,1,2,0
u00977,freelancer,57155.06,0.2245,-0.0449,0.0494,0.0441,7.58,0.5245,0,0,0
u00978,freelancer,62793.2,0.3303,0.051,-0.0023,0.0803,3.95,0.3187,0,1,0
u00979,small_biz,219742.75,0.4445,-0.1637,-0.0179,0.0721,7.89,0.4148,1,1,0
u00980,freelancer,78990.13,0.3598,0.1079,0.038,0.0037,7.83,0.487,0,0,0
u00981,salaried,101230.09,0.0204,0.009,0.0062,0.119,4.14,0.1408,0,0,0
u00982,salaried,55875.93,0.0369,0.0162,-0.0255,0.23,-0.63,-0.5851,4,6,1
u00983,salaried,73072.47,0.0338,0.0056,0.002,0.3367,1.68,-0.1916,4,6,0
u00984,salaried,93132.94,0.0479,0.0018,0.066,0.3189,2.28,0.173,0,0,0
u00985,salaried,75239.3,0.031,-0.0081,0.0481,0.2526,0.49,-0.1201,3,6,1
u00986,small_biz,190555.8,0.2905,0.0163,0.0523,0.1265,3.41,0.1324,2,2,0
u00987,small_biz,161357.14,0.1642,-0.0397,0.0018,0.123,4.25,0.2843,0,0,0
u00988,small_biz,113909.09,0.2835,0.1029,-0.012,0.1052,0.62,-0.2321,2,5,1
u00989,small_biz,134179.8,0.0855,-0.0388,0.0049,0.1814,0.92,-0.2529,2,6,1
u00990,small_biz,136190.88,0.3061,0.0182,0.0792,0.1689,0.77,-0.0447,0,2,0
u00991,freelancer,48810.02,0.2602,0.0051,0.0786,0.0527,4.15,0.3225,1,1,0
u00992,small_biz,188001.43,0.1449,0.0455,0.0027,0.1532,4.35,0.2217,1,2,0
u00993,freelancer,31035.77,0.6199,0.3176,0.029,0.2419,-1.57,-0.4748,0,4,1
u00994,salaried,116910.71,0.0725,0.0101,0.0497,0.2765,4.19,0.2947,1,1,0
u00995,salaried,77471.02,0.0257,0.0091,-0.0027,0.1418,3.12,-0.1954,1,6,0
u00996,small_biz,190340.08,0.2376,-0.0579,0.0362,0.0993,4.77,0.2917,1,1,0
u00997,salaried,111369.93,0.0472,-0.0011,0.0068,0.2823,3.07,-0.0104,1,3,0
u00998,freelancer,54331.47,0.499,-0.0909,0.0708,0.1242,1.25,0.0309,1,3,1
u00999,salaried,85412.89,0.0927,-0.0176,0.0515,0.3666,3.59,0.1619,0,0,0
u01000,small_biz,133249.1,0.3115,-0.0272,0.0613,0.1174,2.6,0.1914,0,2,0
u01001,salaried,107196.36,0.0966,-0.0305,0.0094,0.1876,6.09,0.2819,0,1,0
u01002,freelancer,58509.13,0.2927,-0.0781,0.0844,0.0029,0.93,0.0293,1,3,0
u01003,small_biz,209216.86,0.2652,0.1198,0.0345,0.1183,5.4,0.322,0,1,0
u01004,freelancer,55326.65,0.1726,-0.0764,-0.0076,0.1055,3.16,0.2267,1,1,0
u01005,freelancer,67387.69,0.1494,0.0587,0.0078,0.1178,5.17,0.321,0,2,0
u01006,freelancer,83800.65,0.4127,0.0711,-0.0195,0.0793,10.35,0.625,0,0,0
u01007,salaried,112506.43,0.0833,-0.0005,0.0984,0.2617,2.24,-0.2628,0,4,0
u01008,freelancer,44424.4,0.13,0.0198,0.0951,0.1072,1.52,0.1324,0,0,0
u01009,salaried,91419.25,0.065,0.0036,0.1398,0.1501,3.71,0.2994,0,0,0
u01010,salaried,83860.64,0.0531,0.0215,0.0151,0.2523,4.03,0.0634,0,0,0
u01011,freelancer,23609.51,0.4623,0.0907,0.0342,0.2824,-2.25,-0.9587,3,6,1
u01012,salaried,103996.45,0.0658,0.021,-0.0262,0.1289,7.54,0.3556,0,0,0
u01013,small_biz,150854.31,0.383,0.0457,-0.0139,0.14,2.45,0.157,0,2,0
u01014,freelancer,58511.29,0.5653,0.0936,0.0686,0.0918,3.14,0.2377,1,2,0
u01015,freelancer,93483.12,0.1911,0.0082,0.0723,0.08,7.78,0.5173,0,0,0
u01016,freelancer,33293.17,0.2323,-0.0443,0.1137,0.072,1.94,0.0898,2,4,0
u01017,freelancer,71886.62,0.41,-0.0004,0.0585,0.0015,3.52,0.3021,0,0,0
u01018,freelancer,84070.94,0.2369,-0.0663,-0.0138,0.012,6.55,0.4466,0,0,0
u01019,freelancer,58753.14,0.4235,-0.0652,0.1158,0.0766,1.35,0.0909,0,2,0
u01020,freelancer,43005.01,0.2346,-0.1276,0.0355,0.1756,-0.19,-0.3397,1,5,1
u01021,small_biz,177995.65,0.2039,-0.0242,-0.0173,0.1264,1.9,-0.1157,3,4,0
u01022,freelancer,72227.06,0.4034,-0.0597,0.0011,0.0189,-0.12,-0.086,0,2,0
u01023,freelancer,83766.08,0.2543,0.0578,0.0871,0.0492,4.36,0.331,0,1,0
u01024,salaried,84969.79,0.0344,0.0035,0.002,0.2994,3.17,0.161,0,0,0
u01025,salaried,71926.09,0.106,0.0568,0.1499,0.3664,1.54,-0.2935,4,6,1
u01026,freelancer,51589.98,0.3271,-0.1215,0.0258,0.0124,2.04,0.1335,1,2,0
u01027,small_biz,225621.04,0.1691,0.0406,0.0227,0.077,10.89,0.5712,0,0,0
u01028,freelancer,75738.84,0.2314,0.1016,0.046,0.08,3.58,0.2922,0,1,0
u01029,small_biz,187872.16,0.4745,-0.0153,0.0472,0.104,4.98,0.2778,2,2,0
u01030,small_biz,207452.12,0.1897,-0.0804,0.0012,0.0491,7.62,0.4488,0,0,0
u01031,salaried,118449.26,0.033,0.0037,0.0492,0.0864,5.61,0.3742,0,1,0
u01032,salaried,111973.98,0.0301,-0.0004,-0.0009,0.2743,4.78,0.2392,0,0,0
u01033,freelancer,49978.65,0.2916,-0.1191,0.0711,0.1189,1.19,0.0933,2,2,1
u01034,freelancer,72597.06,0.361,0.1215,0.13,0.0295,6.37,0.4648,0,0,0
u01035,salaried,112336.88,0.0178,0.0006,0.1043,0.2839,1.77,-0.1293,0,4,0
u01036,freelancer,32455.51,0.4245,0.1068,0.0731,0.1757,0.85,0.0038,1,3,1
u01037,small_biz,203770.97,0.1358,-0.0443,0.0315,0.0795,4.56,0.2497,0,0,0
u01038,salaried,68106.1,0.0571,0.0096,0.1087,0.2904,0.71,-0.2227,4,6,1
u01039,small_biz,132103.8,0.2656,-0.0162,0.0521,0.1444,1.16,-0.0052,0,2,0
u01040,small_biz,125900.9,0.3225,0.0961,0.0283,0.0954,1.84,-0.1316,2,4,0
u01041,freelancer,45342.36,0.167,-0.0373,0.008,0.141,1.48,0.1257,1,2,0
u01042,salaried,55129.1,0.0566,-0.008,0.0185,0.4747,1.47,-0.4024,5,6,1
u01043,small_biz,212644.23,0.4147,-0.1013,0.0223,0.0627,7.72,0.4324,1,1,0
u01044,freelancer,64010.9,0.2697,0.1154,0.0069,0.0814,4.15,0.3028,1,2,0
u01045,salaried,92325.65,0.0393,0.0104,0.1575,0.3036,2.9,0.0087,3,3,0
u01046,small_biz,119153.91,0.2383,0.0612,0.0234,0.0853,0.77,-0.2138,5,5,1
u01047,freelancer,58352.2,0.4,0.0591,0.0201,0.0254,2.26,0.2187,0,2,0
u01048,freelancer,62428.85,0.2744,0.0404,0.0545,0.0955,3.1,0.2732,1,1,0
u01049,small_biz,174584.85,0.3441,0.1802,0.016,0.1129,3.0,0.0097,0,2,0
u01050,small_biz,247940.1,0.0997,-0.0123,-0.0072,0.0833,6.67,0.3525,0,1,0
u01051,salaried,62442.4,0.046,0.013,0.0302,0.5437,-0.29,-0.6222,4,6,1
u01052,freelancer,78646.91,0.2488,0.031,0.0172,0.0519,2.61,0.2011,0,2,0
u01053,small_biz,100120.53,0.4086,0.0272,-0.0485,0.2889,-1.82,-1.035,2,6,1
u01054,salaried,94690.48,0.0393,0.0143,0.1479,0.2286,3.62,0.0388,0,1,0
u01055,salaried,68422.44,0.045,-0.0068,0.0409,0.4522,0.54,-0.2732,2,6,1
u01056,freelancer,82300.12,0.443,0.1785,0.0823,0.0411,6.06,0.4845,0,1,0
u01057,freelancer,58110.48,0.4427,-0.0135,0.0015,0.095,3.16,0.2144,1,2,0
u01058,salaried,108881.08,0.0403,0.0039,0.0826,0.2603,4.31,0.1788,0,0,0
u01059,freelancer,54206.12,0.1013,-0.0308,-0.0116,0.132,4.23,0.3475,0,0,0
u01060,small_biz,100052.59,0.3389,-0.04,0.0533,0.1733,0.4,-0.2032,3,5,1
u01061,freelancer,56201.23,0.2364,-0.0566,0.0262,0.0834,2.75,0.1476,0,2,0
u01062,salaried,112232.93,0.0342,0.0094,0.0576,0.1695,2.95,0.0418,0,1,0
u01063,salaried,89766.7,0.0531,0.0267,0.051,0.3691,2.28,-0.1724,4,6,0
u01064,freelancer,51615.1,0.226,-0.0205,0.0176,0.0057,3.14,0.3154,1,1,0
u01065,salaried,56804.33,0.0391,0.0035,-0.0131,0.3699,1.51,-0.4435,1,6,1
u01066,freelancer,50793.06,0.217,0.0574,0.0441,0.0432,3.44,0.2634,0,0,0
u01067,freelancer,63908.34,0.3672,-0.1282,0.0723,0.0965,2.89,0.2659,0,1,0
u01068,freelancer,53253.88,0.3847,0.0217,0.0086,0.137,2.61,0.2175,1,2,0
u01069,freelancer,73375.65,0.401,0.1895,0.0425,0.0395,5.18,0.3569,1,1,0
u01070,salaried,82365.07,0.0518,0.0196,-0.013,0.1948,4.99,0.1796,0,0,0
u01071,salaried,89464.61,0.0464,0.0204,0.0121,0.3849,3.19,-0.0069,2,2,0
u01072,small_biz,104502.8,0.2191,0.0141,0.0242,0.1072,2.82,0.1406,0,1,0
u01073,small_biz,204855.95,0.1367,-0.0148,0.0127,0.063,6.98,0.3862,0,0,0
u01074,salaried,113588.36,0.0339,0.001,0.0201,0.2732,5.68,0.3198,0,0,0
u01075,freelancer,56798.4,0.1673,0.0814,0.0229,0.0652,2.7,0.2768,0,1,0
u01076,salaried,91853.97,0.0322,-0.006,0.1381,0.1844,4.49,0.229,1,1,0
u01077,small_biz,154872.39,0.3042,0.0421,0.0335,0.1664,4.04,0.1791,2,3,0
u01078,salaried,83621.26,0.0261,0.004,0.1156,0.2896,0.62,-0.0508,0,1,1
u01079,small_biz,101159.62,0.2676,-0.0018,-0.0049,0.2474,0.67,-0.143,3,3,1
u01080,salaried,103412.95,0.0341,-0.0007,0.0863,0.2568,3.37,0.1547,0,0,0
u01081,freelancer,46995.96,0.4351,0.0221,0.0984,0.0399,5.48,0.4453,0,1,0
u01082,salaried,100890.09,0.0365,-0.0071,0.0497,0.2881,4.88,0.0992,0,0,0
u01083,salaried,109030.93,0.0418,-0.0068,-0.0157,0.2463,3.41,-0.0984,3,3,0
u01084,small_biz,128661.21,0.2936,0.06,0.0176,0.1408,2.75,0.1398,1,1,0
u01085,freelancer,60512.84,0.549,0.028,0.0541,0.0811,6.18,0.4444,1,1,0
u01086,freelancer,37251.71,0.4123,0.1794,0.0432,0.1999,-0.59,-0.4109,3,5,1
u01087,freelancer,74554.83,0.2371,-0.0189,-0.0161,0.0036,4.97,0.3807,0,1,0
u01088,small_biz,184754.5,0.2252,0.1175,0.0271,0.0903,3.27,0.2008,1,2,0
u01089,freelancer,68068.37,0.4624,-0.1714,-0.0328,0.045,5.19,0.4376,0,2,0
u01090,freelancer,64976.17,0.0772,-0.0051,-0.034,0.0175,8.13,0.5619,0,0,0
u01091,salaried,108296.64,0.0432,-0.0153,0.0445,0.2699,2.85,0.1648,0,0,0
u01092,small_biz,195071.92,0.2248,0.0961,0.0227,0.0707,5.85,0.4407,0,0,0
u01093,freelancer,38609.39,0.2403,0.022,0.0516,0.0176,1.33,-0.0104,1,3,1
u01094,salaried,83915.94,0.0343,0.0033,-0.0246,0.2568,1.44,0.0223,0,1,0
u01095,salaried,67256.48,0.0904,0.0326,0.143,0.3983,1.65,-0.2586,2,6,1
u01096,salaried,103496.21,0.041,0.0046,-0.0313,0.2027,3.49,0.1445,1,1,0
u01097,salaried,96462.1,0.0401,0.0098,0.0491,0.1905,6.48,0.3114,0,0,0
u01098,salaried,111403.4,0.0311,-0.0095,-0.0011,0.3054,2.42,0.0761,0,0,0
u01099,small_biz,92562.88,0.3163,0.0833,0.0186,0.2699,-0.48,-0.906,3,6,1
u01100,small_biz,230864.49,0.3292,0.0003,0.0747,0.0704,9.19,0.5374,1,1,0
u01101,small_biz,197785.17,0.2983,-0.1191,0.0358,0.097,1.44,0.0141,1,2,0
u01102,salaried,84555.79,0.0458,-0.0187,0.0175,0.248,1.41,0.04,1,2,0
u01103,small_biz,228617.41,0.1487,0.0291,0.0447,0.0561,5.27,0.2802,0,1,0
u01104,freelancer,69373.71,0.236,-0.0321,0.0283,0.046,7.63,0.5227,0,0,0
u01105,salaried,82437.42,0.0551,0.0084,0.1144,0.3614,0.61,-0.5224,1,6,1
u01106,small_biz,93176.98,0.2022,-0.0715,0.0412,0.258,1.58,-0.2234,1,4,0
u01107,salaried,106621.78,0.0897,0.0047,0.0295,0.2606,5.85,0.2972,0,0,0
u01108,small_biz,107676.47,0.4031,0.0128,0.0622,0.12,0.7,-0.3175,2,5,0
u01109,salaried,90814.33,0.0551,0.0073,0.0276,0.2791,3.02,-0.158,2,6,0
u01110,small_biz,239922.86,0.1225,0.0541,0.0132,0.0777,5.71,0.3324,0,0,0
u01111,freelancer,46082.49,0.6103,-0.2058,-0.0,0.1684,1.37,0.1184,0,3,0
u01112,salaried,108554.4,0.0795,0.0108,0.0129,0.2069,4.65,0.1208,0,0,0
u01113,freelancer,74278.06,0.2933,0.1114,0.0802,0.0151,4.2,0.3597,0,0,0
u01114,salaried,107462.83,0.0419,-0.0032,0.0421,0.1273,3.16,0.1157,0,0,0
u01115,small_biz,137865.38,0.2744,0.0603,0.0442,0.1025,1.51,-0.0679,1,3,0
u01116,small_biz,203502.18,0.2468,0.029,0.0164,0.091,3.85,0.2007,1,2,0
u01117,small_biz,160207.01,0.1033,0.0372,0.0479,0.0676,5.67,0.3328,0,0,0
u01118,freelancer,63007.71,0.4777,-0.046,-0.0275,0.0711,1.31,0.0503,0,2,0
u01119,salaried,73874.8,0.026,-0.0122,0.1634,0.4506,-0.44,-0.8162,5,6,1
u01120,salaried,95059.62,0.0297,-0.0001,0.044,0.2601,3.26,0.1378,0,0,0
u01121,freelancer,46903.26,0.2031,0.0114,0.0114,0.1403,-1.14,-0.4036,2,5,1
u01122,freelancer,42622.87,0.1521,-0.0539,0.0213,0.1282,-0.93,-0.3763,2,5,1
u01123,small_biz,180052.2,0.3765,0.0484,0.0371,0.1513,5.08,0.2825,1,2,0
u01124,freelancer,32339.15,0.6128,0.0447,0.0701,0.0492,-1.21,-0.5612,1,4,1
u01125,freelancer,63857.63,0.1609,0.0688,0.0408,0.0183,6.37,0.4463,0,0,0
u01126,freelancer,69534.32,0.1687,-0.0122,0.0227,0.0742,5.43,0.4107,0,1,0
u01127,salaried,68980.7,0.0555,-0.0051,0.1105,0.476,1.37,-0.7945,2,6,1
u01128,freelancer,51027.93,0.4714,0.2117,0.0367,0.0214,3.5,0.2713,2,3,0
u01129,small_biz,199710.65,0.1142,0.0613,0.0337,0.1156,5.21,0.3721,0,0,0
u01130,small_biz,213195.26,0.2455,0.002,0.0527,0.1168,6.11,0.3758,0,0,0
u01131,salaried,63908.01,0.0339,0.0153,0.1857,0.5446,1.4,-0.4083,3,6,1
u01132,small_biz,166863.72,0.3724,-0.0193,0.0303,0.0761,2.29,0.1276,1,3,0
u01133,salaried,54945.4,0.046,0.0058,0.0484,0.4905,0.59,-0.4136,2,6,1
u01134,freelancer,73057.76,0.2674,-0.0388,0.0753,0.0374,2.34,0.1986,0,1,1
u01135,freelancer,73400.26,0.3562,-0.2027,0.0602,0.0115,6.07,0.4103,1,1,0
u01136,small_biz,178301.87,0.4848,0.0049,0.0681,0.1566,3.89,0.2577,1,3,0
u01137,freelancer,39412.07,0.2305,-0.1088,0.025,0.2011,1.03,-0.0588,0,4,1
u01138,salaried,89632.12,0.048,-0.0102,0.1642,0.299,-0.54,-0.3925,2,6,1
u01139,freelancer,78777.58,0.2048,0.0088,0.0241,0.0821,3.03,0.2538,1,1,0
u01140,small_biz,228801.97,0.1598,0.009,0.0083,0.1165,6.43,0.3965,0,0,0
u01141,salaried,109726.57,0.0225,-0.0042,-0.0256,0.1549,3.79,0.25,0,0,0
u01142,small_biz,146684.73,0.1792,0.0065,-0.0026,0.1208,2.3,-0.0318,1,4,0
u01143,freelancer,48003.13,0.1715,-0.0036,0.1015,0.1088,1.41,0.1258,0,2,0
u01144,small_biz,121392.19,0.1012,0.0363,-0.0033,0.1166,2.96,0.1884,1,1,0
u01145,freelancer,45114.87,0.4468,-0.0722,0.0153,0.0223,3.62,0.2775,0,2,0
u01146,freelancer,41358.23,0.3758,0.096,0.0662,0.055,0.78,0.0468,1,2,0
u01147,salaried,66513.94,0.0606,0.0012,0.0966,0.3518,-0.55,-0.4627,3,6,1
u01148,salaried,48270.87,0.0811,0.0316,0.1168,0.2379,-1.82,-0.9667,3,6,1
u01149,small_biz,109708.29,0.3911,-0.0609,0.0584,0.1876,0.95,-0.2492,1,5,1
u01150,salaried,62403.21,0.0302,0.0096,0.1148,0.4717,1.43,-0.7199,4,6,1
u01151,freelancer,74429.23,0.4467,-0.0867,-0.0232,0.0248,4.75,0.355,0,0,0
u01152,small_biz,137019.91,0.4139,0.1822,0.0189,0.2069,1.09,-0.293,2,5,0
u01153,freelancer,39075.13,0.4409,-0.2155,0.0235,0.1726,-2.01,-0.4829,0,4,1
u01154,small_biz,164733.72,0.1771,-0.0588,0.0134,0.111,4.35,0.2913,1,1,0
u01155,freelancer,44422.11,0.4302,0.1622,0.0111,0.0255,-0.74,-0.1983,2,2,1
u01156,freelancer,59471.99,0.2497,-0.0195,0.1431,0.0525,5.45,0.4169,0,1,0
u01157,salaried,107342.53,0.0533,0.005,0.1491,0.1456,0.98,-0.059,1,5,1
u01158,freelancer,62669.34,0.3988,-0.1439,0.0908,0.0923,5.23,0.4245,0,1,0
u01159,salaried,100805.5,0.0359,-0.0127,0.0362,0.334,3.29,0.2406,0,0,0
u01160,freelancer,48668.75,0.258,-0.1113,0.0138,0.1514,2.66,0.2096,1,2,0
u01161,small_biz,124553.88,0.345,0.0244,0.0629,0.1842,2.97,0.0742,2,3,0
u01162,small_biz,97984.18,0.3196,-0.1572,0.078,0.1205,1.03,-0.2032,3,4,1
u01163,salaried,108450.02,0.086,-0.0287,0.0108,0.2705,2.31,0.0068,0,2,0
u01164,freelancer,43421.38,0.1602,-0.0313,0.0275,0.1267,2.88,0.2769,0,0,0
u01165,salaried,57484.6,0.0345,-0.0049,0.0285,0.1842,1.6,-0.2368,1,6,0
u01166,salaried,69411.22,0.0777,-0.0307,0.0012,0.3023,2.84,0.0957,0,0,0
u01167,small_biz,145783.18,0.338,0.0311,0.0061,0.0877,5.81,0.3824,0,0,0
u01168,small_biz,119454.29,0.2924,0.1201,0.0715,0.2127,1.71,-0.1063,2,4,0
u01169,salaried,82868.43,0.0316,0.0124,0.0425,0.3141,1.63,-0.122,5,6,1
u01170,salaried,91920.57,0.0414,0.0039,-0.0076,0.1594,3.8,0.2718,0,0,0
u01171,salaried,90556.66,0.0639,0.0203,0.0118,0.2991,0.56,-0.1018,2,5,1
u01172,small_biz,139597.66,0.2189,0.034,0.053,0.1734,1.53,-0.1042,1,3,0
u01173,freelancer,65838.96,0.3845,-0.1487,0.0815,0.0539,5.02,0.3442,0,2,0
u01174,small_biz,169974.93,0.3631,0.1258,0.0689,0.0926,1.71,-0.0639,1,3,0
u01175,freelancer,50962.19,0.1973,0.0305,0.0313,0.024,3.12,0.2816,1,1,0
u01176,freelancer,45130.86,0.4411,-0.1381,0.0663,0.1371,-0.19,-0.3318,0,5,1
u01177,freelancer,74612.53,0.3137,0.0087,0.0411,0.0815,7.89,0.5381,0,0,0
u01178,salaried,61806.72,0.0788,-0.0079,0.1036,0.4691,1.42,-0.5393,3,6,1
u01179,small_biz,126504.43,0.1312,0.031,0.0578,0.13,3.16,0.1441,0,1,0
u01180,freelancer,67359.04,0.2504,0.0911,0.0385,0.0015,4.47,0.3405,1,1,0
u01181,freelancer,36582.91,0.2792,-0.0485,-0.0055,0.0828,0.92,-0.0403,4,4,0
u01182,freelancer,54277.34,0.2061,-0.1033,0.0369,0.1253,1.59,0.1046,1,3,0
u01183,freelancer,66556.26,0.1993,0.0811,0.0368,0.0781,4.02,0.307,0,1,0
u01184,freelancer,49582.32,0.245,0.0538,0.1089,0.012,3.42,0.3304,0,1,0
u01185,salaried,76352.85,0.047,0.0144,0.029,0.3568,0.81,-0.4549,3,6,1
u01186,small_biz,121580.01,0.2432,-0.1121,0.0729,0.2387,0.82,-0.0971,1,5,1
u01187,freelancer,42545.05,0.3231,-0.0967,0.0332,0.1271,-0.48,-0.2775,3,4,1
u01188,small_biz,136340.57,0.4825,-0.0338,0.0193,0.1131,1.19,-0.0119,2,3,0
u01189,freelancer,43260.15,0.3216,-0.0071,0.0933,0.055,-0.03,-0.1563,1,5,1
u01190,freelancer,66839.76,0.5764,0.058,0.0598,0.0036,3.23,0.2832,1,2,0
u01191,small_biz,180844.76,0.2721,0.0021,0.0554,0.0678,9.81,0.5761,0,0,0
u01192,freelancer,52360.68,0.3468,-0.1125,-0.0103,0.0205,3.94,0.3311,0,1,0
u01193,small_biz,161856.82,0.261,-0.0551,0.0339,0.1287,5.17,0.3696,0,1,0
u01194,freelancer,53389.83,0.31,-0.0723,0.0209,0.0426,2.45,0.1626,0,1,1
u01195,freelancer,42223.92,0.1822,0.0523,0.0353,0.1166,1.55,0.0759,0,2,0
u01196,freelancer,57731.77,0.3773,-0.1166,0.041,0.0062,2.89,0.2715,1,2,0
u01197,freelancer,53652.41,0.2285,-0.0877,0.1161,0.0026,4.35,0.3333,0,1,0
u01198,small_biz,174368.99,0.1554,0.0456,0.0481,0.1292,1.75,-0.0966,3,5,0
u01199,salaried,69850.56,0.0526,0.0003,-0.0407,0.3177,3.16,0.0129,1,3,0
u01200,salaried,53426.28,0.0288,0.0129,0.0124,0.5301,-1.47,-0.8423,3,6,1
u01201,freelancer,93374.76,0.2136,0.092,0.0649,0.0813,9.99,0.5944,0,0,0
u01202,small_biz,115042.47,0.3972,0.0559,0.0272,0.214,-0.94,-0.8482,5,6,1
u01203,small_biz,121433.81,0.4327,-0.1021,-0.0265,0.1228,2.29,-0.1293,3,4,0
u01204,freelancer,78923.27,0.4989,-0.1962,0.0381,0.0631,7.21,0.4912,0,1,0
u01205,salaried,122273.91,0.0678,-0.0152,-0.0177,0.1899,6.02,0.2711,0,0,0
u01206,small_biz,180579.97,0.1587,0.0368,-0.043,0.1281,6.77,0.3651,0,0,0
u01207,freelancer,56002.58,0.5503,-0.186,0.0541,0.0809,2.9,0.2172,0,2,0
u01208,salaried,62030.76,0.0502,-0.0128,-0.0218,0.3996,1.63,-0.304,1,6,0
u01209,small_biz,139743.99,0.3087,0.0151,0.0307,0.1713,1.38,0.0192,2,3,0
u01210,small_biz,121555.02,0.3321,-0.0498,0.0614,0.208,0.81,-0.0979,0,4,1
u01211,salaried,102945.87,0.0741,0.0343,0.0091,0.1004,7.34,0.4366,0,0,0
u01212,freelancer,47846.56,0.4513,-0.1465,0.0768,0.0277,1.51,0.0811,1,2,1
u01213,freelancer,91303.63,0.1207,-0.0197,0.0265,0.0393,6.25,0.4453,0,0,0
u01214,freelancer,48866.66,0.303,-0.0445,-0.0164,0.0885,1.43,0.1523,2,2,0
u01215,salaried,77294.51,0.0238,0.0092,0.0735,0.3616,0.39,-0.262,2,6,1
u01216,freelancer,64646.58,0.3654,-0.0311,0.0152,0.0188,8.27,0.5056,1,1,0
u01217,small_biz,125541.64,0.2553,-0.1053,0.0199,0.1423,-0.18,-0.4323,2,5,1
u01218,salaried,103685.04,0.0329,0.0074,0.0171,0.1503,3.44,0.2309,0,0,0
u01219,freelancer,52131.56,0.3919,-0.0087,0.0127,0.0212,5.39,0.4578,0,1,0
u01220,freelancer,45881.6,0.472,0.001,0.0565,0.1092,0.39,-0.0363,1,2,1
u01221,freelancer,53265.67,0.4106,-0.0155,0.0361,0.1259,4.57,0.4045,0,1,0
u01222,salaried,123746.84,0.0448,0.0099,0.0825,0.2364,3.12,0.2424,0,0,0
u01223,small_biz,151565.99,0.2187,0.0324,0.0538,0.1183,2.7,0.0955,2,3,0
u01224,small_biz,140605.57,0.2289,0.1091,0.0367,0.0918,3.25,0.1219,1,2,0
u01225,small_biz,138358.44,0.2425,0.0597,0.0314,0.073,4.03,0.197,1,2,0
u01226,small_biz,134881.35,0.3157,-0.0053,0.0659,0.1079,5.84,0.4134,0,0,0
u01227,small_biz,125307.49,0.4915,0.1911,0.0092,0.1706,1.91,-0.0126,2,3,0
u01228,freelancer,68534.64,0.2242,-0.0683,0.0108,0.0089,3.56,0.2784,2,3,0
u01229,freelancer,34446.63,0.3946,0.1267,0.0806,0.0709,-0.86,-0.2813,3,4,1
u01230,freelancer,38307.52,0.169,0.043,-0.0305,0.1146,0.59,-0.06,1,3,0
u01231,small_biz,176622.1,0.265,-0.0282,0.0266,0.1127,5.98,0.4115,1,1,0
u01232,salaried,83266.44,0.0255,0.0004,-0.021,0.3768,1.24,-0.0953,0,5,0
u01233,freelancer,48397.14,0.4893,-0.002,-0.0619,0.074,2.86,0.2041,2,2,0
u01234,salaried,62433.07,0.084,-0.0122,0.0405,0.2638,0.39,-0.1975,2,5,0
u01235,freelancer,53219.27,0.343,0.0541,0.0748,0.0801,2.15,0.1154,2,3,0
u01236,freelancer,51961.17,0.2867,0.0828,-0.0664,0.0483,3.9,0.3191,0,1,0
u01237,small_biz,96562.08,0.2725,-0.0716,0.0337,0.2524,0.35,-0.5147,1,6,1
u01238,salaried,57181.61,0.0189,-0.0015,0.084,0.5134,-0.21,-0.7131,3,6,1
u01239,small_biz,225875.82,0.2691,-0.0007,0.036,0.1247,7.17,0.4306,0,0,0
u01240,small_biz,90163.29,0.4673,-0.0788,0.1016,0.144,0.34,-0.4999,3,4,1
u01241,small_biz,232820.36,0.1091,0.0048,0.0333,0.0616,9.37,0.5476,0,0,0
u01242,small_biz,189074.91,0.2346,0.0805,0.0156,0.0927,3.94,0.1812,1,1,0
u01243,small_biz,202198.0,0.2937,-0.0506,0.073,0.1262,5.79,0.4168,1,1,0
u01244,small_biz,96852.25,0.4105,-0.01,0.0333,0.2572,0.83,-0.2171,2,4,1
u01245,small_biz,201734.66,0.1771,0.01,0.0251,0.099,3.18,0.1,0,1,0
u01246,freelancer,39876.33,0.5042,0.181,0.031,0.0498,3.56,0.3188,1,2,0
u01247,salaried,63208.83,0.0553,-0.0028,-0.0015,0.3635,1.7,-0.3289,1,6,0
u01248,freelancer,38912.09,0.1883,-0.0262,0.0658,0.1012,2.28,0.1348,1,2,0
u01249,freelancer,57837.13,0.174,0.0309,0.1389,0.1041,3.0,0.2391,1,1,0
u01250,small_biz,149558.89,0.34,-0.0329,0.0155,0.1116,0.71,-0.3008,0,4,1
u01251,salaried,48885.43,0.0323,0.0097,0.0515,0.313,-0.71,-0.5345,3,6,1
u01252,salaried,109857.02,0.0403,-0.0156,0.1531,0.2372,1.82,0.1015,0,1,0
u01253,freelancer,47454.54,0.6439,-0.0516,0.0543,0.0322,4.02,0.3808,0,1,0
u01254,freelancer,96009.94,0.1596,0.078,0.0031,0.0224,18.7,0.745,0,0,0
u01255,salaried,98220.78,0.0439,0.0247,0.0652,0.2625,3.9,0.1994,0,0,0
u01256,freelancer,55618.8,0.1766,-0.0726,0.0738,0.0072,4.3,0.3859,0,0,0
u01257,salaried,110687.85,0.046,-0.0165,0.1424,0.0904,2.71,0.1085,0,0,0
u01258,small_biz,205065.9,0.2447,-0.0496,0.0015,0.0942,8.9,0.5532,0,0,0
u01259,salaried,110856.82,0.0326,0.0114,0.0626,0.2518,3.55,0.0125,0,1,0
u01260,freelancer,76030.98,0.1549,-0.0199,0.0333,0.024,6.69,0.5059,0,0,0
u01261,freelancer,76853.5,0.3585,-0.0662,0.0055,0.0574,7.75,0.5296,0,1,0
u01262,freelancer,74214.35,0.2858,-0.0894,0.029,0.04,6.03,0.3762,0,0,0
u01263,freelancer,72000.88,0.3051,0.0444,0.0407,0.0807,4.34,0.3119,1,1,0
u01264,small_biz,166613.95,0.2972,0.0543,-0.0052,0.0876,1.98,-0.0082,2,3,1
u01265,small_biz,271111.07,0.0861,0.0315,0.0021,0.0783,5.78,0.2872,1,1,0
u01266,salaried,63741.51,0.0621,-0.0006,0.0216,0.4021,-1.83,-0.9604,1,6,1
u01267,salaried,114658.16,0.0464,-0.009,0.0419,0.2995,3.59,0.0431,1,1,0
u01268,small_biz,249326.16,0.1646,0.056,0.0882,0.0821,6.49,0.415,0,1,0
u01269,freelancer,65867.59,0.3684,-0.1337,0.0985,0.024,4.08,0.3329,0,1,0
u01270,salaried,111477.7,0.046,-0.0137,0.0851,0.3102,0.32,-0.2165,2,6,1
u01271,freelancer,63946.42,0.3213,0.0478,0.0285,0.085,3.65,0.2794,1,2,0
u01272,freelancer,76303.15,0.1674,-0.0871,0.024,0.0207,4.28,0.2939,1,1,0
u01273,small_biz,196972.83,0.2515,-0.103,0.0003,0.0778,3.89,0.3152,0,1,0
u01274,freelancer,74229.62,0.1137,0.0189,-0.0136,0.005,10.1,0.5968,0,0,0
u01275,small_biz,202541.74,0.1258,0.04,0.0377,0.0511,9.85,0.5803,0,0,0
u01276,small_biz,173691.11,0.4871,-0.1001,0.0553,0.0886,3.89,0.2667,1,2,0
u01277,freelancer,52925.24,0.3028,-0.0729,0.0047,0.0191,5.75,0.4271,1,1,0
u01278,small_biz,121387.8,0.2357,-0.0548,0.0123,0.2277,0.2,-0.1793,2,4,1
u01279,salaried,100978.22,0.0606,0.0248,0.0063,0.1354,4.1,0.123,1,1,0
u01280,freelancer,73599.49,0.3721,-0.0267,0.0358,0.0799,5.46,0.3845,1,1,0
u01281,freelancer,54815.32,0.3806,-0.0595,0.0225,0.0732,0.93,0.0389,1,4,1
u01282,salaried,95600.73,0.032,-0.0017,0.1544,0.1648,0.39,-0.2023,3,5,1
u01283,freelancer,52736.02,0.1405,0.0303,0.0463,0.082,3.24,0.2638,0,0,0
u01284,small_biz,132479.76,0.3357,-0.0866,0.0532,0.09,2.7,0.1865,1,2,0
u01285,small_biz,186168.53,0.0668,0.0093,0.0622,0.0971,3.94,0.2587,0,0,0
u01286,small_biz,199070.74,0.1343,0.0314,0.0553,0.0601,6.83,0.3758,0,0,0
u01287,freelancer,48642.63,0.3336,0.0034,-0.0182,0.1132,-0.04,-0.0683,2,3,1
u01288,salaried,81898.11,0.0446,0.007,0.0456,0.3796,1.82,0.0171,2,2,0
u01289,freelancer,56566.88,0.1065,-0.0214,-0.0129,0.001,3.18,0.2314,0,0,0
u01290,salaried,114093.17,0.0111,-0.0018,0.0237,0.1923,5.05,0.2006,0,1,0
u01291,freelancer,51487.26,0.2042,0.1081,-0.0508,0.0795,3.36,0.2637,1,1,0
u01292,salaried,67538.83,0.0363,0.0047,0.0037,0.154,1.65,-0.0308,1,3,0
u01293,small_biz,166877.78,0.2689,0.0718,0.0656,0.079,2.23,0.126,1,3,0
u01294,salaried,65024.16,0.055,-0.0009,0.2245,0.1928,0.55,-0.3924,2,6,1
u01295,freelancer,59507.7,0.3007,0.0853,0.0389,0.0395,3.75,0.2521,0,1,0
u01296,salaried,68114.63,0.0238,-0.0033,0.1361,0.2113,1.31,-0.3726,4,6,1
u01297,salaried,120406.65,0.0512,0.0206,0.0109,0.1768,4.95,0.3155,0,0,0
u01298,salaried,102582.61,0.0297,-0.005,0.0632,0.2133,3.8,-0.0621,4,5,0
u01299,small_biz,124873.49,0.3369,0.0631,0.0284,0.117,0.26,-0.1896,2,3,0
u01300,small_biz,133311.4,0.3473,-0.1574,-0.0027,0.1763,4.95,0.2524,0,1,0
u01301,small_biz,145265.1,0.2239,-0.0269,0.0196,0.1727,0.48,-0.1268,1,4,1
u01302,freelancer,87375.0,0.1604,0.031,0.114,0.0688,1.82,0.1641,1,2,0
u01303,small_biz,141926.47,0.5027,-0.0917,0.0787,0.0735,2.13,-0.1221,0,3,0
u01304,freelancer,75854.22,0.3051,-0.0068,0.0961,0.0056,7.07,0.4857,0,0,0
u01305,freelancer,58646.6,0.1499,-0.0409,0.0083,0.0642,2.88,0.2715,0,0,0
u01306,freelancer,47332.19,0.3192,-0.0502,0.0557,0.0785,1.06,0.0879,2,3,0
u01307,freelancer,51470.66,0.3972,-0.1584,-0.0102,0.1291,2.84,0.2401,1,2,0
u01308,small_biz,206068.65,0.1619,0.0219,-0.0078,0.1424,6.82,0.4601,0,0,0
u01309,small_biz,137673.02,0.1982,0.068,0.0056,0.0852,3.25,0.1415,1,1,0
u01310,freelancer,60295.51,0.3901,0.1064,0.0297,0.0082,1.94,0.1705,2,2,1
u01311,salaried,58303.57,0.0313,-0.0021,0.026,0.487,1.21,-0.4198,1,6,1
u01312,salaried,91347.07,0.0441,0.0253,-0.033,0.2292,3.25,0.1409,0,1,0
u01313,small_biz,167178.8,0.2005,-0.0957,-0.0719,0.0744,4.72,0.3511,0,0,0
u01314,salaried,65958.59,0.0599,-0.015,-0.0363,0.2827,1.18,-0.0644,4,5,0
u01315,freelancer,53169.84,0.1715,0.0448,0.0458,0.0065,4.29,0.2962,0,1,0
u01316,salaried,64336.65,0.04,-0.0047,0.0877,0.2467,0.54,-0.4304,2,6,1
u01317,freelancer,52268.84,0.2192,-0.0716,0.0499,0.1091,1.56,0.0859,2,3,0
u01318,freelancer,74954.93,0.1654,0.0123,0.0334,0.0452,7.12,0.4561,0,0,0
u01319,salaried,73227.96,0.0232,0.0064,0.009,0.1645,4.9,0.2326,0,1,0
u01320,freelancer,61132.06,0.2257,-0.0061,0.0166,0.0864,3.4,0.2941,0,1,0
u01321,small_biz,195867.6,0.3385,0.0176,0.0346,0.0587,7.15,0.4956,0,0,0
u01322,freelancer,60446.35,0.5065,0.0316,0.0263,0.1173,3.09,0.2719,1,2,0
u01323,small_biz,185466.75,0.251,0.0476,0.0062,0.0812,1.4,-0.0208,2,2,0
u01324,freelancer,38210.42,0.6003,-0.2823,0.0462,0.1777,-0.14,-0.2358,0,3,1
u01325,freelancer,44352.95,0.2203,0.0374,0.0652,0.0142,1.79,0.1252,1,3,0
u01326,freelancer,72560.91,0.2609,0.0063,0.0574,0.038,5.45,0.4602,0,0,0
u01327,freelancer,83591.54,0.1927,-0.0008,0.0981,0.0023,8.39,0.5523,0,0,0
u01328,salaried,109601.67,0.0166,-0.0028,0.0071,0.1391,3.95,0.1539,0,0,0
u01329,salaried,84695.95,0.042,0.0139,0.0699,0.412,2.88,-0.1904,2,6,0
u01330,small_biz,184764.19,0.2102,0.0632,0.0423,0.1161,6.81,0.4444,0,0,0
u01331,salaried,103995.03,0.0279,0.002,-0.0081,0.1282,6.91,0.4334,0,0,0
u01332,salaried,57335.77,0.0777,0.0185,0.0159,0.2731,0.19,-0.5214,4,6,1
u01333,freelancer,29121.31,0.3351,0.1446,0.0897,0.0842,-1.28,-0.3868,2,5,1
u01334,salaried,79689.24,0.032,0.0089,-0.048,0.3916,0.66,-0.362,1,6,1
u01335,small_biz,106699.99,0.4504,0.1931,0.0577,0.2279,0.94,-0.0867,0,3,0
u01336,small_biz,165570.3,0.3183,-0.0115,0.0496,0.1693,0.36,-0.1986,2,5,1
u01337,small_biz,153529.22,0.1991,-0.0542,0.058,0.1452,4.3,0.2817,0,1,0
u01338,small_biz,183668.4,0.1586,0.0492,0.0297,0.1556,2.32,0.0276,1,3,0
u01339,small_biz,172598.61,0.1334,0.0133,0.0815,0.1552,1.24,-0.1113,1,5,0
u01340,freelancer,88058.57,0.2296,0.034,-0.0249,0.0565,9.77,0.6021,0,0,0
u01341,freelancer,71354.19,0.1621,-0.0249,0.0857,0.0159,4.7,0.2688,0,2,0
u01342,salaried,109123.39,0.0515,-0.0044,0.0298,0.1336,4.66,0.1721,0,0,0
u01343,small_biz,185689.59,0.3531,0.0221,0.0375,0.1516,4.18,0.1902,1,2,0
u01344,small_biz,99955.84,0.1732,0.0118,0.0087,0.237,-0.97,-0.5537,1,6,1
u01345,salaried,106960.98,0.0403,0.0003,0.1388,0.2342,2.82,-0.19,0,6,0
u01346,small_biz,136441.47,0.1268,0.0442,0.0474,0.1109,0.39,-0.2754,1,6,1
u01347,salaried,121522.84,0.0475,-0.0026,0.0731,0.2662,3.61,0.0875,0,0,0
u01348,salaried,59974.26,0.0513,-0.0012,0.0335,0.3163,2.66,-0.2409,2,6,0
u01349,freelancer,53653.07,0.2749,0.007,0.0568,0.0845,2.18,0.1486,1,3,0
u01350,small_biz,110852.04,0.3639,-0.1387,0.0787,0.1471,1.92,-0.1525,1,3,0
u01351,small_biz,110293.56,0.1598,0.019,0.0576,0.2015,0.5,-0.4919,1,6,1
u01352,salaried,54838.29,0.0439,0.0016,0.041,0.5789,0.44,-0.628,3,6,1
u01353,salaried,82625.3,0.0286,0.0149,0.0542,0.2841,1.31,0.0227,1,1,0
u01354,freelancer,71807.99,0.3181,0.1795,-0.0,0.0304,8.01,0.4893,0,1,0
u01355,salaried,64755.06,0.0775,-0.0149,-0.022,0.4311,-0.29,-0.2785,3,6,1
u01356,small_biz,184733.26,0.4085,0.0997,0.0465,0.0812,1.63,-0.0316,1,2,0
u01357,freelancer,56384.13,0.1633,0.0348,0.0604,0.0866,4.59,0.3447,0,0,0
u01358,freelancer,71498.88,0.1407,-0.0629,0.0215,0.0561,2.77,0.2539,1,1,0
u01359,small_biz,115512.33,0.2161,0.029,0.0394,0.1168,3.17,0.0265,1,3,0
u01360,small_biz,217884.63,0.3171,-0.1014,0.0682,0.0956,7.05,0.4867,0,1,0
u01361,small_biz,120519.77,0.1459,-0.007,0.0527,0.1523,3.07,0.1499,0,0,0
u01362,small_biz,78589.85,0.4551,-0.0134,0.0395,0.2262,-0.12,-0.4137,2,4,1
u01363,salaried,54935.56,0.0282,0.0022,0.0373,0.3746,1.51,-0.333,2,6,1
u01364,small_biz,112099.15,0.2709,-0.0976,0.0169,0.1938,1.76,-0.2289,0,4,0
u01365,small_biz,166309.47,0.2623,-0.0734,0.0484,0.1249,4.71,0.2401,1,2,0
u01366,freelancer,72938.02,0.5783,-0.2965,0.0627,0.0796,3.97,0.2796,1,2,0
u01367,salaried,51130.6,0.081,0.0225,0.0161,0.6318,-0.86,-1.1557,2,6,1
u01368,salaried,65005.32,0.015,0.0011,-0.0064,0.2356,2.6,-0.0601,3,6,0
u01369,salaried,101933.22,0.0746,0.0354,0.0236,0.1608,2.65,0.0641,0,1,0
u01370,small_biz,141501.85,0.4446,0.0671,0.0665,0.1124,1.13,-0.031,2,2,0
u01371,freelancer,42100.94,0.7619,-0.345,0.0666,0.1461,-0.12,-0.3176,3,4,1
u01372,small_biz,218522.23,0.3902,0.15,0.0493,0.1183,6.14,0.3861,0,2,0
u01373,salaried,99427.3,0.0246,0.0011,0.1267,0.1674,3.28,-0.0548,5,5,0
u01374,small_biz,202281.82,0.1728,-0.0247,0.0644,0.1105,5.9,0.4241,0,0,0
u01375,small_biz,209464.58,0.1216,-0.0082,0.078,0.0639,8.05,0.5077,0,0,0
u01376,salaried,103511.56,0.0487,0.0035,0.0618,0.2949,4.7,0.1266,0,0,0
u01377,freelancer,46358.22,0.2101,0.049,0.0304,0.1164,2.73,0.2305,0,0,0
u01378,freelancer,89982.65,0.1285,-0.0551,0.0587,0.0684,8.58,0.5223,0,0,0
u01379,freelancer,42679.69,0.1721,0.022,0.0756,0.1714,0.8,0.0234,1,2,1
u01380,freelancer,74012.66,0.2765,0.1005,0.0165,0.0779,5.75,0.4219,1,1,0
u01381,freelancer,48084.32,0.4407,-0.066,0.0295,0.0441,2.69,0.2042,2,3,0
u01382,salaried,93272.17,0.041,0.0066,0.0136,0.3302,1.78,-0.2252,1,6,0
u01383,freelancer,39993.76,0.2721,0.0044,0.0103,0.012,0.28,-0.1947,0,4,0
u01384,small_biz,166297.17,0.1734,-0.0547,0.0441,0.0602,4.01,0.164,1,2,0
u01385,salaried,86013.01,0.0283,0.0146,0.0987,0.3594,1.91,-0.1717,3,6,0
u01386,salaried,93822.62,0.0362,0.0053,0.165,0.1835,6.88,0.3761,0,0,0
u01387,freelancer,77819.01,0.3452,-0.0139,0.0664,0.0571,8.35,0.4949,1,1,0
u01388,freelancer,56792.3,0.5484,-0.0928,0.1039,0.0713,3.32,0.2574,0,2,0
u01389,freelancer,77747.38,0.5032,0.1996,-0.0094,0.0918,3.19,0.3072,0,2,0
u01390,freelancer,65017.78,0.1553,0.0373,0.0021,0.082,4.34,0.3273,1,1,0
u01391,small_biz,228888.6,0.162,0.0053,0.0105,0.048,7.38,0.3959,0,0,0
u01392,freelancer,35768.13,0.2358,-0.0661,0.1259,0.0173,0.62,-0.0443,2,4,1
u01393,freelancer,54768.08,0.1514,-0.0662,0.1631,0.0573,0.81,0.0482,1,3,1
u01394,salaried,116429.28,0.0408,-0.0079,0.0019,0.2809,5.11,0.1654,0,0,0
u01395,small_biz,104653.84,0.2295,-0.0913,0.0469,0.257,0.22,-0.489,0,5,1
u01396,salaried,69171.0,0.0549,0.0228,0.1378,0.4647,1.78,-0.1532,5,6,0
u01397,salaried,102453.24,0.0398,0.0191,0.0752,0.3211,3.13,-0.0083,0,2,0
u01398,freelancer,81071.09,0.5376,0.1984,0.0557,0.0151,4.05,0.3312,0,2,0
u01399,freelancer,68215.41,0.2258,0.0701,-0.0132,0.0023,6.89,0.4372,0,0,0
u01400,salaried,55964.25,0.0852,-0.0002,0.1552,0.3395,-1.02,-0.7904,1,6,1
u01401,salaried,59096.61,0.0357,0.0119,0.022,0.4376,2.77,-0.1341,3,6,0
u01402,freelancer,44634.35,0.1311,-0.0495,0.0259,0.0255,0.93,0.0797,1,1,0
u01403,freelancer,35442.17,0.3273,0.0696,0.0364,0.1181,-0.9,-0.3793,1,4,1
u01404,small_biz,143200.71,0.3452,0.0332,0.0407,0.1478,0.67,-0.0885,0,3,1
u01405,small_biz,133433.59,0.254,-0.0943,-0.0093,0.1491,2.66,-0.0329,2,3,0
u01406,freelancer,46830.94,0.2296,-0.084,0.0194,0.1621,-0.25,-0.3656,1,5,1
u01407,small_biz,220758.99,0.2769,0.0771,0.0164,0.1121,4.33,0.1717,0,2,0
u01408,salaried,67535.95,0.0679,-0.0267,0.0556,0.3766,1.03,-0.0213,1,3,0
u01409,small_biz,135688.7,0.3316,0.0903,0.0761,0.2044,1.73,-0.0094,0,3,0
u01410,freelancer,58903.2,0.4834,-0.0949,0.0525,0.0257,1.04,0.0868,1,3,1
u01411,freelancer,47026.01,0.3141,-0.0641,-0.0295,0.0486,0.82,-0.0058,1,3,0
u01412,freelancer,55665.85,0.2195,-0.1021,0.0102,0.1327,3.76,0.2633,0,1,0
u01413,salaried,97309.95,0.0878,-0.0306,0.016,0.2749,4.11,0.0668,1,1,0
u01414,freelancer,90653.75,0.3202,0.0465,0.0251,0.0206,10.74,0.6106,0,0,0
u01415,small_biz,173865.8,0.4258,-0.0752,0.0368,0.0941,2.5,0.0651,0,2,0
u01416,freelancer,38235.41,0.1142,0.0098,0.0222,0.1145,1.71,0.0448,1,1,0
u01417,salaried,111824.75,0.0354,-0.0008,0.105,0.1388,4.17,0.1348,0,0,0
u01418,small_biz,130673.81,0.2754,-0.0369,0.0891,0.1291,4.13,0.1777,0,2,0
u01419,salaried,65909.68,0.0689,-0.0023,-0.0012,0.178,1.39,-0.0238,1,3,0
u01420,small_biz,163884.96,0.1348,0.0045,0.0361,0.1227,1.75,-0.0112,1,2,0
u01421,freelancer,70595.73,0.507,0.1028,0.0565,0.0344,4.14,0.3534,0,2,0
u01422,freelancer,70536.13,0.316,-0.1549,0.1168,0.0268,2.6,0.2081,1,3,0
u01423,salaried,106444.76,0.0629,0.0172,0.124,0.1154,4.59,0.1396,0,0,0
u01424,salaried,53844.36,0.1012,0.0101,0.0548,0.6223,0.7,-0.7416,1,6,1
u01425,small_biz,128857.97,0.0959,-0.0219,0.0861,0.0876,2.45,0.0808,0,1,0
u01426,small_biz,143024.36,0.3412,-0.1238,0.0661,0.1262,1.52,-0.1594,1,4,1
u01427,salaried,104651.27,0.0577,-0.0081,0.1803,0.314,1.08,-0.0486,1,4,1
u01428,small_biz,103175.3,0.3279,0.0151,-0.0001,0.2467,0.57,-0.1865,2,4,1
u01429,freelancer,42619.04,0.215,-0.079,0.0579,0.0889,0.08,-0.1254,3,5,1
u01430,small_biz,235470.51,0.2208,-0.048,-0.0099,0.1221,2.35,0.0566,2,3,0
u01431,salaried,121640.99,0.0474,0.0032,0.0511,0.1282,3.59,0.2811,0,0,0
u01432,salaried,84389.2,0.0749,-0.0001,0.036,0.2328,2.49,-0.2894,3,6,0
u01433,freelancer,40432.26,0.4145,0.1553,0.0049,0.1438,-1.7,-0.5402,1,6,1
u01434,small_biz,128123.33,0.3362,0.1293,0.0113,0.084,1.29,-0.2359,1,4,0
u01435,small_biz,186956.67,0.3463,-0.1066,-0.0002,0.0934,0.48,-0.1024,2,4,1
u01436,salaried,50220.71,0.0337,0.001,0.2011,0.5167,0.78,-0.9667,3,6,1
u01437,freelancer,66160.2,0.2565,0.1276,0.0425,0.1061,3.97,0.3375,0,0,0
u01438,freelancer,43138.72,0.6298,0.3405,0.1265,0.0606,-0.02,-0.0593,2,3,1
u01439,salaried,80831.82,0.0682,0.0261,0.0836,0.2923,2.9,-0.1448,1,6,0
u01440,freelancer,43329.83,0.2416,0.0463,0.0327,0.024,0.87,0.0538,1,4,0
u01441,freelancer,33443.89,0.5209,0.0537,-0.0154,0.0485,-0.15,-0.1364,2,5,1
u01442,salaried,76816.18,0.0286,-0.0073,0.1274,0.3695,1.77,-0.3361,2,6,1
u01443,salaried,105923.12,0.0324,0.0117,-0.0,0.2652,3.16,0.0745,0,0,0
u01444,freelancer,49776.12,0.2277,-0.0096,-0.0349,0.0501,-0.47,-0.1438,2,4,1
u01445,small_biz,205791.88,0.5133,0.1334,-0.0087,0.1442,3.84,0.2284,1,2,0
u01446,small_biz,150938.78,0.2525,-0.096,-0.0161,0.0818,1.25,0.0337,3,3,0
u01447,small_biz,177683.84,0.1532,-0.0305,0.0242,0.159,1.97,0.1121,0,1,0
u01448,salaried,100184.08,0.0243,0.0112,0.0308,0.1522,8.27,0.463,0,0,0
u01449,salaried,106842.85,0.0351,-0.0041,0.0632,0.137,4.27,0.3128,0,0,0
u01450,small_biz,200507.64,0.2648,0.1334,0.0494,0.0771,4.7,0.3012,0,0,0
u01451,salaried,82850.72,0.0573,-0.0003,0.0471,0.2726,1.56,-0.2881,3,6,1
u01452,small_biz,111912.64,0.4621,-0.102,0.0471,0.2462,-0.25,-0.4166,2,4,1
u01453,salaried,81121.15,0.0402,-0.0141,0.0516,0.166,4.93,0.2884,0,0,0
u01454,salaried,106244.24,0.039,-0.0151,0.0387,0.2404,3.77,0.1774,0,0,0
u01455,small_biz,189399.92,0.1998,-0.0779,0.016,0.1355,3.77,0.2973,0,0,0
u01456,salaried,62311.19,0.0253,0.0133,0.0314,0.2059,3.2,-0.0017,1,4,0
u01457,freelancer,46834.3,0.2786,0.1104,0.1301,0.0045,3.59,0.2973,1,1,0
u01458,salaried,111673.84,0.0361,-0.0066,-0.0256,0.0986,6.84,0.4188,0,0,0
u01459,small_biz,246134.38,0.0975,0.0192,0.0409,0.1132,5.91,0.3765,0,0,0
u01460,small_biz,130726.3,0.3389,0.0312,-0.0044,0.1842,2.23,-0.1084,1,4,0
u01461,freelancer,66985.59,0.2763,-0.1349,0.0549,0.098,4.79,0.3714,0,1,0
u01462,small_biz,155990.22,0.0955,0.0144,0.032,0.1247,2.15,-0.1039,1,3,0
u01463,small_biz,116878.34,0.2166,-0.0679,0.0537,0.1774,2.26,0.1367,0,1,0
u01464,small_biz,160539.81,0.321,0.0721,0.003,0.1837,2.78,0.0708,0,2,0
u01465,salaried,89321.1,0.0322,0.0009,0.044,0.1748,3.7,0.1467,0,0,0
u01466,salaried,108524.33,0.0322,0.0001,0.0493,0.2544,1.81,-0.0558,0,1,0
u01467,small_biz,136397.46,0.1453,-0.0389,0.0275,0.0778,3.32,0.1879,0,1,0
u01468,freelancer,53461.9,0.291,-0.0527,0.0179,0.1365,1.54,0.0951,2,2,0
u01469,small_biz,180887.64,0.2657,-0.0376,0.0301,0.1186,3.48,0.1309,0,2,0
u01470,salaried,113559.4,0.0902,0.0144,0.1426,0.2041,3.63,0.248,0,0,0
u01471,small_biz,174330.5,0.3137,-0.014,0.0302,0.0939,3.37,0.1414,1,2,0
u01472,salaried,84775.46,0.0243,0.003,0.0087,0.3434,1.37,-0.0914,4,5,0
u01473,small_biz,110613.0,0.4089,-0.043,0.0361,0.2138,-0.46,-0.3266,0,4,1
u01474,freelancer,57589.66,0.2335,0.0209,-0.01,0.0769,1.39,0.111,1,2,0
u01475,freelancer,70147.05,0.1238,0.0103,0.0954,0.0701,3.29,0.276,0,1,0
u01476,salaried,75317.72,0.0473,-0.0108,0.117,0.2425,2.43,-0.1852,2,6,0
u01477,small_biz,149720.36,0.3079,0.082,-0.0239,0.0757,3.94,0.3257,1,1,0
u01478,small_biz,105838.94,0.325,-0.1557,0.0402,0.2722,-1.19,-0.6479,0,6,1
u01479,freelancer,73984.16,0.4198,0.1175,0.0206,0.0823,3.54,0.2842,0,2,0
u01480,freelancer,51934.85,0.3225,0.0801,0.1133,0.124,0.16,-0.0732,3,4,1
u01481,small_biz,166750.62,0.3405,0.0027,0.0467,0.1429,2.35,0.0227,1,2,1
u01482,freelancer,65341.54,0.3731,-0.1084,0.0549,0.0078,4.15,0.3832,1,1,0
u01483,salaried,78106.55,0.033,-0.0155,0.0223,0.3322,2.11,-0.2761,3,6,0
u01484,freelancer,56431.65,0.2434,-0.0899,0.0128,0.136,3.13,0.2101,1,2,0
u01485,freelancer,34914.67,0.1805,-0.0337,0.0216,0.0815,-0.94,-0.3504,1,5,1
u01486,salaried,60070.15,0.0634,0.0005,0.2023,0.401,1.37,-0.494,1,6,1
u01487,freelancer,51779.54,0.3753,0.0567,-0.0252,0.0271,4.02,0.3074,0,1,0
u01488,small_biz,111133.07,0.2619,0.0395,0.0231,0.2517,0.86,-0.3678,2,6,1
u01489,freelancer,30677.49,0.4814,-0.1096,0.0733,0.0463,2.22,0.1431,0,2,0
u01490,salaried,84567.9,0.0604,-0.0114,0.0679,0.3604,-0.22,-0.4558,3,6,1
u01491,freelancer,37886.05,0.3734,-0.1888,0.0562,0.1619,-0.74,-0.3274,1,4,1
u01492,freelancer,60102.38,0.3414,0.1213,0.0148,0.0976,2.39,0.1215,0,1,0
u01493,small_biz,173956.05,0.3813,-0.1273,0.0496,0.1216,6.7,0.4453,1,1,0
u01494,freelancer,54992.24,0.4969,-0.0175,0.0448,0.0128,3.21,0.3177,2,2,0
u01495,small_biz,133358.72,0.1223,0.0201,0.0099,0.1263,-0.46,-0.4256,2,6,1
u01496,freelancer,78095.96,0.4097,0.0714,0.0715,0.0338,3.6,0.2824,0,1,0
u01497,freelancer,46493.61,0.3838,-0.0079,0.0998,0.0312,0.81,-0.0337,1,2,1
u01498,salaried,86520.15,0.0278,-0.0001,0.0269,0.2401,5.28,0.2401,0,0,0
u01499,freelancer,75659.35,0.1608,0.0069,0.0107,0.0382,10.18,0.548,0,0,0
u01500,salaried,92731.72,0.0782,0.009,0.066,0.2335,5.42,0.2351,0,0,0
u01501,freelancer,46295.2,0.3173,0.0357,0.0489,0.0187,2.26,0.1952,0,2,0
u01502,small_biz,187519.62,0.1491,0.0065,0.0718,0.1529,2.45,0.1667,0,0,0
u01503,small_biz,140121.82,0.2445,-0.0156,-0.0004,0.1714,0.1,-0.3603,3,6,1
u01504,freelancer,48810.32,0.2645,0.0291,0.09,0.0649,-0.25,-0.1886,2,4,1
u01505,small_biz,98599.98,0.2685,0.0696,0.0496,0.1036,1.76,0.0575,0,3,0
u01506,small_biz,188479.19,0.3573,-0.0048,0.0096,0.1552,3.98,0.212,0,2,0
u01507,freelancer,67465.17,0.3104,0.0505,0.0343,0.0781,6.26,0.4124,0,1,0
u01508,salaried,52972.03,0.0571,-0.0197,-0.0027,0.4745,-1.45,-0.9006,3,6,1
u01509,small_biz,235495.63,0.268,0.0413,0.0324,0.1082,4.16,0.1847,1,1,0
u01510,freelancer,46006.47,0.4441,-0.2289,0.0447,0.1568,1.12,0.0403,1,3,0
u01511,salaried,124658.75,0.0251,0.0017,0.087,0.1784,4.33,0.3214,0,0,0
u01512,small_biz,187335.36,0.2235,-0.0652,0.0235,0.1052,8.66,0.5505,0,0,0
u01513,freelancer,59687.29,0.4557,0.0999,0.0587,0.0293,8.15,0.5318,1,1,0
u01514,small_biz,118702.49,0.3572,-0.0149,0.0149,0.2304,1.3,-0.2394,3,4,0
u01515,salaried,117591.94,0.0865,0.0092,-0.0216,0.2336,5.82,0.2566,0,0,0
u01516,small_biz,93959.74,0.5045,-0.0695,0.0354,0.3159,1.74,-0.2222,3,4,0
u01517,small_biz,244250.86,0.319,0.0039,0.0243,0.0879,8.36,0.4858,0,0,0
u01518,salaried,54971.96,0.0348,-0.0107,0.0202,0.3727,-1.23,-0.6522,0,6,1
u01519,small_biz,107070.57,0.3644,-0.0417,0.0395,0.1055,1.03,-0.1047,3,5,0
u01520,freelancer,62166.99,0.2811,-0.1302,-0.0001,0.0584,1.62,0.1155,0,2,0
u01521,freelancer,45494.16,0.3854,0.0058,0.036,0.04,1.29,0.1022,2,3,1
u01522,freelancer,49664.87,0.1459,0.0233,0.0804,0.0735,0.91,0.0234,2,2,0
u01523,small_biz,127181.57,0.6856,-0.0023,0.0493,0.1619,-0.02,-0.3053,2,5,1
u01524,freelancer,55643.83,0.2869,0.0941,0.0996,0.0241,7.33,0.5162,0,0,0
u01525,small_biz,96205.27,0.206,-0.0076,0.0536,0.2685,-0.59,-0.3952,3,6,1
u01526,small_biz,160371.12,0.2661,0.1053,0.0294,0.1075,4.93,0.2796,0,1,0
u01527,freelancer,46775.78,0.3161,-0.0999,0.0639,0.0625,3.22,0.2979,1,1,0
u01528,small_biz,138825.7,0.2833,0.0375,0.0126,0.1228,4.42,0.222,1,2,0
u01529,salaried,102937.6,0.0313,0.0032,-0.013,0.1408,5.65,0.3816,0,0,0
u01530,salaried,57333.67,0.0778,-0.0049,0.0415,0.4904,0.34,-0.6851,2,6,1
u01531,freelancer,45211.4,0.3766,0.1716,0.0766,0.0559,2.11,0.1108,1,4,1
u01532,salaried,94544.86,0.0343,-0.0029,0.0035,0.3067,2.93,0.2062,0,0,0
u01533,small_biz,168783.29,0.3094,0.0721,-0.0102,0.1382,3.91,0.2633,1,1,0
u01534,salaried,111311.06,0.0652,-0.0182,0.0413,0.1031,3.78,0.2355,1,1,0
u01535,freelancer,44314.22,0.4255,0.1556,0.0309,0.0811,2.69,0.1839,0,1,0
u01536,small_biz,228747.64,0.3709,-0.0802,0.0065,0.108,4.72,0.2687,0,1,0
u01537,small_biz,139043.92,0.3951,-0.1525,0.0246,0.1887,1.14,0.016,2,3,0
u01538,salaried,95683.84,0.0723,-0.0227,0.0941,0.2026,5.14,0.241,0,0,0
u01539,salaried,71032.53,0.0277,0.0066,0.0461,0.1632,4.49,0.0896,0,0,0
u01540,freelancer,42904.15,0.1876,0.0391,0.0949,0.1535,0.01,-0.0468,2,4,1
u01541,small_biz,124195.31,0.3353,0.0054,0.033,0.2221,-0.17,-0.536,1,6,1
u01542,small_biz,229409.34,0.2495,0.0212,0.0636,0.0518,3.35,0.2375,1,1,0
u01543,freelancer,48467.58,0.1643,-0.0341,-0.0363,0.124,1.19,0.0032,1,4,0
u01544,small_biz,129793.67,0.383,-0.095,0.0664,0.1672,2.35,-0.061,1,2,0
u01545,small_biz,143852.61,0.2008,0.048,0.0342,0.0917,4.13,0.2231,1,1,0
u01546,freelancer,75568.82,0.2533,-0.0553,0.0044,0.0237,11.91,0.6406,0,0,0
u01547,freelancer,45160.09,0.2679,0.0509,0.102,0.146,1.29,0.0555,2,2,0
u01548,salaried,103360.72,0.0501,-0.0034,0.0692,0.3093,3.93,0.1818,0,0,0
u01549,salaried,87673.07,0.0095,0.002,0.0004,0.3956,1.53,-0.2153,4,6,1
u01550,freelancer,56886.36,0.3762,0.0143,0.0965,0.1363,1.32,-0.01,1,3,0
u01551,small_biz,136880.57,0.1532,-0.0548,0.0163,0.162,3.39,0.1793,0,1,0
u01552,salaried,113457.56,0.0358,-0.02,0.0275,0.1225,3.89,0.1834,0,1,0
u01553,salaried,51432.43,0.0806,-0.0247,0.0148,0.2286,0.51,-0.2267,4,5,1
u01554,freelancer,85502.28,0.2191,0.0604,0.0714,0.0262,10.71,0.5734,0,0,0
u01555,small_biz,110710.97,0.2875,-0.036,-0.06,0.1424,1.49,-0.2965,1,5,1
u01556,salaried,95289.02,0.055,0.0097,0.0287,0.3589,1.26,-0.0365,2,4,0
u01557,freelancer,69963.78,0.2589,-0.0473,0.0471,0.0079,6.04,0.4505,0,1,0
u01558,freelancer,79793.72,0.2655,-0.1045,0.0749,0.0939,6.51,0.4423,0,1,0
u01559,freelancer,44884.07,0.2698,0.0323,-0.0109,0.0702,0.03,-0.2546,0,3,0
u01560,freelancer,73100.23,0.4381,-0.2028,0.0773,0.0356,6.45,0.4097,0,2,0
u01561,salaried,61470.27,0.0406,0.0112,-0.0364,0.3899,0.8,-0.118,4,6,0
u01562,salaried,75249.63,0.0146,0.0007,0.0624,0.2536,1.34,-0.5221,5,6,1
u01563,freelancer,55690.86,0.1421,0.0619,0.041,0.0041,2.7,0.1807,1,1,0
u01564,freelancer,37458.23,0.3345,-0.0814,0.0095,0.1822,-0.45,-0.209,2,5,1
u01565,small_biz,120476.87,0.2314,0.053,0.0046,0.2221,-0.35,-0.408,1,6,1
u01566,freelancer,61353.54,0.0965,0.0221,0.0387,0.0962,0.12,-0.1132,2,4,1
u01567,small_biz,161805.71,0.3304,0.0515,0.0523,0.0645,2.73,0.2087,0,1,0
u01568,small_biz,137494.92,0.3046,-0.0352,0.0138,0.1087,2.41,0.1009,1,2,0
u01569,freelancer,65820.76,0.494,-0.0525,0.0814,0.0395,5.45,0.4292,2,2,0
u01570,salaried,60825.49,0.0262,-0.0078,0.0051,0.2881,2.31,-0.2414,3,6,0
u01571,freelancer,83313.66,0.2627,0.0628,0.041,0.0918,4.95,0.3216,1,1,0
u01572,salaried,110304.62,0.0512,0.0204,0.0653,0.2596,4.65,0.1206,0,0,0
u01573,freelancer,56620.56,0.2447,0.034,0.073,0.1247,4.94,0.3856,0,0,0
u01574,small_biz,210335.54,0.1716,0.0093,0.0403,0.0862,5.37,0.3126,0,1,0
u01575,salaried,97701.09,0.0898,-0.002,-0.0004,0.1567,4.18,0.0557,0,2,0
u01576,freelancer,60981.8,0.409,-0.167,-0.0562,0.0522,7.87,0.5335,0,1,0
u01577,small_biz,226584.98,0.2298,-0.0198,0.0069,0.046,6.1,0.3305,2,2,0
u01578,freelancer,60968.4,0.2359,0.1267,0.0769,0.1086,2.62,0.2459,0,1,0
u01579,freelancer,64283.82,0.3302,-0.0176,0.0713,0.0242,6.31,0.481,0,1,0
u01580,freelancer,70838.94,0.1894,-0.0339,0.0422,0.1036,3.82,0.3419,0,0,0
u01581,salaried,57606.63,0.0482,-0.0257,-0.0069,0.5084,2.4,-0.2478,4,6,0
u01582,small_biz,202087.27,0.1435,0.0137,0.0599,0.0743,9.32,0.5186,0,0,0
u01583,freelancer,74097.82,0.2305,0.0514,-0.0146,0.0892,6.87,0.4635,1,1,0
u01584,freelancer,48872.57,0.3778,-0.1293,0.0809,0.023,2.01,0.141,1,2,1
u01585,freelancer,84693.93,0.2367,-0.0097,0.0959,0.0138,9.36,0.5705,0,0,0
u01586,small_biz,162198.04,0.1557,-0.057,0.0323,0.1372,1.28,-0.2063,2,6,1
u01587,salaried,102802.36,0.0667,-0.0213,0.0358,0.1967,4.8,0.2598,0,0,0
u01588,freelancer,47909.79,0.3642,-0.0493,-0.0031,0.1314,-0.21,-0.1093,2,3,0
u01589,freelancer,43997.38,0.3486,0.1202,0.0727,0.0088,3.31,0.2781,1,1,0
u01590,small_biz,112089.69,0.2085,0.0002,0.0507,0.183,0.56,-0.1791,1,4,1
u01591,freelancer,70331.66,0.3655,0.0272,0.0345,0.0485,4.67,0.3372,0,2,0
u01592,salaried,52597.24,0.0525,0.0106,0.0931,0.5036,0.56,-0.5888,1,6,1
u01593,freelancer,48053.85,0.483,-0.0985,0.007,0.1563,1.35,0.0988,1,3,0
u01594,freelancer,80462.9,0.1193,-0.0064,0.1337,0.074,7.83,0.5072,0,0,0
u01595,salaried,55303.38,0.0331,0.0084,0.0756,0.3194,0.32,-0.6507,2,6,1
u01596,freelancer,75963.78,0.3922,0.104,-0.0121,0.0941,7.1,0.5289,1,1,0
u01597,salaried,97707.96,0.0791,-0.0065,-0.0231,0.2057,3.02,-0.0155,0,2,0
u01598,salaried,96011.63,0.0475,-0.0179,0.1382,0.308,1.77,-0.0056,1,3,0
u01599,salaried,58757.14,0.0327,-0.0029,0.0716,0.3134,0.51,-0.6927,5,6,1
u01600,freelancer,64101.94,0.2546,-0.0227,0.0757,0.0566,4.08,0.2546,0,1,0
u01601,salaried,104586.71,0.039,-0.0171,0.1394,0.2685,4.25,0.2035,0,0,0
u01602,small_biz,150443.11,0.3087,-0.0905,0.0751,0.0709,3.54,0.2034,0,2,0
u01603,small_biz,83379.46,0.1949,-0.0769,0.0507,0.2494,0.85,-0.2011,4,5,1
u01604,salaried,86658.68,0.073,-0.0149,0.0341,0.246,3.57,0.1551,0,0,0
u01605,salaried,108451.98,0.017,-0.0002,0.0726,0.113,3.45,0.2196,0,1,0
u01606,small_biz,157151.45,0.2002,-0.0716,0.0396,0.0671,1.85,0.1196,2,2,0
u01607,salaried,69128.64,0.0786,0.0151,0.0571,0.2733,0.71,-0.0667,1,3,0
u01608,freelancer,47483.82,0.1092,-0.036,0.015,0.0974,-0.5,-0.2325,3,6,1
u01609,salaried,101034.14,0.0325,0.0056,0.0414,0.1149,4.03,0.0952,0,0,0
u01610,freelancer,46640.11,0.4925,-0.0109,0.0544,0.1405,-0.07,-0.247,1,4,1
u01611,freelancer,40928.92,0.4091,0.1423,0.0942,0.1428,0.25,-0.0982,0,4,0
u01612,salaried,85640.03,0.0322,-0.0044,0.0366,0.3721,1.96,-0.037,1,2,0
u01613,freelancer,50716.53,0.2217,-0.0682,0.0599,0.0809,0.15,-0.0374,3,3,1
u01614,salaried,117180.04,0.0497,-0.0167,0.0492,0.2962,5.07,0.2166,1,1,0
u01615,salaried,66561.81,0.0371,0.0088,0.0138,0.455,0.41,-0.1967,2,6,1
u01616,salaried,75534.77,0.02,0.0095,0.1445,0.4164,-0.38,-0.6236,2,6,1
u01617,freelancer,38673.08,0.5864,-0.0672,0.075,0.167,0.82,-0.0015,3,4,0
u01618,salaried,56849.99,0.0295,0.0088,0.2006,0.4675,-0.69,-0.6072,3,6,1
u01619,small_biz,102769.5,0.2484,-0.1341,0.079,0.0987,0.76,-0.2901,2,5,1
u01620,small_biz,157454.12,0.4082,-0.074,0.0562,0.1528,0.98,-0.3518,1,5,1
u01621,freelancer,85002.61,0.2102,0.0394,0.0688,0.0811,6.19,0.3871,1,2,0
u01622,small_biz,187503.73,0.267,-0.1256,0.0005,0.1453,4.87,0.3284,1,2,0
u01623,freelancer,64646.12,0.4364,0.0433,0.0528,0.026,3.92,0.3122,1,2,0
u01624,small_biz,90072.79,0.3653,0.0511,0.0898,0.2992,-1.12,-1.0488,3,6,1
u01625,salaried,83506.12,0.0796,0.0185,0.0568,0.4171,0.98,-0.4346,1,6,1
u01626,salaried,58692.18,0.0511,0.007,0.0122,0.4908,2.11,-0.3791,1,6,0
u01627,freelancer,40916.06,0.215,-0.0114,0.0775,0.1244,2.48,0.1732,1,1,1
u01628,salaried,122700.64,0.0257,-0.002,0.055,0.2685,2.28,0.11,0,1,0
u01629,salaried,110935.34,0.0382,0.0108,0.0648,0.2425,3.63,0.0617,0,1,0
u01630,freelancer,53610.96,0.2703,-0.0568,0.0479,0.1486,0.09,-0.1091,1,3,1
u01631,small_biz,153169.57,0.1983,-0.0187,0.0036,0.1109,-0.62,-0.3262,1,4,1
u01632,small_biz,157815.52,0.2537,0.0431,-0.0227,0.1609,4.09,0.1684,0,1,0
u01633,salaried,89335.72,0.0576,0.02,0.1164,0.3119,4.14,0.1304,0,0,0
u01634,freelancer,52702.02,0.1563,0.0002,0.0943,0.1258,3.31,0.2843,0,0,0
u01635,salaried,95241.69,0.0457,0.0142,0.0759,0.152,5.38,0.1967,0,0,0
u01636,freelancer,38005.34,0.2176,0.0143,0.1056,0.017,1.16,0.0631,0,1,0
u01637,freelancer,50256.45,0.1638,-0.0552,-0.0099,0.0754,3.84,0.2506,0,1,0
u01638,freelancer,64899.75,0.467,-0.2067,0.0162,0.0732,4.0,0.3019,1,2,0
u01639,freelancer,48631.06,0.4437,0.0913,0.0265,0.0051,5.24,0.3971,0,2,0
u01640,freelancer,48357.7,0.1603,-0.0676,0.1124,0.1021,2.87,0.1717,0,1,0
u01641,freelancer,42295.92,0.7778,-0.0654,0.0821,0.0869,2.47,0.2334,0,2,0
u01642,freelancer,36500.42,0.4215,0.0287,0.0834,0.1801,0.48,-0.1291,1,5,0
u01643,salaried,93995.58,0.0606,-0.0033,0.1192,0.2312,1.75,-0.2447,1,6,1
u01644,small_biz,237273.54,0.1336,-0.0054,0.0331,0.0928,9.35,0.5692,0,0,0
u01645,salaried,61977.95,0.0389,-0.0014,0.0276,0.3161,0.14,-0.1989,3,6,1
u01646,freelancer,57028.55,0.5948,0.2053,0.0801,0.1267,0.39,-0.065,2,3,0
u01647,freelancer,56794.89,0.5328,-0.2249,0.048,0.0803,4.78,0.3624,1,1,0
u01648,freelancer,57225.58,0.4069,-0.063,-0.037,0.0517,1.92,0.1326,1,3,0
u01649,small_biz,85022.39,0.4456,0.1727,0.0074,0.1668,-0.91,-0.7102,1,5,1
u01650,small_biz,162145.36,0.2768,-0.0257,0.0084,0.1141,2.08,0.0334,0,2,0
u01651,freelancer,85087.37,0.2123,0.0057,0.062,0.0723,5.31,0.3917,1,1,0
u01652,small_biz,142784.29,0.2309,-0.1096,0.008,0.2089,2.8,0.0151,1,3,0
u01653,salaried,60636.29,0.0267,0.005,0.0272,0.2521,-0.54,-0.4803,1,6,1
u01654,small_biz,145656.09,0.2307,-0.0225,0.0118,0.1132,2.53,0.0055,1,2,0
u01655,small_biz,150833.92,0.3414,-0.081,0.068,0.1496,1.31,-0.0776,1,4,1
u01656,salaried,68278.01,0.0327,-0.0,0.0202,0.3422,1.95,-0.4968,2,6,1
u01657,freelancer,72772.29,0.2613,0.0648,0.0099,0.0133,6.33,0.4513,0,0,0
u01658,salaried,114884.08,0.0332,-0.015,-0.037,0.2322,2.9,0.1608,0,0,0
u01659,salaried,109093.13,0.0408,0.0148,-0.0311,0.0963,6.57,0.4205,0,0,0
u01660,freelancer,83494.69,0.3049,-0.0582,0.1051,0.0066,6.51,0.4821,0,0,0
u01661,salaried,115903.58,0.0699,-0.0081,0.1053,0.1958,5.36,0.2715,0,1,0
u01662,small_biz,107318.05,0.4086,0.0203,0.0464,0.1223,3.55,0.1036,1,3,0
u01663,small_biz,269444.12,0.0801,-0.0015,0.0237,0.0532,10.39,0.4889,0,0,0
u01664,salaried,48445.73,0.0859,0.0428,0.0398,0.6501,0.62,-0.9462,2,6,1
u01665,freelancer,65568.79,0.3131,0.1614,0.0515,0.0374,1.65,0.1007,1,3,0
u01666,freelancer,63145.84,0.1518,-0.0578,0.048,0.0323,3.32,0.2225,1,1,0
u01667,small_biz,148117.94,0.3699,0.0787,0.0009,0.2018,2.13,-0.0124,2,4,0
u01668,salaried,117074.21,0.0266,-0.0003,0.1069,0.1535,5.29,0.3687,1,1,0
u01669,salaried,64061.52,0.0554,-0.0188,0.0637,0.214,0.46,-0.4955,2,6,1
u01670,freelancer,74226.47,0.3631,0.136,0.0862,0.0135,4.33,0.3394,1,2,0
u01671,freelancer,66984.0,0.3706,-0.1589,0.0252,0.0475,3.0,0.3066,0,2,0
u01672,freelancer,55439.21,0.346,-0.0912,0.1752,0.0944,0.9,-0.0155,2,4,1
u01673,small_biz,192904.73,0.2566,-0.0367,0.0838,0.106,7.38,0.4721,0,0,0
u01674,small_biz,170183.53,0.1495,-0.0454,0.1033,0.1503,4.65,0.3378,1,1,0
u01675,freelancer,50588.41,0.2905,-0.1183,0.0614,0.0665,0.8,0.015,1,3,0
u01676,freelancer,50823.38,0.3732,-0.0886,-0.0009,0.1224,2.66,0.1989,1,1,0
u01677,small_biz,92066.22,0.3515,0.0645,0.0213,0.1874,2.52,-0.0701,0,4,0
u01678,freelancer,58134.64,0.3157,-0.0556,0.081,0.0737,4.59,0.3729,0,1,0
u01679,small_biz,116569.16,0.2231,-0.0889,0.0258,0.2038,2.0,0.1095,0,2,0
u01680,freelancer,53548.45,0.1846,-0.0424,0.1271,0.1055,2.93,0.1617,1,2,0
u01681,small_biz,253658.52,0.193,-0.0205,0.0476,0.0602,11.33,0.6288,0,0,0
u01682,freelancer,66286.17,0.3578,0.0439,0.042,0.0271,4.6,0.406,0,0,0
u01683,salaried,108959.68,0.0808,0.0416,0.0251,0.2031,3.6,0.2192,0,0,0
u01684,small_biz,140958.64,0.2677,0.0378,0.0773,0.2064,3.19,0.1309,1,2,0
u01685,small_biz,130230.91,0.359,0.0748,0.0377,0.2061,2.57,0.0116,0,3,0
u01686,freelancer,77629.95,0.3595,-0.0847,0.0983,0.0905,3.15,0.2753,0,1,0
u01687,freelancer,43124.76,0.2035,-0.0134,0.086,0.1547,-0.02,-0.2186,1,5,1
u01688,salaried,62221.4,0.0692,0.0264,0.1951,0.3636,1.15,-0.1933,1,6,1
u01689,salaried,89840.95,0.0814,0.0078,0.1915,0.2977,1.52,-0.3805,3,6,1
u01690,small_biz,147383.65,0.2687,0.0372,0.0261,0.1379,2.1,-0.0331,2,2,0
u01691,freelancer,59455.1,0.195,-0.0067,0.0874,0.0982,3.55,0.294,1,1,0
u01692,freelancer,38461.75,0.1454,0.0077,0.0474,0.0811,0.97,0.0112,1,2,0
u01693,freelancer,83637.52,0.1413,0.0141,-0.0006,0.0837,3.65,0.2629,0,1,0
u01694,small_biz,184196.9,0.3121,0.0712,-0.013,0.0687,5.07,0.2447,0,2,0
u01695,salaried,79200.42,0.0416,0.0034,-0.0102,0.2228,5.26,0.2401,0,0,0
u01696,freelancer,34174.59,0.2505,0.0373,0.0611,0.0353,-0.07,-0.0987,0,2,1
u01697,salaried,66268.42,0.0732,0.0185,0.0603,0.3073,1.62,-0.2271,3,6,1
u01698,salaried,112192.66,0.0236,-0.0027,0.0143,0.244,3.01,0.0679,0,0,0
u01699,small_biz,226428.9,0.1845,0.0071,0.0214,0.0877,7.03,0.408,0,0,0
u01700,salaried,94914.46,0.0367,0.018,0.0036,0.232,4.64,0.1593,0,0,0
u01701,salaried,66508.68,0.0893,-0.004,0.229,0.3654,-1.47,-0.9769,2,6,1
u01702,freelancer,76083.82,0.6112,-0.1716,0.0791,0.0598,5.01,0.2883,1,2,0
u01703,small_biz,163231.22,0.1945,-0.0126,-0.0292,0.0922,2.78,0.1869,1,2,0
u01704,freelancer,72049.34,0.2708,-0.0337,0.0845,0.0316,2.23,0.212,0,1,0
u01705,freelancer,77262.77,0.1883,0.0453,0.0992,0.0122,4.16,0.3369,0,1,0
u01706,small_biz,116504.1,0.336,-0.1257,0.0597,0.2126,2.58,-0.0252,0,2,0
u01707,freelancer,66060.15,0.1204,0.0228,0.0433,0.0371,7.02,0.494,0,0,0
u01708,freelancer,60214.6,0.1663,0.0512,-0.03,0.0948,2.92,0.2523,0,1,0
u01709,salaried,57135.52,0.0328,-0.0071,0.0656,0.494,0.24,-0.5174,5,6,1
u01710,small_biz,184105.9,0.2444,0.0982,0.11,0.1423,3.58,0.158,2,2,0
u01711,freelancer,79268.82,0.236,0.122,0.0323,0.0484,6.88,0.4561,1,1,0
u01712,salaried,56498.68,0.0661,0.02,0.0257,0.411,2.05,-0.4496,2,6,0
u01713,salaried,50532.64,0.0488,0.0126,-0.029,0.6495,0.66,-1.1076,2,6,1
u01714,small_biz,205092.48,0.3003,-0.0896,0.0443,0.1011,3.53,0.1014,0,1,0
u01715,small_biz,114255.26,0.5019,0.0925,0.0301,0.2417,-0.57,-0.7026,1,6,1
u01716,salaried,63191.13,0.0419,-0.008,0.037,0.2406,1.49,-0.0183,0,1,0
u01717,salaried,86049.1,0.0555,-0.009,0.0515,0.2748,2.17,-0.1985,1,6,0
u01718,freelancer,49513.04,0.3281,-0.1118,0.0249,0.0911,0.26,-0.2102,1,3,1
u01719,small_biz,118270.86,0.2762,-0.0539,0.0575,0.2512,0.57,-0.1423,1,3,1
u01720,freelancer,54589.68,0.2504,-0.0648,0.0196,0.1097,1.77,0.1339,0,2,1
u01721,freelancer,62031.95,0.2708,0.061,0.0079,0.1113,2.74,0.2744,1,1,0
u01722,freelancer,46492.22,0.3519,0.015,0.0822,0.0967,1.31,0.063,1,2,0
u01723,salaried,108746.9,0.0337,-0.0078,0.0452,0.125,3.95,0.1563,0,0,0
u01724,freelancer,84472.35,0.3344,-0.0433,0.1414,0.0713,5.73,0.4526,0,1,0
u01725,freelancer,78480.83,0.2445,0.0015,0.1016,0.0617,3.58,0.2959,0,1,0
u01726,small_biz,159138.38,0.0702,-0.0151,0.0402,0.1292,4.04,0.3152,0,0,0
u01727,freelancer,56944.93,0.2536,0.0874,0.0865,0.1223,4.02,0.3638,0,0,0
u01728,small_biz,208967.61,0.3434,-0.0287,0.0702,0.1254,5.87,0.3727,0,1,0
u01729,freelancer,65011.35,0.3406,-0.1415,0.197,0.0279,3.31,0.2583,0,2,0
u01730,small_biz,115644.15,0.3929,-0.0208,0.0525,0.1277,1.69,-0.2296,0,4,0
u01731,salaried,78294.96,0.0694,0.0358,-0.0013,0.2534,3.34,-0.0216,3,3,0
u01732,small_biz,142710.29,0.1413,-0.0683,0.0255,0.0923,5.27,0.3172,0,0,0
u01733,freelancer,57543.88,0.3121,-0.1271,0.0019,0.0824,4.05,0.3525,0,1,0
u01734,freelancer,45655.41,0.3476,-0.1407,0.0843,0.0006,0.88,-0.0843,1,5,1
u01735,freelancer,42285.06,0.2421,-0.0237,0.0715,0.0533,2.24,0.1955,0,1,1
u01736,small_biz,181877.32,0.1479,0.0648,0.0217,0.1493,6.7,0.4084,0,0,0
u01737,freelancer,45152.56,0.3255,0.084,0.0777,0.1746,-0.54,-0.1941,3,4,1
u01738,small_biz,185664.86,0.1142,0.0183,0.0263,0.1214,3.85,0.2971,0,0,0
u01739,freelancer,76160.49,0.3044,0.1175,0.021,0.021,5.08,0.397,0,0,0
u01740,salaried,57013.08,0.0568,-0.0051,0.0295,0.2697,-0.8,-0.8063,3,6,1
u01741,salaried,77861.44,0.055,0.0246,0.0401,0.1755,3.36,0.1526,0,0,0
u01742,salaried,55490.37,0.0291,0.0118,0.0154,0.5855,-0.53,-0.6956,3,6,1
u01743,small_biz,118202.57,0.3386,0.0683,0.0256,0.2481,0.29,-0.2674,2,5,0
u01744,salaried,93399.79,0.0561,0.0002,0.2033,0.2151,2.97,0.0447,1,1,0
u01745,salaried,79069.6,0.0314,0.0049,0.0238,0.1385,5.11,0.1807,0,0,0
u01746,freelancer,62465.06,0.417,-0.1085,-0.0011,0.0977,0.71,-0.0034,1,4,1
u01747,freelancer,49080.8,0.1712,0.012,0.0197,0.0,1.52,0.0322,1,4,0
u01748,salaried,60684.71,0.0496,0.014,0.0818,0.2915,0.92,-0.5311,4,6,1
u01749,small_biz,187074.09,0.2907,-0.123,-0.0178,0.1515,3.59,0.1131,1,2,0
u01750,salaried,102343.53,0.0643,0.0304,-0.0228,0.2441,2.66,0.1188,1,1,0
u01751,freelancer,74908.62,0.3215,-0.0665,-0.0025,0.0082,4.53,0.4128,1,1,0
u01752,salaried,93376.72,0.0529,0.0034,0.0153,0.1115,4.5,0.1245,1,1,0
u01753,freelancer,75463.33,0.3353,0.0755,0.0245,0.0029,11.74,0.6375,0,0,0
u01754,small_biz,167081.11,0.4847,-0.0128,0.033,0.1473,2.79,0.2007,2,3,0
u01755,small_biz,203881.69,0.1074,-0.0274,0.0638,0.0795,3.5,0.2362,0,0,0
u01756,freelancer,53879.94,0.3199,-0.0024,0.0101,0.1462,0.59,-0.1289,1,4,1
u01757,small_biz,123193.5,0.1364,-0.0048,0.0417,0.2028,2.2,0.0784,0,1,0
u01758,freelancer,56225.35,0.1532,0.0762,0.0794,0.0091,3.25,0.2382,0,0,0
u01759,salaried,77177.35,0.0717,0.0215,0.09,0.219,5.1,0.259,0,0,0
u01760,small_biz,144491.36,0.3107,-0.0194,0.0429,0.1137,2.39,-0.028,1,2,0
u01761,small_biz,154073.38,0.2607,0.1295,0.0492,0.126,6.33,0.3767,0,0,0
u01762,salaried,68526.47,0.0281,0.0044,0.0002,0.4035,1.59,-0.344,3,6,1
u01763,small_biz,111651.83,0.1788,0.0236,0.0387,0.137,2.08,-0.0944,1,4,0
u01764,small_biz,229556.7,0.2696,0.057,0.0858,0.0943,6.64,0.4021,0,1,0
u01765,salaried,109125.12,0.0421,0.0018,0.0509,0.2414,4.62,0.2144,0,0,0
u01766,salaried,114754.62,0.0374,0.011,0.0419,0.1639,7.12,0.3921,0,0,0
u01767,freelancer,73069.11,0.4307,-0.0739,0.0577,0.0823,2.47,0.2128,2,3,0
u01768,salaried,108255.35,0.0785,0.0378,0.0325,0.2721,4.39,0.216,0,0,0
u01769,small_biz,238515.17,0.2027,-0.0208,0.0235,0.0704,3.98,0.265,0,0,0
u01770,salaried,90425.2,0.0256,-0.0014,0.0638,0.1624,3.09,-0.0116,1,3,0
u01771,small_biz,231756.95,0.3617,-0.0893,0.0124,0.1241,5.59,0.3073,0,1,0
u01772,small_biz,190548.12,0.2939,0.0722,0.0276,0.1026,3.7,0.2228,0,1,0
u01773,salaried,82314.13,0.0747,-0.0262,0.0491,0.3177,4.1,0.1268,0,0,0
u01774,freelancer,61360.68,0.1979,-0.0585,0.0414,0.1091,5.35,0.4067,0,0,0
u01775,salaried,66832.44,0.071,0.0218,0.0127,0.2094,1.63,-0.1583,1,5,1
u01776,small_biz,138296.41,0.3319,-0.0802,0.0415,0.1414,3.54,0.1733,0,1,0
u01777,salaried,120316.96,0.0727,0.0192,0.0082,0.2657,4.38,0.175,0,0,0
u01778,small_biz,146791.04,0.417,0.0561,-0.0017,0.0835,3.76,0.1407,1,2,0
u01779,small_biz,100543.33,0.4215,0.221,-0.0228,0.2408,0.67,-0.5023,0,5,1
u01780,small_biz,176546.89,0.2495,0.1394,-0.0054,0.141,1.32,0.0415,1,3,0
u01781,freelancer,67350.21,0.2232,0.0232,0.0279,0.0102,0.85,0.0329,0,2,0
u01782,small_biz,165796.55,0.2642,-0.1405,0.0141,0.0736,4.34,0.2346,0,1,0
u01783,salaried,99810.97,0.0459,0.0225,0.0517,0.1072,3.13,0.1465,1,1,0
u01784,freelancer,68201.34,0.194,0.0506,0.036,0.0422,2.38,0.1825,0,2,0
u01785,salaried,110733.12,0.0783,-0.0136,0.0936,0.1774,4.59,0.2612,0,1,0
u01786,freelancer,69019.93,0.2503,0.0796,0.0643,0.009,4.81,0.3807,0,1,0
u01787,freelancer,82976.6,0.2651,-0.1037,0.0361,0.0291,4.21,0.3409,0,0,0
u01788,small_biz,215024.47,0.2473,0.1325,0.0523,0.0783,2.19,0.0521,2,2,0
u01789,salaried,104719.46,0.0435,0.0015,0.0381,0.2751,4.25,0.1716,0,0,0
u01790,salaried,72146.59,0.0836,-0.0465,0.0094,0.145,1.05,-0.1541,3,5,0
u01791,freelancer,75937.96,0.2357,-0.0364,0.0222,0.088,4.61,0.3526,0,0,0
u01792,small_biz,125621.17,0.5469,0.0687,-0.0125,0.2348,-0.13,-0.2012,0,3,1
u01793,freelancer,54132.24,0.4792,0.1487,0.025,0.0083,1.54,0.0223,2,2,0
u01794,freelancer,49872.78,0.3056,-0.0204,-0.0056,0.1453,-0.38,-0.1905,3,4,1
u01795,freelancer,60519.21,0.3762,-0.0443,0.0843,0.0451,4.6,0.3938,0,1,0
u01796,salaried,55076.75,0.0193,-0.0038,0.0047,0.1848,1.86,-0.3059,4,6,0
u01797,freelancer,64496.81,0.395,0.1543,-0.046,0.0697,3.14,0.2256,0,1,0
u01798,salaried,114068.67,0.0327,-0.0028,0.0974,0.274,4.12,0.0856,1,1,0
u01799,freelancer,84404.88,0.1566,-0.0383,-0.0257,0.0339,4.35,0.3499,0,0,0
u01800,freelancer,49747.99,0.2985,-0.1224,0.0138,0.1458,4.26,0.3132,1,1,0
u01801,salaried,57270.57,0.0286,0.0121,0.0317,0.2949,1.13,-0.748,2,6,1
u01802,salaried,58590.09,0.06,0.019,0.0139,0.2367,0.79,-0.412,1,6,1
u01803,small_biz,101719.5,0.2403,-0.0042,-0.0023,0.1076,-0.69,-0.5601,1,6,1
u01804,freelancer,66750.84,0.2212,0.023,0.1024,0.1028,1.62,0.0668,2,3,0
u01805,freelancer,45830.42,0.5275,-0.0036,-0.0088,0.1301,0.63,-0.0534,1,4,1
u01806,salaried,71522.84,0.0441,-0.0085,0.0059,0.4597,0.2,-0.4674,1,6,1
u01807,freelancer,43314.64,0.2075,-0.028,0.0931,0.0179,0.23,-0.0823,2,4,1
u01808,salaried,65437.6,0.0369,-0.0087,0.1324,0.1606,1.48,-0.6203,3,6,1
u01809,small_biz,223742.5,0.3181,-0.0442,-0.0108,0.0487,8.36,0.4935,0,0,0
u01810,small_biz,172617.01,0.2053,-0.0185,0.0217,0.1738,4.2,0.2826,0,1,0
u01811,small_biz,149517.96,0.2198,-0.0596,0.0102,0.0894,3.63,0.189,0,2,0
u01812,small_biz,229784.4,0.178,-0.0355,0.0548,0.0812,6.2,0.4596,0,0,0
u01813,freelancer,52165.3,0.2714,-0.0028,0.0616,0.0554,0.44,-0.0289,3,3,1
u01814,freelancer,38679.7,0.6042,0.0779,0.0366,0.1049,0.51,-0.0545,2,3,0
u01815,freelancer,48906.81,0.4306,-0.1139,0.0557,0.0111,1.37,0.1186,3,3,1
u01816,salaried,59688.51,0.0302,-0.0026,0.0586,0.3917,1.51,-0.4612,2,6,1
u01817,freelancer,63507.2,0.3736,-0.1537,0.0281,0.0486,0.52,-0.0209,2,5,1
u01818,small_biz,109499.47,0.2575,0.0614,0.018,0.2649,0.14,-0.6473,2,6,1
u01819,salaried,85186.18,0.0419,-0.0182,0.0078,0.3444,1.5,-0.1454,2,6,0
u01820,freelancer,53512.91,0.357,0.0886,0.0414,0.0019,0.41,-0.0267,1,4,0
u01821,small_biz,213643.25,0.4131,0.0411,-0.0246,0.1237,4.42,0.3063,1,1,0
u01822,salaried,115861.95,0.0652,0.0197,-0.0495,0.131,7.82,0.4132,0,0,0
u01823,freelancer,75364.59,0.1325,-0.006,0.0246,0.0897,4.53,0.3362,0,0,0
u01824,salaried,68388.4,0.0626,0.0179,0.0538,0.2222,2.46,-0.1359,4,6,0
u01825,salaried,97859.75,0.0233,-0.0039,-0.0263,0.2696,4.05,0.2691,0,0,0
u01826,salaried,95586.73,0.0232,-0.0002,0.0011,0.1298,6.26,0.4603,0,0,0
u01827,salaried,97959.97,0.0652,-0.0277,-0.0162,0.2102,2.84,0.1784,0,1,0
u01828,salaried,52698.8,0.0501,0.0026,-0.0323,0.3767,1.3,-0.4267,2,6,1
u01829,freelancer,62095.93,0.256,-0.14,-0.0145,0.0758,5.77,0.3804,0,1,0
u01830,small_biz,148519.12,0.4299,-0.0028,0.0042,0.1069,3.12,0.0722,3,3,0
u01831,small_biz,181626.23,0.1473,0.0346,0.0008,0.1235,5.17,0.2684,0,1,0
u01832,salaried,54018.83,0.0832,0.0113,0.0914,0.5172,0.1,-0.6068,2,6,1
u01833,freelancer,67718.69,0.4988,0.0574,0.0161,0.0384,4.75,0.3539,1,1,0
u01834,salaried,67427.97,0.0569,0.0054,0.031,0.1491,2.14,-0.2883,3,6,0
u01835,small_biz,224428.76,0.2836,0.1586,0.0258,0.0777,4.95,0.394,0,0,0
u01836,salaried,89866.33,0.0273,0.0134,0.1871,0.3403,1.45,-0.4396,3,6,1
u01837,small_biz,213704.03,0.3562,0.0847,-0.0119,0.0521,3.27,0.1635,1,3,0
u01838,freelancer,48845.27,0.3957,0.0067,0.1043,0.0893,3.2,0.3103,1,1,0
u01839,small_biz,221062.65,0.0903,0.0231,0.0421,0.1295,1.66,0.0733,0,1,0
u01840,freelancer,46123.69,0.1776,-0.0129,0.0536,0.1676,1.19,0.0173,1,2,0
u01841,small_biz,163609.51,0.2754,-0.0922,0.0073,0.1804,2.84,0.1898,1,1,0
u01842,freelancer,69859.18,0.2994,-0.0738,0.0438,0.0681,5.48,0.4123,1,1,0
u01843,small_biz,103303.11,0.3533,-0.0079,-0.0008,0.1879,-1.56,-0.7181,3,6,1
u01844,salaried,74837.48,0.0288,-0.0071,0.06,0.4294,-0.07,-0.2195,2,6,1
u01845,salaried,76532.92,0.0548,0.0078,0.0134,0.2937,1.95,0.0048,3,3,0
u01846,salaried,79152.02,0.0737,-0.0203,0.025,0.3526,0.51,-0.2547,3,6,1
u01847,freelancer,46376.98,0.3199,-0.125,0.0979,0.1106,0.33,-0.1942,3,4,1
u01848,small_biz,174086.1,0.3955,-0.0213,0.0527,0.1216,2.85,0.1455,1,2,0
u01849,salaried,59497.32,0.012,-0.0021,0.1646,0.5119,-0.07,-0.595,3,6,1
u01850,small_biz,133625.0,0.2399,-0.0026,0.0384,0.1585,3.12,0.0516,1,1,0
u01851,salaried,93325.03,0.0563,0.0029,0.038,0.2744,2.47,0.0674,1,1,0
u01852,small_biz,153404.94,0.3133,0.0502,0.0803,0.1624,1.26,-0.0151,1,2,0
u01853,salaried,80006.73,0.0224,-0.0031,-0.044,0.2381,1.1,-0.262,1,6,0
u01854,small_biz,176826.72,0.4703,0.0691,0.0583,0.1189,-0.39,-0.2245,0,4,0
u01855,salaried,81436.62,0.0328,-0.0041,-0.0038,0.3247,2.12,-0.0953,1,4,0
u01856,small_biz,270147.84,0.1296,0.0208,0.0237,0.1044,5.1,0.3869,0,0,0
u01857,freelancer,45174.01,0.3599,0.1431,0.0028,0.024,5.39,0.4162,0,1,0
u01858,freelancer,43341.75,0.3015,-0.0611,-0.0088,0.0135,1.92,0.1771,0,2,0
u01859,salaried,97645.17,0.0202,0.0075,-0.007,0.3062,3.73,0.0927,0,0,0
u01860,freelancer,60768.96,0.2827,-0.1107,0.0763,0.0925,4.03,0.3547,0,1,0
u01861,freelancer,77099.03,0.3069,0.0233,0.0745,0.0879,5.3,0.3906,1,1,0
u01862,small_biz,92817.98,0.4568,-0.1649,0.0607,0.1218,1.3,-0.1872,2,3,0
u01863,freelancer,45120.47,0.4305,-0.0497,0.1064,0.1298,1.75,0.055,2,3,0
u01864,freelancer,72222.89,0.4959,-0.2473,0.0344,0.0842,7.86,0.5243,1,2,0
u01865,small_biz,200179.86,0.2943,0.0888,0.0105,0.1452,5.71,0.3803,0,0,0
u01866,freelancer,36319.42,0.2384,-0.0095,0.0788,0.0789,-0.48,-0.1796,2,4,1
u01867,salaried,73236.88,0.0618,0.0307,0.0132,0.2323,1.33,0.0329,1,2,0
u01868,small_biz,143633.39,0.1917,-0.0708,-0.0129,0.1825,2.03,0.1182,1,2,0
u01869,freelancer,70090.64,0.5706,-0.0109,0.0227,0.0231,4.1,0.2463,1,2,0
u01870,freelancer,47228.39,0.3783,-0.0633,0.0396,0.134,1.45,0.0598,2,3,0
u01871,freelancer,65511.34,0.4131,0.0797,0.0364,0.0113,5.08,0.428,1,2,0
u01872,small_biz,104910.66,0.2537,-0.0847,0.0202,0.1264,0.61,-0.3037,2,6,1
u01873,freelancer,47990.94,0.3175,0.1228,0.0119,0.1029,0.58,-0.0615,2,3,0
u01874,freelancer,40620.62,0.3149,-0.0103,0.0297,0.0452,1.81,0.1656,1,1,0
u01875,small_biz,148799.01,0.3807,0.1244,0.06,0.1036,3.94,0.2362,1,3,0
u01876,small_biz,97126.23,0.3354,0.0692,0.0712,0.1583,-0.03,-0.7559,2,6,1
u01877,small_biz,246371.98,0.0889,0.0363,0.0649,0.0667,9.47,0.5399,0,0,0
u01878,salaried,96018.69,0.0686,0.0219,0.0599,0.3216,1.99,0.0653,1,1,0
u01879,freelancer,33731.27,0.4893,-0.0851,0.0303,0.0483,-0.2,-0.2233,1,4,1
u01880,salaried,77805.69,0.0351,0.0112,-0.0067,0.2379,0.95,-0.2588,1,6,1
u01881,salaried,118518.61,0.0277,-0.005,0.0278,0.1564,2.8,0.1674,1,1,0
u01882,small_biz,133300.41,0.3061,0.0444,0.0359,0.0774,4.82,0.3011,0,1,0
u01883,salaried,104764.76,0.0427,0.0151,-0.0269,0.1627,3.49,0.1892,0,1,0
u01884,salaried,65118.51,0.0355,-0.0093,0.1565,0.2066,0.11,-0.6023,5,6,1
u01885,small_biz,195403.91,0.1004,0.006,0.0114,0.0543,7.01,0.3883,0,0,0
u01886,salaried,70318.6,0.0506,0.0231,-0.0127,0.2124,3.9,0.2264,0,0,0
u01887,freelancer,52329.57,0.5382,-0.1439,0.0515,0.0571,0.76,-0.0721,1,2,0
u01888,salaried,75639.01,0.0094,0.0027,0.051,0.1886,-0.27,-0.4555,5,6,1
u01889,small_biz,152786.92,0.3198,0.0024,0.0174,0.1252,3.98,0.1544,0,2,0
u01890,small_biz,215158.85,0.3893,-0.0433,0.0105,0.0973,5.76,0.3485,1,2,0
u01891,small_biz,83063.88,0.4461,-0.0768,0.0189,0.1342,0.83,-0.2246,1,4,1
u01892,freelancer,57360.6,0.384,-0.1485,0.0157,0.0264,4.37,0.3369,0,1,0
u01893,salaried,117995.08,0.0314,0.0035,0.0346,0.2807,2.56,0.1537,0,0,0
u01894,freelancer,39561.96,0.2192,0.1266,-0.0103,0.0678,-1.15,-0.2542,3,6,1
u01895,salaried,90699.51,0.0703,0.012,-0.0466,0.2805,2.53,0.1141,0,0,0
u01896,salaried,115349.12,0.062,0.0056,0.0156,0.2905,4.63,0.1906,0,0,0
u01897,salaried,88590.6,0.0378,0.0146,0.1366,0.24,3.57,-0.0533,2,5,0
u01898,freelancer,52608.72,0.1796,-0.023,0.0821,0.0371,1.03,0.0146,1,2,1
u01899,freelancer,43505.41,0.203,-0.0447,0.0452,0.0969,-0.24,-0.1907,0,2,1
u01900,small_biz,256761.4,0.1237,-0.0532,-0.0086,0.0614,6.71,0.4757,0,0,0
u01901,salaried,55763.49,0.0434,0.0151,0.0193,0.5254,0.02,-0.3946,1,6,1
u01902,small_biz,197921.05,0.5501,0.0517,0.0183,0.1315,3.36,0.1485,2,3,0
u01903,small_biz,163632.26,0.1338,-0.0285,0.0758,0.1064,6.19,0.4575,0,0,0
u01904,salaried,70756.93,0.0315,0.011,0.0679,0.349,0.48,-0.3165,4,6,1
u01905,freelancer,52194.07,0.2526,-0.111,0.0855,0.0832,0.83,-0.0234,2,4,1
u01906,small_biz,120496.43,0.332,0.0909,-0.0224,0.1865,1.75,0.0217,1,3,0
u01907,freelancer,62552.96,0.2379,0.0876,0.0453,0.099,2.65,0.1764,1,2,0
u01908,freelancer,31967.18,0.4609,-0.0105,0.0209,0.1161,0.32,-0.0548,2,5,0
u01909,freelancer,73443.6,0.247,-0.0629,0.0103,0.0469,1.38,0.0913,1,3,1
u01910,freelancer,66908.81,0.3852,-0.0367,0.0634,0.0087,4.3,0.2864,1,2,0
u01911,salaried,54347.87,0.0596,0.0291,0.1324,0.4001,1.27,-0.2512,4,6,1
u01912,freelancer,69005.24,0.5178,0.0716,0.01,0.0447,7.94,0.5529,0,0,0
u01913,small_biz,179484.23,0.3971,0.1986,-0.0129,0.1551,3.13,0.2623,0,2,0
u01914,freelancer,37601.36,0.21,-0.0343,0.0146,0.1091,-1.23,-0.4555,1,5,1
u01915,small_biz,220100.55,0.0526,-0.0084,0.0032,0.0661,5.71,0.4182,0,0,0
u01916,salaried,68152.61,0.0293,-0.0094,0.1803,0.3244,2.76,-0.1642,4,6,1
u01917,small_biz,126290.11,0.2806,-0.0364,0.0113,0.1674,3.3,0.1256,1,2,0
u01918,salaried,113590.8,0.0252,0.0006,0.1476,0.2715,2.57,-0.0971,1,4,0
u01919,salaried,113237.07,0.0298,-0.0014,0.0597,0.1594,4.34,0.3468,0,0,0
u01920,salaried,117843.12,0.049,0.0211,-0.0112,0.1162,5.29,0.3235,0,0,0
u01921,small_biz,121374.2,0.4871,-0.0374,0.0156,0.2255,0.43,-0.4009,0,3,1
u01922,freelancer,53858.95,0.212,-0.049,-0.016,0.1305,-0.37,-0.2528,1,5,1
u01923,small_biz,190828.72,0.1162,0.0325,-0.0009,0.1381,7.63,0.4267,0,0,0
u01924,freelancer,53791.08,0.2795,0.0704,0.0552,0.0865,6.13,0.4488,0,0,0
u01925,freelancer,76987.6,0.2003,0.0627,0.0694,0.1035,2.61,0.1915,1,1,0
u01926,small_biz,105922.79,0.2555,-0.0181,0.029,0.2176,-0.31,-0.6574,2,6,1
u01927,small_biz,228448.0,0.1384,0.0059,-0.0119,0.0641,4.43,0.2199,1,1,0
u01928,small_biz,140852.91,0.2496,-0.0598,0.0364,0.1903,0.17,-0.2667,3,5,1
u01929,small_biz,198911.54,0.2508,0.0157,0.0526,0.0914,1.12,-0.1245,2,3,0
u01930,salaried,91398.93,0.0487,0.0045,0.0724,0.3593,3.06,-0.0162,3,4,0
u01931,freelancer,53070.36,0.2471,-0.031,0.0556,0.1482,1.76,0.1146,3,3,1
u01932,freelancer,52183.56,0.5228,-0.0171,0.038,0.0294,2.47,0.2637,0,2,0
u01933,small_biz,199110.65,0.2815,0.0116,0.0414,0.1178,3.84,0.2939,0,1,0
u01934,small_biz,219724.46,0.1431,0.0531,0.0254,0.0938,4.53,0.3057,0,0,0
u01935,salaried,96636.67,0.0861,-0.0166,-0.0317,0.2785,4.75,0.1445,0,0,0
u01936,freelancer,60644.76,0.0926,-0.0303,0.0074,0.0132,3.07,0.2027,0,1,0
u01937,small_biz,143371.98,0.2293,0.0837,0.0318,0.1931,2.22,0.1563,1,1,0
u01938,small_biz,223219.05,0.2673,-0.0095,-0.0054,0.1265,3.99,0.1948,1,2,0
u01939,freelancer,64584.22,0.15,-0.0365,0.032,0.0958,6.32,0.4765,0,0,0
u01940,salaried,95159.7,0.0325,-0.0006,0.0066,0.1664,3.82,0.3032,0,0,0
u01941,small_biz,117711.53,0.2879,-0.0057,0.019,0.1441,1.13,-0.194,3,5,1
u01942,salaried,117975.69,0.0709,-0.0198,0.0286,0.0877,7.09,0.4392,0,0,0
u01943,salaried,110250.77,0.0282,-0.0003,0.1256,0.2388,4.55,0.2778,0,0,0
u01944,salaried,107117.5,0.0292,0.0045,0.0335,0.1191,5.52,0.4199,0,0,0
u01945,freelancer,57844.61,0.1806,-0.0169,0.0634,0.014,4.32,0.3569,0,0,0
u01946,salaried,96303.49,0.0404,0.0015,0.011,0.241,4.53,0.3031,0,0,0
u01947,freelancer,61531.23,0.2747,-0.0134,-0.0291,0.0767,0.54,-0.0587,2,4,0
u01948,freelancer,53276.25,0.3659,-0.0483,0.06,0.0825,3.53,0.2684,1,2,0
u01949,freelancer,40859.63,0.4647,0.034,0.0859,0.0414,1.18,-0.0055,0,2,0
u01950,small_biz,188991.92,0.3519,0.0703,0.0693,0.1222,4.53,0.3139,0,1,0
u01951,freelancer,47266.03,0.3476,-0.0231,0.0367,0.1613,2.52,0.1632,2,2,0
u01952,freelancer,32260.04,0.2337,-0.0888,0.1115,0.1895,-0.49,-0.405,0,5,1
u01953,freelancer,51506.14,0.2383,0.0196,0.0617,0.067,3.58,0.3095,0,1,0
u01954,freelancer,55673.58,0.2716,0.0702,0.0074,0.0192,4.11,0.3086,0,1,0
u01955,small_biz,195539.52,0.1723,0.0001,0.024,0.127,7.42,0.4329,0,0,0
u01956,freelancer,49515.55,0.2902,0.0599,0.0706,0.0545,0.68,-0.0293,2,4,0
u01957,salaried,78834.66,0.0764,0.0075,0.0166,0.1733,3.3,-0.0001,3,4,0
u01958,small_biz,205969.67,0.2121,0.0802,0.0428,0.0751,5.41,0.2871,0,0,0
u01959,freelancer,53846.21,0.3841,0.0452,0.1148,0.0108,5.06,0.4315,0,1,0
u01960,freelancer,50859.15,0.2845,0.1101,0.026,0.0302,2.15,0.1486,0,2,0
u01961,freelancer,63885.01,0.3738,-0.122,-0.0041,0.0794,4.02,0.3782,0,1,0
u01962,small_biz,135178.06,0.2641,-0.0141,0.0171,0.1478,2.08,-0.0985,0,3,0
u01963,small_biz,190762.23,0.3039,-0.1235,0.0213,0.1147,4.48,0.2146,0,1,0
u01964,small_biz,174992.77,0.4346,-0.042,0.0604,0.0771,5.46,0.4004,0,2,0
u01965,freelancer,62663.01,0.4117,-0.0521,-0.0003,0.0444,4.42,0.3835,2,2,0
u01966,freelancer,33028.98,0.234,-0.0254,0.0443,0.1942,1.03,0.0055,2,3,0
u01967,small_biz,98157.83,0.2662,0.0401,0.0258,0.2642,1.23,-0.3901,2,6,1
u01968,salaried,63616.64,0.0486,-0.0119,0.1386,0.3454,0.15,-0.2121,3,6,1
u01969,small_biz,179265.1,0.5849,0.104,0.0325,0.1431,6.18,0.3501,2,2,0
u01970,small_biz,185980.39,0.3445,-0.1537,0.0136,0.1333,5.33,0.3165,0,0,0
u01971,salaried,117474.02,0.0283,0.0039,-0.0025,0.1798,3.61,0.2591,0,0,0
u01972,salaried,79978.46,0.0477,0.004,0.0222,0.4137,1.32,-0.0717,1,6,1
u01973,salaried,77505.2,0.0239,0.0062,0.1423,0.1708,5.01,0.2111,0,0,0
u01974,freelancer,57427.02,0.5493,-0.0978,0.0043,0.0157,4.86,0.3878,0,2,0
u01975,freelancer,46407.7,0.3246,-0.0821,0.0718,0.0014,4.0,0.3531,0,1,0
u01976,freelancer,64936.66,0.2181,-0.0048,0.0306,0.0917,3.6,0.3002,0,0,0
u01977,freelancer,52942.6,0.4244,-0.1218,0.0381,0.0714,1.7,0.1405,0,1,0
u01978,small_biz,146442.23,0.3084,0.0889,-0.026,0.1737,1.03,-0.0208,0,3,1
u01979,salaried,110722.71,0.0657,0.0143,0.1597,0.2849,2.42,-0.0269,1,4,0
u01980,small_biz,118072.31,0.4062,0.0232,0.0269,0.1366,2.84,0.005,0,2,0
u01981,salaried,72243.94,0.0259,0.0018,0.0447,0.19,1.23,-0.1046,3,5,0
u01982,freelancer,56241.62,0.185,-0.0028,0.0253,0.0864,3.1,0.2333,1,1,0
u01983,salaried,89269.78,0.0357,-0.0034,0.0178,0.1749,2.23,-0.1144,3,6,0
u01984,salaried,82929.04,0.0511,-0.0011,0.1295,0.3377,-0.58,-0.5343,5,6,1
u01985,salaried,59866.09,0.0495,-0.01,0.0483,0.1991,0.84,-0.1533,4,6,1
u01986,small_biz,216379.93,0.1455,-0.0022,-0.0167,0.1007,7.79,0.4612,0,0,0
u01987,freelancer,45247.33,0.4949,-0.1367,0.0739,0.0895,-0.44,-0.3569,0,5,1
u01988,freelancer,87136.27,0.3243,-0.0817,0.0538,0.0222,6.94,0.5111,0,0,0
u01989,salaried,60044.72,0.0521,0.0015,0.0118,0.4053,-0.49,-0.3567,2,6,1
u01990,salaried,84598.82,0.0355,-0.0129,0.0598,0.1724,1.55,-0.0835,3,5,0
u01991,small_biz,96037.51,0.4634,-0.1973,-0.0227,0.2137,0.28,-0.5034,1,5,1
u01992,freelancer,71096.15,0.2593,0.0085,0.1108,0.0958,2.42,0.1652,1,2,0
u01993,salaried,60753.78,0.0603,-0.0132,0.1946,0.3928,0.5,-0.2728,3,5,1
u01994,freelancer,72502.67,0.2832,0.0483,-0.0524,0.0424,2.44,0.1716,0,1,0
u01995,freelancer,42251.41,0.1014,-0.0056,0.029,0.0882,0.48,-0.0473,1,2,1
u01996,small_biz,236554.98,0.1371,-0.0377,0.0007,0.0592,4.67,0.2592,0,0,0
u01997,small_biz,98219.3,0.3763,-0.0988,0.0303,0.1966,0.45,-0.3538,2,4,1
u01998,small_biz,144339.64,0.4112,0.0625,0.0419,0.0797,1.59,-0.1036,1,2,1
u01999,small_biz,69158.2,0.3805,0.2079,-0.0227,0.3169,-1.82,-1.3408,3,6,1
u02000,salaried,104987.65,0.0193,0.0058,0.0919,0.2591,2.17,-0.136,2,5,0
u02001,freelancer,40317.33,0.5825,0.0443,0.1687,0.0675,-0.76,-0.3009,1,5,1
u02002,small_biz,186996.14,0.3707,0.003,-0.0051,0.1286,5.11,0.3446,1,2,0
u02003,freelancer,74819.53,0.1373,0.0237,-0.0003,0.0071,6.51,0.4522,0,1,0
u02004,small_biz,163577.74,0.2194,0.0832,0.055,0.0768,3.22,0.089,0,2,0
u02005,small_biz,116704.9,0.2647,0.02,0.0295,0.1609,1.2,-0.2381,2,5,1
u02006,freelancer,61728.65,0.3182,-0.0584,0.0019,0.0622,4.94,0.4137,1,1,0
u02007,freelancer,66989.5,0.1047,0.0518,0.1023,0.0914,2.51,0.2061,0,0,1
u02008,small_biz,154066.69,0.1487,0.0238,0.0237,0.1746,3.03,0.2383,0,0,0
u02009,small_biz,123879.7,0.2752,0.0385,0.0429,0.127,1.77,0.0438,1,2,0
u02010,small_biz,199888.74,0.1809,-0.0507,0.0711,0.1205,6.63,0.4133,0,0,0
u02011,small_biz,84943.85,0.2067,-0.024,0.0536,0.3412,-1.88,-0.9874,0,6,1
u02012,small_biz,166899.36,0.0606,0.0052,0.0394,0.0628,3.02,0.0554,0,1,0
u02013,salaried,56137.69,0.0563,0.0074,-0.0057,0.37,0.38,-0.9178,3,6,1
u02014,freelancer,88000.09,0.2939,-0.1211,-0.0028,0.0771,7.83,0.5245,0,0,0
u02015,salaried,86598.85,0.0371,0.0142,0.1392,0.2393,2.22,-0.0115,1,4,0
u02016,salaried,73955.59,0.0632,0.0238,0.0399,0.43,1.33,-0.6522,1,6,1
u02017,salaried,103627.39,0.0181,0.0003,0.1581,0.2799,1.3,-0.1236,4,6,1
u02018,freelancer,70068.23,0.2157,-0.0495,0.053,0.1109,1.52,0.1192,2,3,0
u02019,freelancer,51564.57,0.3575,-0.2026,0.0951,0.0853,3.77,0.2821,1,1,0
u02020,freelancer,60746.52,0.2155,-0.0205,0.0608,0.0472,1.15,-0.0423,1,3,1
u02021,small_biz,114692.53,0.3135,-0.1357,0.0412,0.1246,1.7,0.0162,2,3,0
u02022,freelancer,33724.73,0.1995,-0.0887,0.0535,0.1362,0.78,0.0739,1,2,0
u02023,freelancer,60502.53,0.2629,-0.0372,0.0264,0.0431,0.78,0.0215,2,3,1
u02024,freelancer,71784.61,0.2728,0.0298,0.0593,0.0505,10.15,0.62,0,0,0
u02025,small_biz,180276.59,0.3205,0.1273,0.044,0.1662,3.78,0.1752,2,2,0
u02026,small_biz,99761.33,0.4245,0.1425,0.0005,0.2373,-1.08,-0.5888,1,5,1
u02027,small_biz,195379.89,0.2749,-0.015,0.0462,0.0744,5.01,0.2453,0,1,0
u02028,small_biz,136136.47,0.2593,-0.0567,-0.0167,0.1479,3.18,0.0786,1,2,0
u02029,salaried,113961.96,0.0375,0.0048,0.0257,0.0987,9.44,0.4968,0,0,0
u02030,freelancer,59628.09,0.2798,0.0247,0.0053,0.0551,5.75,0.4374,0,0,0
u02031,salaried,68850.0,0.0246,0.0058,-0.024,0.4664,-0.27,-0.4938,4,6,1
u02032,salaried,105908.32,0.0446,0.0037,0.0078,0.295,5.19,0.2163,0,0,0
u02033,freelancer,66346.57,0.2414,0.0865,0.1009,0.0697,4.72,0.363,0,1,0
u02034,freelancer,71628.06,0.2851,0.0434,0.0564,0.0369,8.33,0.5665,0,0,0
u02035,small_biz,141669.54,0.2185,-0.0528,-0.0101,0.0808,2.3,0.0831,0,3,0
u02036,salaried,110949.94,0.0753,-0.0266,0.0838,0.1369,2.25,0.0977,0,1,0
u02037,salaried,85556.46,0.0454,-0.0095,0.0739,0.4035,2.82,0.0315,1,2,0
u02038,salaried,86105.47,0.0524,0.0228,0.0543,0.1199,3.69,0.0475,1,2,0
u02039,salaried,63770.31,0.0996,0.0207,-0.0068,0.3447,0.52,-0.4024,3,6,1
u02040,freelancer,38531.54,0.1239,-0.0406,0.0686,0.1352,1.17,0.052,0,1,0
u02041,freelancer,37084.51,0.2937,0.0637,0.1012,0.0754,-2.04,-0.5134,3,4,1
u02042,freelancer,56398.63,0.241,-0.1149,0.0256,0.0837,1.79,0.1543,0,3,0
u02043,freelancer,50487.0,0.5065,-0.1691,0.0972,0.1529,1.54,0.0638,0,2,0
u02044,freelancer,62665.45,0.243,0.0708,0.073,0.0627,3.23,0.2341,0,1,0
u02045,freelancer,84607.98,0.326,0.0857,0.1191,0.0406,12.38,0.6626,0,0,0
u02046,freelancer,52437.68,0.5277,-0.1835,-0.0204,0.0204,4.6,0.3868,0,2,0
u02047,freelancer,76346.94,0.2825,0.0149,0.1291,0.0585,1.74,0.1162,1,2,0
u02048,freelancer,44959.0,0.196,0.0579,0.0498,0.1607,0.23,-0.2032,3,5,1
u02049,small_biz,129071.97,0.497,0.1661,0.0379,0.1182,1.91,-0.0415,2,4,0
u02050,salaried,80035.39,0.0801,0.0245,0.1265,0.4254,-0.78,-0.5108,5,6,1
u02051,small_biz,202595.09,0.3069,0.0759,0.0777,0.0586,4.84,0.2431,0,2,0
u02052,salaried,52462.01,0.0904,0.015,0.121,0.6651,-1.08,-1.319,4,6,1
u02053,small_biz,271067.63,0.0859,0.0228,-0.0002,0.0738,6.62,0.4661,0,0,0
u02054,salaried,66301.33,0.056,0.0195,0.2411,0.1848,1.27,-0.0926,1,5,1
u02055,freelancer,50864.11,0.3958,-0.0994,0.0492,0.0071,1.09,-0.0046,0,4,1
u02056,freelancer,67250.57,0.3812,0.0008,0.0391,0.0024,4.43,0.3898,1,1,0
u02057,freelancer,62569.85,0.3341,0.0707,0.0828,0.1002,5.14,0.363,1,1,0
u02058,freelancer,62814.49,0.2621,-0.1094,0.0824,0.0479,1.37,0.0674,0,2,0
u02059,small_biz,136367.86,0.3422,-0.1019,-0.0019,0.2159,2.17,0.0627,0,2,0
u02060,freelancer,33724.83,0.343,-0.1142,0.106,0.0932,-2.67,-0.7169,3,6,1
u02061,salaried,60824.2,0.0238,0.0039,0.0461,0.5305,-0.32,-0.7677,3,6,1
u02062,freelancer,43505.85,0.1577,-0.044,0.0945,0.0265,0.61,-0.0825,3,4,1
u02063,salaried,118911.85,0.0454,0.0204,0.0561,0.14,8.77,0.504,0,0,0
u02064,salaried,71263.43,0.0443,0.0001,0.0383,0.4113,-0.81,-0.6323,1,6,1
u02065,salaried,54638.33,0.0334,-0.0087,0.0573,0.2211,2.07,-0.4057,1,6,0
u02066,small_biz,206719.6,0.2457,0.0749,0.071,0.0621,4.23,0.273,0,0,0
u02067,freelancer,34271.47,0.2313,-0.0426,0.0606,0.1963,-2.35,-0.7926,3,6,1
u02068,small_biz,191518.72,0.345,-0.1728,0.003,0.1302,4.95,0.3049,0,2,0
u02069,freelancer,37001.54,0.2612,0.0415,0.0122,0.1696,-2.04,-0.7426,5,6,1
u02070,salaried,69334.39,0.0344,-0.0093,0.1789,0.2979,2.5,-0.125,0,5,1
u02071,salaried,56827.97,0.0713,0.0098,0.0927,0.2803,1.54,-0.473,1,6,1
u02072,salaried,104608.77,0.0471,-0.0026,0.1709,0.1891,2.78,0.0095,1,2,0
u02073,freelancer,67976.84,0.479,-0.1055,0.0524,0.0246,2.35,0.1545,1,2,0
u02074,freelancer,57638.38,0.4519,-0.0881,-0.0094,0.0745,3.79,0.2444,1,2,0
u02075,small_biz,159367.5,0.4003,-0.0625,0.0581,0.0881,2.36,0.1453,1,2,1
u02076,salaried,69016.78,0.0364,0.0194,0.0199,0.3505,1.35,-0.1381,4,6,0
u02077,freelancer,66037.5,0.0913,-0.017,0.0399,0.0272,5.16,0.3918,0,0,0
u02078,freelancer,71446.53,0.2288,-0.0724,0.0116,0.0103,5.48,0.4342,0,0,0
u02079,small_biz,246278.5,0.1837,0.0608,0.0582,0.1168,5.72,0.4284,0,0,0
u02080,freelancer,41946.72,0.4299,0.1368,0.0547,0.1793,0.38,-0.1913,1,2,1
u02081,salaried,56758.19,0.0595,0.0193,0.0324,0.2974,-0.53,-0.6208,4,6,1
u02082,salaried,121643.58,0.0628,-0.0056,0.1273,0.2322,4.06,0.0438,1,4,0
u02083,salaried,95427.9,0.0284,-0.0054,0.0131,0.1252,2.17,0.1482,1,1,0
u02084,small_biz,121380.67,0.3072,0.0799,0.0705,0.1766,0.49,-0.4281,2,6,1
u02085,small_biz,201552.7,0.3769,-0.0395,0.039,0.138,6.78,0.3952,1,1,0
u02086,salaried,117910.01,0.0887,-0.0301,-0.0167,0.1751,6.6,0.3444,0,0,0
u02087,small_biz,125675.63,0.5028,0.0622,0.0696,0.1211,1.76,-0.2204,0,4,0
u02088,freelancer,63695.66,0.2909,-0.0039,0.0512,0.0427,1.3,0.0165,1,3,0
u02089,freelancer,40963.02,0.2146,-0.0503,0.0645,0.1357,0.28,-0.0851,0,3,1
u02090,freelancer,59021.46,0.2242,-0.0825,0.0543,0.1032,4.21,0.333,0,1,0
u02091,freelancer,52477.27,0.2613,0.0861,0.042,0.0698,1.12,0.0499,0,3,0
u02092,freelancer,67749.37,0.1762,-0.0482,0.0526,0.0295,5.32,0.3657,0,1,0
u02093,freelancer,58955.96,0.1667,-0.0435,0.064,0.1051,3.95,0.2917,0,0,0
u02094,small_biz,156695.79,0.4152,-0.0067,0.008,0.1811,3.0,0.1023,3,3,0
u02095,small_biz,148032.32,0.3649,0.0317,0.0157,0.0818,1.79,0.1011,1,3,0
u02096,freelancer,71898.0,0.3082,-0.0313,0.0307,0.0598,4.74,0.3739,0,1,0
u02097,small_biz,85667.44,0.274,0.057,-0.0043,0.1987,0.73,-0.5816,3,6,1
u02098,small_biz,237786.12,0.2329,0.0843,0.0528,0.1031,6.13,0.3702,0,1,0
u02099,salaried,100315.3,0.0478,-0.0025,0.1808,0.1231,3.39,0.1662,0,1,0
u02100,freelancer,48378.83,0.2864,-0.0561,0.0276,0.0559,4.49,0.3516,0,1,0
u02101,freelancer,46947.5,0.3013,0.124,-0.0192,0.1431,2.3,0.1992,1,2,0
u02102,small_biz,163505.51,0.1405,-0.0398,0.0172,0.0803,0.76,-0.1511,3,5,1
u02103,salaried,121792.03,0.0452,0.0085,0.0626,0.2767,1.09,-0.0152,1,2,0
u02104,salaried,85327.02,0.0677,-0.0031,0.0999,0.1972,5.19,0.1768,0,0,0
u02105,salaried,67585.57,0.0589,0.013,0.0301,0.3815,0.71,-0.36,2,6,1
u02106,small_biz,209474.95,0.2611,-0.0496,0.0149,0.0505,5.74,0.4107,1,1,0
u02107,freelancer,78934.64,0.3064,0.1353,0.0703,0.0812,2.05,0.0574,1,4,0
u02108,freelancer,45481.78,0.388,-0.1575,0.0498,0.0718,-0.36,-0.1827,1,4,1
u02109,salaried,119656.67,0.0669,-0.0125,0.0719,0.2024,3.49,0.0592,0,1,0
u02110,small_biz,227851.43,0.146,-0.0007,0.0515,0.085,5.45,0.4205,0,0,0
u02111,salaried,96944.38,0.0209,-0.0041,0.0497,0.1489,3.76,0.3162,0,0,0
u02112,small_biz,141503.9,0.2649,-0.0968,0.0215,0.138,1.3,-0.071,2,4,0
u02113,salaried,70026.13,0.0438,0.0192,0.1781,0.4758,1.68,-0.2409,3,6,1
u02114,salaried,91932.73,0.0679,-0.0112,-0.0125,0.1408,1.48,-0.0392,0,3,0
u02115,small_biz,217571.37,0.352,-0.1726,0.0315,0.0517,8.58,0.5543,0,0,0
u02116,small_biz,106696.57,0.4283,-0.2018,0.0429,0.233,1.88,-0.1716,2,4,0
u02117,salaried,56833.86,0.0358,-0.0132,0.0857,0.4289,2.28,-0.2061,3,6,1
u02118,small_biz,182719.17,0.2313,0.0176,-0.0021,0.0762,4.44,0.303,0,2,0
u02119,small_biz,216796.6,0.1799,-0.0725,0.0343,0.1201,4.08,0.2075,1,1,0
u02120,freelancer,74612.5,0.2696,-0.0451,-0.011,0.0642,5.23,0.3677,1,1,0
u02121,freelancer,56118.39,0.4412,0.18,0.0774,0.0934,2.05,0.2012,1,2,0
u02122,small_biz,290042.72,0.4492,0.1363,0.07,0.0848,4.29,0.3498,1,1,0
u02123,freelancer,76317.88,0.1678,-0.0732,0.0302,0.0625,6.34,0.4636,0,0,0
u02124,freelancer,34214.52,0.2828,-0.1006,0.02,0.0838,-0.11,-0.1123,1,4,1
u02125,small_biz,98847.2,0.1415,-0.0637,0.0848,0.1347,-0.01,-0.3212,2,6,1
u02126,small_biz,222547.99,0.174,-0.0716,0.0373,0.0855,5.85,0.3168,0,0,0
u02127,freelancer,44884.36,0.3479,-0.0412,0.0108,0.0631,1.16,-0.0062,1,3,0
u02128,salaried,118278.78,0.0565,0.008,0.0826,0.2402,6.32,0.2451,0,0,0
u02129,freelancer,59095.73,0.3583,-0.1475,0.0159,0.0036,6.87,0.4871,0,1,0
u02130,salaried,65883.44,0.0912,-0.0057,0.0225,0.2117,0.55,-0.1174,2,5,1
u02131,small_biz,158086.69,0.3707,-0.1219,0.0299,0.1652,4.03,0.2556,0,2,0
u02132,small_biz,181925.56,0.2857,0.0476,0.0531,0.1007,6.86,0.4882,0,1,0
u02133,small_biz,179936.05,0.2129,0.1062,0.0014,0.0855,6.26,0.3605,1,1,0
u02134,salaried,88696.94,0.0555,0.0134,-0.0079,0.2512,3.61,0.0503,1,1,0
u02135,salaried,64420.58,0.0265,0.0141,0.0147,0.5093,0.66,-0.8803,3,6,1
u02136,salaried,52428.04,0.0544,-0.0141,0.0153,0.6253,1.54,-0.634,3,6,1
u02137,salaried,72329.74,0.0385,0.0173,-0.0001,0.21,3.86,0.1705,0,0,0
u02138,small_biz,183935.19,0.2126,-0.0807,-0.0043,0.0981,1.05,-0.0195,2,3,0
u02139,small_biz,124034.54,0.068,-0.0193,0.0153,0.1575,3.87,0.1227,0,1,0
u02140,freelancer,49063.68,0.2417,-0.0029,0.0048,0.093,0.84,-0.0839,2,3,0
u02141,freelancer,55617.58,0.34,-0.0052,0.0674,0.0387,0.11,-0.0599,0,3,0
u02142,small_biz,176131.06,0.3551,-0.0918,0.0697,0.1596,2.81,0.1531,0,2,0
u02143,small_biz,158526.76,0.2774,-0.0878,0.0107,0.0913,3.0,0.0875,0,3,0
u02144,freelancer,90202.28,0.19,-0.0252,0.0144,0.029,9.33,0.5209,0,0,0
u02145,freelancer,44484.55,0.3063,-0.0601,0.0036,0.0973,0.63,0.026,1,3,0
u02146,freelancer,65774.52,0.1525,0.0082,-0.0156,0.0546,2.33,0.161,0,2,0
u02147,freelancer,45376.84,0.1899,-0.0712,0.0827,0.037,3.01,0.2492,0,0,0
u02148,salaried,113180.39,0.0487,0.0091,0.0197,0.2468,2.26,0.1088,0,0,0
u02149,salaried,83817.07,0.0596,-0.0287,0.1637,0.3174,2.46,-0.0328,3,4,0
u02150,freelancer,66678.8,0.1263,-0.0185,0.0457,0.0207,5.75,0.3899,0,0,0
u02151,freelancer,45536.27,0.2239,-0.0322,-0.0066,0.0255,0.53,-0.0288,1,2,1
u02152,small_biz,180496.6,0.2879,-0.0072,-0.0084,0.1233,6.31,0.2882,1,1,0
u02153,freelancer,59302.13,0.3735,-0.0491,0.0477,0.132,4.24,0.3273,0,2,0
u02154,freelancer,73769.06,0.1193,0.0451,0.0288,0.0525,7.04,0.4478,0,0,0
u02155,freelancer,58837.46,0.4707,-0.13,0.0788,0.0006,0.68,-0.0126,2,4,0
u02156,freelancer,55906.73,0.2125,-0.0893,0.0464,0.0147,3.34,0.2821,1,1,0
u02157,small_biz,147206.82,0.3455,0.0859,-0.0062,0.0734,1.91,-0.0806,3,4,0
u02158,freelancer,42624.53,0.2142,0.0659,0.0856,0.1244,-0.07,-0.0914,1,4,1
u02159,salaried,64695.18,0.0318,-0.0056,0.0186,0.2443,2.26,0.125,0,0,0
u02160,salaried,125757.07,0.0324,0.0022,-0.0069,0.2075,6.4,0.4286,0,0,0
u02161,freelancer,51839.99,0.2165,-0.0603,0.0184,0.0621,2.21,0.1565,1,2,0
u02162,small_biz,221832.84,0.09,-0.0258,0.05,0.0831,7.0,0.4744,0,0,0
u02163,salaried,91827.46,0.0803,0.0334,-0.01,0.371,4.95,0.1665,0,0,0
u02164,small_biz,162895.09,0.3171,-0.0002,0.035,0.0763,5.65,0.355,1,1,0
u02165,freelancer,65843.04,0.2124,-0.0723,0.1053,0.0931,4.95,0.4201,0,0,0
u02166,small_biz,152945.17,0.3564,0.0208,0.0285,0.155,2.76,0.0445,1,2,0
u02167,small_biz,91735.41,0.177,-0.0614,0.0207,0.1869,0.8,-0.4323,4,6,1
u02168,freelancer,78433.28,0.2009,0.102,0.0079,0.0324,9.12,0.499,0,0,0
u02169,small_biz,136939.91,0.3572,0.075,-0.0007,0.1136,1.16,-0.0658,1,3,0
u02170,small_biz,187921.16,0.2353,0.0738,0.014,0.1135,6.19,0.3379,0,1,0
u02171,small_biz,152296.59,0.4534,0.1337,0.0319,0.1319,2.9,0.1439,3,4,0
u02172,small_biz,268710.52,0.1608,-0.0547,0.0119,0.0868,6.84,0.4202,0,0,0
u02173,freelancer,52198.25,0.3439,0.0869,0.0193,0.0418,4.02,0.3359,1,1,0
u02174,salaried,65879.62,0.0315,-0.0008,0.0393,0.1942,1.02,-0.0784,3,6,0
u02175,salaried,119875.77,0.0534,-0.0296,0.0279,0.1049,7.33,0.4227,0,0,0
u02176,freelancer,31828.51,0.6553,0.2063,0.0078,0.0649,-2.01,-0.6805,1,4,1
u02177,freelancer,29448.74,0.344,-0.06,0.0377,0.1244,-0.03,-0.2985,1,4,1
u02178,small_biz,194038.92,0.1639,0.0276,0.0616,0.1203,4.05,0.3378,0,0,0
u02179,small_biz,115672.1,0.247,0.0402,0.0501,0.2468,0.48,-0.1901,4,5,0
u02180,salaried,61791.88,0.0207,0.0048,0.0957,0.2167,2.02,0.084,0,0,0
u02181,freelancer,37904.15,0.2741,0.0556,-0.005,0.1146,0.7,-0.0685,2,4,0
u02182,small_biz,111966.04,0.3339,0.1372,0.0382,0.224,0.07,-0.2149,1,3,0
u02183,freelancer,78060.72,0.4163,0.1578,-0.0099,0.0796,9.71,0.5859,0,1,0
u02184,salaried,89754.22,0.0781,0.0033,0.1436,0.2146,1.91,-0.1391,1,5,1
u02185,salaried,85598.59,0.0387,0.0133,0.0293,0.2182,5.69,0.2453,0,0,0
u02186,freelancer,63674.44,0.2238,0.0934,-0.0606,0.0794,5.51,0.4221,0,0,0
u02187,small_biz,174200.07,0.3086,-0.1562,0.0407,0.1051,2.85,0.0381,1,2,0
u02188,small_biz,230476.68,0.1938,0.0899,0.0233,0.0757,6.79,0.4668,0,0,0
u02189,salaried,62051.83,0.0297,-0.0027,0.0945,0.4539,0.23,-0.3291,3,6,1
u02190,salaried,74273.85,0.0456,0.0194,0.0449,0.1862,2.96,0.1136,0,0,0
u02191,salaried,70002.17,0.0368,-0.01,0.0119,0.4207,1.01,-0.3074,3,6,1
u02192,salaried,82424.82,0.0509,-0.0169,0.0503,0.2103,1.82,-0.3026,2,6,0
u02193,small_biz,180293.51,0.4452,-0.1103,0.0395,0.1076,1.6,-0.0426,2,4,0
u02194,freelancer,46281.08,0.3166,0.008,0.0991,0.034,0.38,-0.1233,0,2,1
u02195,small_biz,169659.48,0.2047,-0.0637,0.0239,0.0612,6.56,0.424,0,0,0
u02196,small_biz,162033.96,0.2745,0.0641,0.0217,0.1232,1.94,0.0953,0,1,0
u02197,freelancer,57245.81,0.1787,-0.0389,0.0668,0.0499,1.61,0.1094,0,2,0
u02198,freelancer,37655.2,0.4169,0.1557,0.1093,0.1697,0.31,-0.019,1,3,0
u02199,freelancer,43494.94,0.2684,0.0444,0.0062,0.0759,0.16,-0.0797,1,3,1
u02200,freelancer,38239.71,0.404,0.0005,0.0166,0.0728,1.02,-0.0751,3,4,1
u02201,salaried,84706.12,0.0527,0.0036,0.0643,0.3444,0.27,-0.3654,2,6,1
u02202,salaried,69774.43,0.0157,-0.0006,0.0093,0.4153,1.82,-0.3117,3,6,0
u02203,freelancer,30096.58,0.4277,-0.2324,0.0882,0.2317,-1.04,-0.5247,3,5,1
u02204,small_biz,171013.53,0.2969,-0.0237,0.0426,0.1133,0.99,-0.1058,1,4,0
u02205,salaried,51367.49,0.0375,-0.0002,0.0192,0.6274,-1.4,-1.1155,3,6,1
u02206,small_biz,154052.45,0.3535,-0.0131,0.0235,0.145,2.21,0.084,0,2,0
u02207,small_biz,221482.94,0.1811,0.0315,-0.0448,0.0545,6.38,0.3803,0,0,0
u02208,freelancer,64922.73,0.1977,-0.0611,0.0482,0.0258,5.19,0.4223,0,0,0
u02209,freelancer,58791.84,0.4434,-0.0642,0.0342,0.0143,4.19,0.3589,0,1,0
u02210,freelancer,46688.88,0.2675,0.0305,-0.0161,0.0825,0.75,-0.0009,1,2,0
u02211,salaried,62863.46,0.0234,-0.0085,0.0945,0.4312,-0.71,-0.4799,2,6,1
u02212,freelancer,65357.63,0.2724,-0.0205,0.0165,0.0451,5.63,0.3515,0,2,0
u02213,salaried,54272.55,0.0146,0.0021,0.0572,0.4137,1.01,-0.9227,3,6,1
u02214,salaried,74715.72,0.0376,-0.0169,0.0048,0.1967,-0.29,-0.2821,3,6,1
u02215,small_biz,107949.8,0.4076,-0.1316,0.0284,0.1977,0.16,-0.6294,1,5,1
u02216,freelancer,46605.57,0.2171,-0.0456,0.0514,0.0146,0.32,-0.0424,1,3,1
u02217,salaried,76503.43,0.0361,0.0053,0.0849,0.2189,2.32,-0.0012,3,4,0
u02218,freelancer,43655.07,0.4783,-0.0351,0.0149,0.0684,0.66,-0.0651,0,4,0
u02219,freelancer,37997.83,0.4858,-0.249,0.0032,0.1546,-0.86,-0.2488,4,5,1
u02220,freelancer,65905.37,0.5241,-0.2226,-0.0122,0.073,5.47,0.396,1,1,0
u02221,small_biz,129996.48,0.4255,-0.0443,0.0737,0.2113,0.58,-0.4153,3,4,1
u02222,freelancer,50783.32,0.123,-0.0472,0.0954,0.0718,1.38,0.1334,1,1,0
u02223,freelancer,54013.53,0.1828,-0.0457,0.0877,0.0631,2.75,0.1856,1,1,0
u02224,freelancer,81150.53,0.2751,-0.1023,0.0078,0.0846,5.75,0.399,1,1,0
u02225,freelancer,44963.28,0.1353,-0.0302,-0.0083,0.1262,3.91,0.314,0,0,0
u02226,small_biz,81791.08,0.3835,-0.1796,0.0272,0.2145,1.51,-0.1247,1,4,0
u02227,small_biz,127617.86,0.2412,0.0395,0.0315,0.1884,-0.07,-0.227,2,5,1
u02228,freelancer,40009.15,0.3927,-0.1523,0.0652,0.1884,-0.03,-0.0908,3,3,1
u02229,salaried,87150.85,0.0531,0.0076,0.0079,0.2156,1.96,0.0938,0,0,0
u02230,freelancer,34662.29,0.2387,-0.0712,0.0561,0.0576,1.42,0.0753,0,2,0
u02231,freelancer,56821.72,0.1104,0.0088,-0.0686,0.0761,0.96,0.0607,0,2,0
u02232,freelancer,73752.35,0.2822,-0.143,0.0745,0.0563,7.96,0.5588,0,0,0
u02233,small_biz,170982.26,0.2927,-0.1073,0.0059,0.0927,1.4,-0.0238,2,4,1
u02234,salaried,106193.04,0.0361,0.0088,-0.0075,0.2979,1.43,-0.108,3,5,0
u02235,salaried,51746.64,0.0399,0.0152,0.168,0.3104,-1.39,-0.8381,3,6,1
u02236,freelancer,61063.94,0.3292,-0.0972,0.0247,0.0835,2.98,0.2421,0,2,0
u02237,salaried,65607.32,0.0511,0.0116,0.1837,0.1882,1.37,-0.2674,4,6,1
u02238,salaried,54150.36,0.0357,-0.0039,0.1609,0.3793,-1.06,-1.3124,4,6,1
u02239,small_biz,114732.31,0.3223,-0.132,0.0323,0.2029,2.67,-0.0588,1,2,0
u02240,salaried,117784.7,0.0438,0.0024,0.0131,0.2116,5.15,0.3524,0,0,0
u02241,salaried,87301.9,0.0781,0.0268,0.0166,0.1323,4.19,0.0296,0,2,0
u02242,freelancer,77555.63,0.403,0.0187,0.0422,0.0156,5.54,0.4198,0,1,0
u02243,freelancer,60333.03,0.2807,0.0742,0.1059,0.0775,3.19,0.2297,1,1,0
u02244,salaried,111295.25,0.0474,-0.0108,0.0202,0.2942,3.14,0.2125,0,0,0
u02245,salaried,97153.94,0.0467,0.023,0.0679,0.1342,2.26,-0.0442,2,5,0
u02246,freelancer,80779.73,0.2972,-0.1161,-0.0029,0.0772,5.64,0.4605,0,0,0
u02247,freelancer,42461.9,0.3055,0.0034,0.0386,0.1669,-1.71,-0.5503,2,5,1
u02248,freelancer,49811.93,0.4598,-0.0092,0.0152,0.0144,1.03,-0.0346,1,3,0
u02249,small_biz,185578.28,0.2223,-0.0369,0.0128,0.0745,5.58,0.3145,1,1,0
u02250,small_biz,198111.32,0.2572,-0.0495,0.0511,0.0988,4.02,0.1567,1,2,0
u02251,salaried,66244.32,0.0726,-0.0052,0.0812,0.3732,2.14,-0.1573,3,6,0
u02252,salaried,111130.92,0.0151,0.0067,0.1315,0.1729,2.46,0.0613,0,1,0
u02253,small_biz,153134.94,0.3641,0.0001,-0.0044,0.1207,3.97,0.2356,0,2,0
u02254,small_biz,166435.21,0.246,-0.0774,0.019,0.0781,3.81,0.1746,1,2,0
u02255,small_biz,220725.05,0.2551,0.0134,0.0286,0.0579,6.55,0.4673,0,0,0
u02256,freelancer,48410.91,0.2364,0.0305,0.0754,0.0074,1.15,0.0286,1,2,0
u02257,small_biz,205913.65,0.3109,0.0838,0.0906,0.1444,3.63,0.1001,0,1,0
u02258,freelancer,56453.59,0.204,0.072,0.0106,0.0959,3.99,0.3417,1,1,0
u02259,salaried,114215.27,0.0366,0.0129,0.1767,0.2838,2.98,0.1292,0,0,0
u02260,salaried,69832.65,0.0957,-0.0109,-0.0043,0.1595,2.03,-0.1603,4,6,0
u02261,small_biz,168236.79,0.1592,0.0513,-0.0065,0.1546,0.77,-0.0615,1,3,0
u02262,salaried,114003.53,0.0619,-0.0359,0.0403,0.2891,3.44,-0.1373,0,5,0
u02263,salaried,60635.63,0.0387,-0.0146,0.0635,0.5634,-1.07,-0.5878,3,6,1
u02264,salaried,121535.54,0.0266,0.0014,0.1271,0.2685,3.0,0.1434,0,0,0
u02265,freelancer,49653.07,0.2926,0.0667,0.0581,0.0391,4.59,0.359,1,1,0
u02266,freelancer,40908.55,0.3733,-0.0271,0.0432,0.192,0.42,-0.1032,2,4,0
u02267,small_biz,89942.96,0.3421,0.0827,0.0959,0.2299,1.08,-0.354,1,6,1
u02268,salaried,56799.87,0.0792,-0.0223,-0.0112,0.2725,1.64,-0.6605,1,6,1
u02269,freelancer,52359.7,0.2845,-0.1003,0.0196,0.0843,0.2,-0.0217,1,4,1
u02270,small_biz,181011.93,0.2888,0.0605,0.0223,0.1277,2.43,0.0832,0,2,0
u02271,small_biz,211969.69,0.2701,0.101,0.0302,0.0717,4.18,0.2444,0,2,0
u02272,salaried,55220.51,0.0732,-0.0078,0.0282,0.3433,1.1,-0.644,2,6,1
u02273,salaried,76112.72,0.0179,0.0078,0.0048,0.2172,1.88,-0.1296,0,4,0
u02274,small_biz,144464.59,0.1167,-0.0032,0.0642,0.131,0.7,-0.3466,4,6,1
u02275,freelancer,57302.08,0.2783,0.089,0.0789,0.0205,4.5,0.3694,0,1,0
u02276,freelancer,62637.43,0.1202,-0.0545,0.0548,0.0388,3.05,0.2159,0,0,0
u02277,freelancer,69048.46,0.2054,-0.0505,0.0706,0.0702,1.92,0.1317,0,1,0
u02278,small_biz,197091.39,0.1048,0.029,0.0248,0.0635,4.32,0.2286,0,0,0
u02279,salaried,106710.41,0.0429,0.0181,-0.0061,0.3096,2.34,0.075,0,0,0
u02280,small_biz,144949.58,0.4016,-0.0081,0.0076,0.1047,1.59,-0.1199,1,2,0
u02281,salaried,66238.99,0.0275,-0.0047,-0.008,0.4768,2.12,-0.6356,3,6,1
u02282,freelancer,44071.24,0.072,-0.0143,0.0623,0.0104,2.21,0.1833,0,1,0
u02283,salaried,60295.55,0.0588,0.0016,0.0189,0.5525,1.45,-0.5903,3,6,1
u02284,small_biz,195050.79,0.6403,0.2421,0.0428,0.1197,5.63,0.363,0,3,0
u02285,salaried,81347.1,0.0783,-0.0128,0.0609,0.3103,2.77,0.0011,1,1,0
u02286,small_biz,102290.98,0.4378,0.047,0.061,0.233,1.43,-0.0278,1,3,0
u02287,small_biz,102883.35,0.298,0.0579,0.0637,0.2553,0.37,-0.7348,2,6,1
u02288,small_biz,154915.23,0.285,-0.0295,0.0371,0.0909,3.8,0.2213,0,1,0
u02289,freelancer,78451.46,0.378,0.0236,0.0893,0.0693,9.13,0.5691,0,1,0
u02290,small_biz,180396.8,0.4873,-0.073,-0.0245,0.0948,1.52,-0.0188,1,3,0
u02291,freelancer,71730.74,0.2973,-0.1548,0.0055,0.016,10.05,0.5986,0,0,0
u02292,small_biz,172112.93,0.1837,0.0962,0.011,0.1044,2.54,0.0658,1,2,0
u02293,salaried,64084.56,0.034,-0.0094,0.0396,0.3742,2.4,-0.2305,3,6,0
u02294,freelancer,67518.0,0.183,-0.0874,0.0382,0.0742,1.49,0.0212,2,3,1
u02295,small_biz,140815.46,0.2341,0.0992,-0.0003,0.1389,5.16,0.3169,0,1,0
u02296,freelancer,45826.07,0.2725,0.0535,-0.0093,0.0963,2.63,0.2198,0,2,0
u02297,freelancer,64185.48,0.376,-0.011,0.056,0.0301,1.36,0.1254,1,1,1
u02298,freelancer,44208.22,0.4598,0.2187,0.0449,0.1597,0.3,-0.1259,2,4,0
u02299,freelancer,39730.44,0.33,-0.1295,-0.0304,0.102,0.34,-0.1464,2,4,1
u02300,small_biz,124505.6,0.315,0.0645,0.0296,0.1423,-0.39,-0.3988,2,5,1
u02301,salaried,79211.38,0.0158,0.0022,0.0948,0.2389,2.23,0.1199,0,0,0
u02302,freelancer,35430.36,0.2552,-0.1125,0.0237,0.1195,-0.0,-0.1888,1,3,1
u02303,small_biz,160329.51,0.2876,0.0851,0.036,0.1379,3.76,0.1377,1,1,0
u02304,freelancer,42798.78,0.323,-0.0464,0.0777,0.1484,1.09,-0.0287,0,4,0
u02305,small_biz,228700.05,0.3119,-0.1697,0.0462,0.0789,8.71,0.536,0,1,0
u02306,salaried,109995.03,0.0525,0.0018,0.0723,0.2019,4.85,0.1861,0,0,0
u02307,small_biz,113970.11,0.464,-0.0364,0.0126,0.2068,2.1,0.018,1,3,0
u02308,small_biz,130109.42,0.2612,0.0852,0.0815,0.2177,0.17,-0.1983,2,4,1
u02309,freelancer,57821.2,0.5088,-0.0367,0.0097,0.0047,1.93,0.1082,1,3,0
u02310,small_biz,115495.79,0.1424,-0.0003,0.0846,0.1052,1.59,-0.1658,1,5,0
u02311,freelancer,42890.06,0.2365,-0.1023,0.0161,0.1686,1.33,0.099,1,3,0
u02312,freelancer,54246.92,0.3976,-0.0678,-0.0119,0.1131,3.0,0.2657,1,1,0
u02313,small_biz,164712.05,0.3717,-0.0898,0.0494,0.1769,3.43,0.2477,1,1,0
u02314,salaried,66560.01,0.0726,0.0002,0.138,0.4181,-0.25,-0.3335,2,6,1
u02315,small_biz,188684.37,0.0748,-0.0176,0.0735,0.1229,5.77,0.3715,0,0,0
u02316,small_biz,200888.17,0.1237,0.0003,0.0537,0.1356,4.95,0.2996,0,0,0
u02317,small_biz,202290.65,0.3802,0.1926,0.0613,0.1349,6.96,0.3739,0,2,0
u02318,freelancer,47288.46,0.2839,-0.0426,0.0382,0.028,0.02,-0.1136,0,4,1
u02319,small_biz,216946.93,0.2118,0.0112,-0.022,0.0524,3.5,0.267,0,0,0
u02320,freelancer,62470.96,0.3486,-0.0724,0.0115,0.0339,5.84,0.4291,0,1,0
u02321,small_biz,175840.8,0.1294,0.0023,0.061,0.0575,4.1,0.2206,0,1,0
u02322,freelancer,58558.09,0.3692,0.1648,0.0667,0.0429,3.22,0.2441,0,1,0
u02323,small_biz,117668.97,0.2305,-0.0604,0.0238,0.2536,-1.21,-0.7649,4,6,1
u02324,freelancer,43201.77,0.1424,-0.0039,0.0219,0.0332,2.25,0.1858,0,0,0
u02325,freelancer,74319.24,0.3106,-0.0734,0.0047,0.0703,2.19,0.1516,1,3,0
u02326,freelancer,38900.01,0.4625,-0.1416,0.0147,0.1971,-0.75,-0.1877,3,5,1
u02327,small_biz,86628.4,0.4411,0.0204,0.0349,0.2261,-0.07,-0.8515,0,6,1
u02328,small_biz,171966.58,0.305,-0.0616,0.0311,0.1471,2.76,0.0652,1,2,0
u02329,small_biz,148382.45,0.1072,-0.0053,0.0204,0.1484,4.29,0.3143,0,0,0
u02330,small_biz,128173.75,0.1384,-0.035,0.0279,0.1125,2.34,0.0349,1,2,0
u02331,small_biz,117082.79,0.2647,-0.0708,0.0425,0.2341,2.14,-0.1584,1,5,0
u02332,salaried,87077.61,0.0403,0.0191,-0.0099,0.2251,2.87,-0.0855,1,6,0
u02333,small_biz,118332.13,0.2139,-0.0584,0.0448,0.2018,-0.17,-0.3492,2,6,1
u02334,small_biz,137172.23,0.2737,0.1051,0.0832,0.0887,1.95,0.0183,2,3,0
u02335,salaried,71922.12,0.0558,-0.0057,0.0543,0.4728,0.81,-0.1765,3,6,1
u02336,small_biz,150953.13,0.4806,-0.1734,-0.0217,0.1274,1.9,0.0497,2,4,0
u02337,small_biz,230805.86,0.0839,-0.0039,0.0379,0.1136,4.85,0.3719,0,0,0
u02338,freelancer,75521.86,0.1748,0.033,0.0236,0.1046,3.11,0.2978,1,1,0
u02339,freelancer,70020.39,0.3105,-0.0885,0.012,0.0799,1.26,-0.0104,1,2,0
u02340,small_biz,206232.7,0.2503,-0.0497,-0.0151,0.123,3.99,0.2956,1,1,0
u02341,freelancer,56408.96,0.6163,0.2205,0.097,0.11,2.83,0.2619,2,3,0
u02342,freelancer,80648.01,0.2243,-0.0707,0.0465,0.0705,5.22,0.422,0,0,0
u02343,freelancer,49052.84,0.4209,0.1505,0.0837,0.1531,1.31,0.0439,1,3,0
u02344,freelancer,67255.47,0.2961,-0.1225,-0.0036,0.1185,4.08,0.3304,1,1,0
u02345,small_biz,225524.9,0.253,-0.013,0.0404,0.0945,9.32,0.5701,0,0,0
u02346,salaried,81194.56,0.091,0.0024,0.1716,0.1458,2.38,-0.1146,1,4,0
u02347,freelancer,46400.08,0.4586,-0.1049,0.0781,0.1089,3.44,0.3371,2,2,0
u02348,freelancer,39271.15,0.4949,-0.0736,-0.0201,0.0447,-0.23,-0.19,2,3,1
u02349,small_biz,231595.23,0.3082,-0.1705,0.0521,0.119,2.38,0.1249,0,1,0
u02350,small_biz,167755.66,0.169,-0.0584,0.0655,0.1163,5.89,0.3768,0,0,0
u02351,salaried,58217.02,0.0274,0.0122,0.0902,0.5332,1.87,-0.5133,0,6,1
u02352,small_biz,162467.57,0.3051,0.1071,0.0568,0.084,5.56,0.3208,0,1,0
u02353,small_biz,88837.44,0.3311,-0.0114,0.0427,0.1359,-0.76,-1.0716,1,6,1
u02354,freelancer,64727.19,0.4688,-0.0285,-0.0055,0.0594,7.03,0.5257,0,1,0
u02355,salaried,91410.48,0.0629,0.0156,0.0717,0.1369,3.86,0.1831,1,1,0
u02356,salaried,87611.72,0.0333,-0.006,0.0009,0.3283,0.58,-0.3272,2,6,1
u02357,freelancer,84471.05,0.1903,-0.0042,-0.0128,0.004,5.23,0.3724,0,0,0
u02358,small_biz,98971.45,0.365,-0.051,0.0579,0.2398,1.47,-0.108,2,3,0
u02359,small_biz,178277.61,0.2995,0.1267,0.0339,0.1421,1.55,0.0705,0,1,0
u02360,small_biz,123728.37,0.3471,0.11,0.0316,0.1198,3.13,0.0836,1,3,0
u02361,freelancer,53116.92,0.3754,-0.0319,0.01,0.1101,3.81,0.3197,0,1,0
u02362,small_biz,207729.62,0.4901,0.1168,0.0279,0.1055,4.63,0.2407,1,1,0
u02363,small_biz,130338.98,0.2309,0.079,-0.0056,0.0803,3.84,0.2183,0,1,0
u02364,small_biz,208160.16,0.1859,-0.0514,0.0004,0.1258,5.79,0.3467,0,1,0
u02365,salaried,115137.16,0.0862,0.0129,0.0635,0.1898,1.88,0.0624,0,1,0
u02366,freelancer,56519.64,0.2469,0.083,-0.0128,0.0252,3.97,0.3287,0,1,0
u02367,salaried,115379.38,0.0368,0.0189,0.0383,0.1721,4.03,0.1044,1,1,0
u02368,freelancer,50419.45,0.2231,0.0116,0.0385,0.1502,2.74,0.1895,0,2,0
u02369,freelancer,53402.6,0.3609,-0.1218,-0.0293,0.0273,1.42,0.0643,1,3,0
u02370,salaried,60154.68,0.0604,0.0226,0.0361,0.464,1.02,-0.1127,3,6,0
u02371,small_biz,196064.51,0.4082,0.1903,0.0562,0.0699,6.6,0.3201,0,2,0
u02372,freelancer,98446.06,0.24,-0.0702,0.0102,0.0795,6.1,0.415,0,0,0
u02373,small_biz,215504.26,0.174,-0.0671,0.0503,0.0983,7.36,0.4646,0,0,0
u02374,salaried,58554.42,0.0337,-0.0073,0.0492,0.3319,0.93,-0.4219,2,6,1
u02375,salaried,56073.84,0.0699,0.0096,-0.0222,0.4475,-0.8,-0.6966,4,6,1
u02376,salaried,119844.22,0.03,0.0064,0.0121,0.2538,3.0,0.0818,0,0,0
u02377,freelancer,38869.41,0.4428,-0.0705,0.0067,0.1227,1.14,0.1076,1,3,0
u02378,salaried,116773.62,0.0139,0.0014,-0.0235,0.2484,2.37,0.0989,0,0,0
u02379,small_biz,127421.99,0.3294,0.0776,0.0527,0.204,0.87,-0.0827,2,4,0
u02380,freelancer,47472.69,0.3673,-0.0625,0.0958,0.0824,0.45,-0.0796,0,3,1
u02381,small_biz,262590.68,0.0951,-0.0243,0.0036,0.0691,6.19,0.4505,0,0,0
u02382,salaried,116375.7,0.064,0.0307,0.1897,0.184,5.96,0.4494,0,0,0
u02383,freelancer,34827.89,0.3913,-0.0154,0.0196,0.1839,-0.19,-0.0904,3,4,1
u02384,salaried,90765.35,0.0758,-0.0323,0.1045,0.3136,3.65,0.1812,0,0,0
u02385,salaried,56847.77,0.0366,-0.008,0.0108,0.1804,0.91,-0.0271,2,5,0
u02386,small_biz,222179.16,0.277,0.0388,0.0808,0.0587,9.6,0.5201,0,1,0
u02387,freelancer,82296.48,0.4839,0.1285,0.0892,0.0877,5.2,0.347,1,1,0
u02388,freelancer,45186.27,0.0812,0.0321,0.1067,0.0989,2.2,0.1614,0,0,0
u02389,salaried,71332.67,0.0816,0.0127,0.0422,0.3075,1.42,-0.3156,1,6,1
u02390,small_biz,185181.88,0.1609,0.0591,0.0243,0.0672,3.74,0.2825,0,0,0
u02391,salaried,116308.39,0.0403,-0.007,0.1382,0.1436,3.08,0.2393,0,0,0
u02392,salaried,83145.05,0.0452,0.0195,0.0685,0.285,3.13,0.1081,0,0,0
u02393,freelancer,54211.12,0.1528,-0.0393,0.029,0.0572,2.05,0.1845,0,1,0
u02394,small_biz,139346.77,0.3867,-0.1422,0.0577,0.102,1.8,0.0655,0,2,0
u02395,freelancer,73358.8,0.2861,0.0063,0.0109,0.0515,7.94,0.5389,0,0,0
u02396,salaried,96975.35,0.0288,0.0056,-0.0305,0.1908,3.24,0.1699,0,0,0
u02397,freelancer,52797.32,0.2636,-0.0385,0.0587,0.0118,4.57,0.398,0,0,0
u02398,freelancer,43966.51,0.1739,-0.0299,0.0268,0.0675,-0.42,-0.1611,1,3,1
u02399,freelancer,64895.71,0.3674,0.0615,0.0308,0.0231,2.71,0.1808,1,2,0
u02400,freelancer,81285.32,0.2211,0.0107,0.0422,0.0978,4.89,0.292,1,1,0
u02401,small_biz,97317.19,0.3082,-0.0024,0.0165,0.1088,2.96,0.0111,0,3,0
u02402,freelancer,46448.86,0.3325,0.0936,0.0563,0.0064,4.28,0.3488,0,0,0
u02403,small_biz,222912.41,0.2511,-0.1111,0.0323,0.1127,6.02,0.3595,0,1,0
u02404,salaried,73858.15,0.0422,0.0228,-0.0199,0.1517,3.69,0.0017,1,2,0
u02405,small_biz,146566.43,0.2802,-0.0105,0.0236,0.1585,0.52,-0.3794,3,5,1
u02406,freelancer,68059.34,0.3956,0.0759,0.0531,0.0984,3.99,0.292,0,1,0
u02407,salaried,73714.53,0.0507,-0.0236,0.1213,0.2921,0.22,-0.1809,1,5,1
u02408,freelancer,65011.07,0.3448,0.0914,0.0399,0.0822,5.79,0.4209,0,1,0
u02409,freelancer,64405.42,0.3415,-0.0487,-0.0065,0.0233,5.02,0.4176,1,1,0
u02410,freelancer,53477.12,0.3271,-0.0407,-0.0256,0.1177,2.98,0.1895,1,3,0
u02411,freelancer,48000.34,0.3343,0.0736,0.0701,0.1167,1.55,0.1116,1,2,0
u02412,freelancer,41514.99,0.7652,0.225,0.0228,0.0754,0.21,-0.1927,3,5,1
u02413,freelancer,45722.8,0.364,-0.0577,0.0322,0.02,2.69,0.276,1,1,0
u02414,freelancer,45892.62,0.4165,-0.0538,-0.0037,0.1694,2.1,0.1232,2,2,1
u02415,freelancer,57719.26,0.5192,0.037,0.0736,0.0616,3.16,0.2251,0,2,0
u02416,small_biz,162990.18,0.3617,0.0906,-0.0251,0.1264,2.61,-0.0591,2,4,0
u02417,small_biz,116528.32,0.2367,0.082,-0.0022,0.2433,1.31,-0.3395,3,5,1
u02418,small_biz,237420.67,0.2527,0.0106,0.0082,0.0854,4.15,0.3071,1,1,0
u02419,small_biz,244824.84,0.113,-0.0115,0.0862,0.0631,4.67,0.2585,0,0,0
u02420,salaried,108861.75,0.0264,0.0055,0.0336,0.1602,3.85,0.232,0,0,0
u02421,salaried,87656.23,0.0394,0.0159,0.0562,0.2855,2.73,-0.135,1,4,0
u02422,freelancer,60928.43,0.307,-0.0025,0.0826,0.0051,4.07,0.3048,0,1,0
u02423,freelancer,55661.42,0.4131,-0.1799,0.1018,0.0673,1.05,0.0453,2,2,0
u02424,freelancer,40336.0,0.4677,0.1889,0.032,0.0018,-0.12,-0.1683,2,3,1
u02425,freelancer,52808.97,0.3672,-0.0807,0.0353,0.0648,3.57,0.2678,1,2,0
u02426,salaried,75531.15,0.0271,-0.0069,-0.0125,0.2087,3.49,0.0254,1,2,0
u02427,small_biz,239032.11,0.0385,-0.0185,0.0235,0.0864,7.83,0.4666,0,0,0
u02428,salaried,86519.56,0.0725,0.0327,0.0622,0.3448,2.97,-0.0434,1,3,0
u02429,freelancer,86010.8,0.4744,-0.0736,0.0306,0.035,7.77,0.513,0,1,0
u02430,freelancer,69683.05,0.2616,-0.0881,0.0576,0.1003,3.95,0.3673,1,1,0
u02431,salaried,75140.36,0.0403,0.0038,0.0168,0.2478,1.26,-0.101,3,6,0
u02432,salaried,68374.22,0.05,-0.0118,0.1237,0.4843,0.37,-0.5231,2,6,1
u02433,salaried,64932.14,0.035,0.0011,0.0952,0.161,0.75,-0.409,2,6,1
u02434,freelancer,52800.22,0.345,0.0587,0.0792,0.0522,1.48,0.1167,1,2,0
u02435,freelancer,91632.9,0.3263,0.021,0.0807,0.0134,3.83,0.309,1,2,0
u02436,salaried,99427.39,0.0382,0.0068,0.0384,0.2341,4.71,0.1952,1,1,0
u02437,salaried,119629.89,0.0351,-0.0034,0.0403,0.2272,3.02,0.1553,0,0,0
u02438,small_biz,108896.59,0.3559,0.1139,0.0101,0.1818,1.17,-0.1439,1,4,0
u02439,salaried,74833.12,0.0591,-0.0051,-0.0022,0.1667,-0.04,-0.3184,3,6,1
u02440,salaried,103574.25,0.0707,-0.0161,0.0698,0.1659,5.49,0.21,1,1,0
u02441,small_biz,203299.23,0.07,0.004,0.0055,0.0594,5.32,0.246,0,0,0
u02442,freelancer,46526.56,0.2865,-0.0717,0.0599,0.1532,-0.17,-0.0913,1,3,1
u02443,salaried,113728.16,0.0309,0.0004,0.0034,0.2344,5.81,0.2103,0,0,0
u02444,freelancer,80418.63,0.2935,0.1076,0.0158,0.0037,7.1,0.5299,0,0,0
u02445,freelancer,80051.88,0.4733,0.1093,0.0298,0.0654,7.97,0.5507,1,1,0
u02446,salaried,83257.78,0.0533,-0.0169,0.0234,0.1214,4.8,0.3011,0,0,0
u02447,freelancer,51836.57,0.3095,-0.037,0.0534,0.0109,1.11,-0.0167,1,2,1
u02448,salaried,49977.27,0.0257,0.0023,0.0016,0.6781,-0.35,-0.9656,0,6,1
u02449,freelancer,40043.36,0.2268,0.0383,0.1112,0.0778,-0.99,-0.4699,1,5,1
u02450,salaried,94607.37,0.0483,-0.0119,0.0167,0.3488,4.44,0.1182,0,0,0
u02451,freelancer,44281.59,0.2649,0.1031,0.0508,0.0331,1.9,0.1856,0,1,0
u02452,salaried,58604.33,0.0502,-0.0157,-0.0031,0.4217,-1.54,-0.9514,0,6,1
u02453,small_biz,166998.47,0.3177,-0.094,0.0065,0.1308,3.64,0.1459,1,2,0
u02454,salaried,53304.18,0.0598,0.0298,0.047,0.5747,-1.99,-1.3397,3,6,1
u02455,freelancer,64915.7,0.3523,0.0694,0.0537,0.034,4.58,0.3315,1,1,0
u02456,salaried,61393.16,0.0313,-0.0124,0.1814,0.3628,-0.16,-0.2687,2,6,1
u02457,freelancer,73540.92,0.154,0.0538,0.0209,0.0813,7.79,0.5306,0,0,0
u02458,freelancer,36921.78,0.4827,-0.1013,0.0455,0.1588,-0.0,-0.1623,1,3,1
u02459,freelancer,42897.32,0.7297,0.2774,0.0875,0.1584,-1.06,-0.3104,2,4,1
u02460,small_biz,241426.95,0.1386,-0.0779,0.0737,0.0783,4.02,0.2044,0,1,0
u02461,freelancer,30802.76,0.4086,-0.0029,0.0924,0.0549,1.16,-0.0117,1,3,0
u02462,salaried,66264.0,0.1036,0.0123,-0.0124,0.4397,1.65,-0.4599,5,6,1
u02463,small_biz,102840.11,0.3992,0.0673,0.0455,0.2096,-0.53,-0.4701,3,5,1
u02464,small_biz,140445.57,0.1429,0.0013,0.0472,0.1001,1.41,-0.2934,2,6,0
u02465,freelancer,71647.27,0.1806,-0.0699,0.1489,0.0589,5.69,0.4519,0,0,0
u02466,salaried,73510.11,0.0431,-0.0164,0.0227,0.3989,2.95,0.0517,1,1,0
u02467,salaried,111633.4,0.0678,-0.0086,0.1652,0.3053,2.33,-0.1198,3,5,0
u02468,freelancer,82585.66,0.1708,0.0078,0.1068,0.0445,3.41,0.2719,0,1,0
u02469,small_biz,199267.38,0.278,-0.0709,-0.0009,0.058,7.09,0.422,0,0,0
u02470,freelancer,42514.74,0.2226,-0.0175,0.0165,0.0464,2.74,0.2656,0,1,0
u02471,freelancer,41371.58,0.283,-0.0181,0.0251,0.0966,0.46,-0.0895,1,3,1
u02472,salaried,115725.61,0.0619,0.0064,0.0308,0.2151,5.08,0.3571,0,0,0
u02473,salaried,124109.72,0.0609,-0.0207,-0.0066,0.2253,4.93,0.3596,0,0,0
u02474,small_biz,161284.37,0.3123,-0.0029,0.0642,0.1655,3.41,0.1906,1,2,0
u02475,freelancer,59096.75,0.3193,0.0293,0.0744,0.006,4.29,0.3464,0,1,0
u02476,freelancer,57247.36,0.6287,0.04,0.0496,0.0414,2.08,0.0991,3,3,0
u02477,salaried,94753.26,0.0283,-0.0097,0.0441,0.3094,2.26,0.0064,0,1,0
u02478,salaried,105046.26,0.1051,0.0393,0.0707,0.1996,5.94,0.2591,0,1,0
u02479,small_biz,137913.23,0.085,0.0193,-0.0093,0.1105,2.76,0.0322,2,2,0
u02480,salaried,76206.93,0.0533,0.0046,0.0568,0.3169,1.54,-0.0921,4,6,0
u02481,small_biz,221602.58,0.3555,-0.0755,0.0309,0.1331,4.07,0.3262,1,2,0
u02482,freelancer,57594.06,0.3995,-0.1224,-0.0384,0.0779,5.02,0.3662,0,1,0
u02483,small_biz,174497.86,0.2827,0.0578,0.0659,0.0767,4.61,0.3284,0,1,0
u02484,salaried,53841.71,0.0673,0.0086,0.0221,0.3689,-0.9,-0.6133,5,6,1
u02485,small_biz,188107.04,0.3926,0.0384,0.0493,0.1152,3.27,0.1334,0,3,0
u02486,freelancer,48876.15,0.3767,0.0509,0.1156,0.036,0.11,-0.0532,0,4,1
u02487,freelancer,37601.91,0.5438,-0.148,0.1187,0.0614,0.59,-0.0655,1,3,1
u02488,salaried,80716.8,0.027,-0.0072,0.1734,0.1754,1.26,-0.1376,3,6,1
u02489,salaried,102549.43,0.0327,0.0072,0.171,0.2313,3.0,0.242,0,0,0
u02490,freelancer,44438.05,0.4438,0.0317,0.0758,0.0176,1.42,0.0831,1,3,0
u02491,small_biz,105977.93,0.1214,-0.0563,0.0053,0.19,-0.05,-0.3219,2,6,1
u02492,small_biz,199369.71,0.2969,0.1177,0.0393,0.0654,5.81,0.3347,1,1,0
u02493,freelancer,51312.75,0.7109,0.2922,0.0717,0.0926,3.88,0.3147,1,2,0
u02494,freelancer,61757.87,0.4961,0.0305,0.0039,0.0806,4.07,0.2808,0,2,0
u02495,freelancer,63447.89,0.2041,-0.0988,0.06,0.1041,3.19,0.2176,1,1,0
u02496,small_biz,137717.58,0.2572,-0.1136,0.016,0.1841,2.68,0.0719,1,1,0
u02497,salaried,83989.09,0.0658,-0.0287,0.1222,0.2147,5.0,0.2007,0,0,0
u02498,freelancer,86058.47,0.1768,0.0128,0.1116,0.0233,9.17,0.5965,0,0,0
u02499,freelancer,59866.75,0.2984,0.032,0.0865,0.002,3.54,0.273,0,2,0
u02500,salaried,96027.97,0.0453,-0.0022,0.0417,0.2671,2.92,0.0003,0,4,0
u02501,small_biz,205540.72,0.5371,-0.1055,0.0356,0.1332,4.04,0.2013,1,2,0
u02502,freelancer,43515.38,0.4676,-0.0909,0.0069,0.0051,2.09,0.2121,1,2,1
u02503,small_biz,146706.58,0.3966,0.0453,0.0077,0.1762,1.27,-0.2337,0,4,1
u02504,small_biz,151835.25,0.1797,-0.0523,0.0191,0.1852,3.12,0.1161,0,1,0
u02505,freelancer,49375.78,0.3059,0.1383,0.0276,0.1274,0.87,-0.1074,0,4,1
u02506,freelancer,33203.72,0.3327,-0.0967,0.0872,0.2176,-1.15,-0.4476,1,5,1
u02507,small_biz,103804.77,0.3153,-0.1239,0.0135,0.2412,0.09,-0.7004,3,6,1
u02508,salaried,63307.22,0.0276,-0.0069,-0.0262,0.3385,1.09,-0.1759,4,6,1
u02509,salaried,90396.49,0.0392,0.0161,0.1225,0.1806,4.5,0.1392,0,0,0
u02510,salaried,54607.14,0.0652,-0.0021,0.025,0.4425,0.44,-0.6905,3,6,1
u02511,freelancer,34369.84,0.1883,-0.0881,0.0519,0.0628,-1.58,-0.5263,3,6,1
u02512,salaried,78076.76,0.0492,0.0124,0.1232,0.2547,2.19,0.0438,1,1,0
u02513,small_biz,216264.21,0.2705,0.0186,0.0525,0.0619,4.41,0.2649,0,1,0
u02514,salaried,112891.66,0.0661,-0.0168,0.0493,0.2727,6.2,0.3023,0,0,0
u02515,salaried,109285.94,0.0311,0.0014,0.0534,0.2397,3.3,0.2037,0,0,0
u02516,salaried,79251.47,0.0284,-0.0055,-0.0235,0.3162,0.53,-0.1948,2,6,1
u02517,freelancer,86494.71,0.1945,-0.0191,0.0803,0.0437,8.84,0.5783,0,0,0
u02518,freelancer,50998.54,0.2866,0.0589,0.1039,0.0393,1.69,0.0911,0,1,0
u02519,freelancer,47240.7,0.3406,0.0832,-0.0123,0.1546,1.58,0.1596,1,2,0
u02520,freelancer,48062.85,0.3284,0.0385,0.1107,0.0391,4.97,0.4247,1,1,0
u02521,small_biz,144901.38,0.273,0.0342,0.0975,0.1407,2.24,-0.1051,2,3,0
u02522,salaried,102154.51,0.0541,-0.0034,0.0023,0.2702,2.1,-0.0503,1,3,0
u02523,small_biz,210587.72,0.3596,-0.1998,0.0108,0.1233,4.33,0.3409,1,2,0
u02524,small_biz,167222.76,0.1112,-0.0327,0.0456,0.1362,2.06,-0.0493,1,3,0
u02525,small_biz,230809.5,0.1985,-0.0422,-0.0286,0.126,5.72,0.3618,0,1,0
u02526,salaried,59532.5,0.0499,-0.0252,0.0366,0.2494,2.3,-0.1175,4,4,0
u02527,small_biz,206794.36,0.3864,-0.0032,0.0118,0.1158,8.43,0.4906,0,0,0
u02528,small_biz,115356.74,0.1994,-0.011,0.0589,0.1721,1.38,-0.1321,3,4,0
u02529,salaried,79983.65,0.0614,0.0013,0.0021,0.2173,0.81,-0.158,4,6,0
u02530,freelancer,86933.35,0.2718,-0.0517,0.0981,0.0848,4.75,0.3362,0,1,0
u02531,freelancer,45022.03,0.2618,0.0247,0.0436,0.1445,1.97,0.1207,1,2,0
u02532,freelancer,33028.61,0.3605,0.0814,0.1103,0.1769,-2.57,-1.0452,3,6,1
u02533,small_biz,193126.78,0.2498,-0.0267,0.0749,0.0565,4.51,0.3471,1,1,0
u02534,freelancer,65213.41,0.0886,0.0074,0.0237,0.1064,2.3,0.2068,0,1,0
u02535,freelancer,74703.27,0.2783,-0.146,0.0489,0.0341,5.12,0.433,0,0,0
u02536,freelancer,69332.43,0.1933,-0.0962,0.0517,0.0186,4.43,0.333,0,1,0
u02537,salaried,90360.67,0.0523,-0.0083,0.058,0.223,3.34,0.001,1,2,0
u02538,freelancer,58233.45,0.2854,0.112,0.0663,0.0886,4.74,0.4032,1,1,0
u02539,freelancer,39708.82,0.2488,0.0207,0.0678,0.1136,-1.34,-0.5781,4,6,1
u02540,salaried,108325.48,0.043,-0.0004,0.0519,0.2264,2.98,0.094,1,1,0
u02541,freelancer,54200.46,0.1246,0.0054,0.0803,0.0344,2.19,0.1669,0,2,0
u02542,salaried,96664.35,0.0928,-0.0006,0.0444,0.1661,4.48,0.1951,0,0,0
u02543,salaried,98705.56,0.0267,0.003,0.0855,0.3369,3.82,-0.0072,0,2,0
u02544,salaried,101727.63,0.0534,-0.0237,-0.0175,0.3305,3.36,-0.2,2,6,0
u02545,salaried,112267.49,0.064,0.0275,0.0359,0.1106,5.04,0.2104,0,0,0
u02546,freelancer,42193.78,0.448,0.091,0.0369,0.164,1.31,0.1263,0,2,0
u02547,salaried,84363.46,0.0528,-0.0189,0.2013,0.2269,2.37,-0.137,2,5,0
u02548,freelancer,49189.15,0.2936,-0.1392,0.0219,0.0255,1.53,0.0389,1,3,1
u02549,salaried,96212.44,0.0618,-0.0144,0.038,0.3277,1.39,-0.0536,1,4,0
u02550,salaried,83991.03,0.0443,-0.0199,0.0273,0.2828,1.97,-0.1559,5,5,0
u02551,freelancer,55184.77,0.2685,-0.0348,0.1045,0.0486,3.91,0.2981,0,1,0
u02552,salaried,121626.68,0.0903,0.0205,0.0372,0.2681,3.7,0.0499,0,2,0
u02553,small_biz,75234.28,0.4813,-0.0067,0.0096,0.3504,-2.47,-1.2942,1,6,1
u02554,freelancer,50823.39,0.3678,-0.0378,0.023,0.0501,0.14,-0.1375,1,3,1
u02555,salaried,56140.12,0.0454,0.0059,0.0327,0.2235,0.83,-0.6021,3,6,1
u02556,salaried,90607.44,0.0383,0.0159,0.0643,0.2018,4.0,0.3068,0,0,0
u02557,small_biz,107436.8,0.1418,0.0487,0.0408,0.2696,0.13,-0.2847,1,5,1
u02558,small_biz,185206.95,0.2518,-0.0277,0.0452,0.0821,2.84,0.1803,0,2,0
u02559,small_biz,129895.9,0.2332,-0.0417,0.0527,0.226,2.3,0.0044,0,2,0
u02560,small_biz,184673.53,0.2082,0.018,0.0107,0.0812,2.3,0.1101,0,1,0
u02561,salaried,54932.81,0.083,-0.0176,0.0717,0.2379,1.37,-0.3901,2,6,1
u02562,salaried,58954.13,0.0309,0.0149,0.0192,0.5467,0.84,-0.6181,2,6,1
u02563,small_biz,210508.53,0.2994,-0.0315,0.0342,0.0956,2.34,0.13,2,2,0
u02564,freelancer,40691.36,0.2713,-0.0606,-0.0329,0.1605,-1.16,-0.4179,3,5,1
u02565,salaried,97242.71,0.0551,0.0037,0.0543,0.2287,3.34,-0.0143,2,2,0
u02566,freelancer,54403.54,0.4298,-0.0103,0.0164,0.0676,0.38,-0.0704,1,3,1
u02567,freelancer,96855.83,0.2951,-0.0573,0.013,0.0405,9.17,0.512,0,0,0
u02568,freelancer,88473.66,0.3944,0.0294,0.1299,0.0621,11.25,0.6356,0,1,0
u02569,freelancer,94047.1,0.2543,0.0488,0.0715,0.0212,13.33,0.6251,0,0,0
u02570,salaried,123454.64,0.0285,-0.0005,0.0627,0.1222,2.94,0.2254,0,0,0
u02571,small_biz,170326.11,0.2442,-0.0025,0.039,0.1611,2.12,0.0179,0,2,0
u02572,freelancer,74465.41,0.3066,0.0012,0.0762,0.041,8.04,0.4879,0,0,0
u02573,salaried,58623.52,0.0912,0.0279,0.0591,0.269,-0.06,-0.4393,2,6,1
u02574,small_biz,223961.82,0.3757,0.0717,0.028,0.0923,3.76,0.2591,0,2,0
u02575,freelancer,67297.41,0.3165,-0.0765,0.0145,0.0688,3.36,0.1987,1,2,0
u02576,salaried,56266.71,0.0413,-0.0181,0.0317,0.4872,1.46,-0.6202,2,6,1
u02577,salaried,62582.23,0.0274,0.0056,0.0731,0.5092,-0.92,-0.6212,4,6,1
u02578,small_biz,156028.67,0.2554,-0.0453,0.0569,0.1452,1.23,-0.2627,3,6,1
u02579,freelancer,73595.78,0.2929,0.0047,0.0014,0.0522,4.15,0.3838,1,1,0
u02580,salaried,84408.08,0.0206,0.0094,-0.0137,0.349,-0.6,-0.496,4,6,1
u02581,freelancer,50211.05,0.3678,-0.0394,-0.0164,0.0288,-0.03,-0.0542,2,4,1
u02582,salaried,109999.88,0.0676,0.0273,0.0941,0.2393,5.77,0.2825,0,0,0
u02583,freelancer,76595.77,0.1463,-0.0038,0.1147,0.0123,6.81,0.4531,0,0,0
u02584,freelancer,51045.95,0.4597,-0.1728,0.0783,0.1247,0.42,-0.0139,0,3,0
u02585,freelancer,37607.52,0.2669,-0.0794,0.0119,0.0712,-0.32,-0.2373,2,4,1
u02586,small_biz,139824.38,0.2643,0.1143,0.0449,0.13,1.96,-0.1225,2,4,0
u02587,small_biz,196783.52,0.1506,0.0563,0.0929,0.122,4.29,0.2849,0,1,0
u02588,salaried,79940.4,0.0269,-0.0045,0.0167,0.2863,2.76,0.0369,0,1,0
u02589,salaried,92711.09,0.0358,0.0021,0.1623,0.3178,1.31,-0.3164,1,6,1
u02590,freelancer,47889.54,0.413,-0.0644,0.0681,0.118,0.44,-0.1279,1,3,0
u02591,small_biz,182989.88,0.1997,-0.0566,-0.0002,0.1513,5.39,0.4147,0,1,0
u02592,freelancer,45436.69,0.4251,0.0277,0.0134,0.1484,-0.55,-0.3344,1,5,1
u02593,freelancer,44933.37,0.2702,0.0283,0.006,0.1022,2.33,0.1507,0,2,0
u02594,freelancer,48713.09,0.2526,-0.1014,0.1253,0.0016,-0.03,-0.0771,2,3,1
u02595,small_biz,172748.68,0.4148,0.1468,0.0008,0.1065,4.9,0.2634,2,2,0
u02596,freelancer,49062.07,0.239,-0.0646,0.0223,0.0257,2.48,0.1517,1,2,0
u02597,salaried,53979.11,0.0674,0.0093,0.0982,0.5729,-0.89,-1.3862,4,6,1
u02598,small_biz,137595.63,0.3491,0.1578,0.0335,0.1377,3.09,0.1883,1,2,0
u02599,freelancer,50652.62,0.2812,-0.0968,0.0163,0.1003,2.67,0.277,1,1,0
u02600,freelancer,77023.44,0.2543,-0.0125,0.0587,0.0532,7.34,0.4715,0,1,0
u02601,salaried,105971.17,0.05,-0.0264,0.0411,0.0977,6.1,0.2767,1,1,0
u02602,freelancer,50160.08,0.1598,0.0485,0.1167,0.0875,2.78,0.2672,0,0,0
u02603,small_biz,178472.55,0.4677,0.0569,0.0152,0.1284,5.89,0.3753,0,3,0
u02604,freelancer,39566.43,0.3415,-0.1071,0.0491,0.0912,-0.23,-0.1145,1,4,1
u02605,small_biz,140351.46,0.3151,0.0106,0.0033,0.1101,1.36,-0.1199,4,5,0
u02606,small_biz,169871.87,0.2486,-0.0024,0.0203,0.1714,2.04,0.1218,0,2,0
u02607,salaried,117572.74,0.0583,0.0028,0.0073,0.1807,2.35,0.0486,1,3,0
u02608,freelancer,46729.84,0.0836,0.0235,0.0203,0.1106,1.53,0.1187,0,2,0
u02609,small_biz,117280.44,0.2733,-0.1336,0.0464,0.2166,0.78,-0.12,1,4,1
u02610,small_biz,233338.33,0.3053,-0.0793,0.0195,0.098,7.12,0.3891,1,2,0
u02611,salaried,56380.73,0.0377,-0.0085,0.0195,0.609,0.54,-0.6844,2,6,1
u02612,freelancer,54184.82,0.2443,-0.0463,-0.006,0.0006,8.07,0.5589,0,0,0
u02613,salaried,89681.45,0.0776,-0.0145,-0.0044,0.2334,3.2,0.0844,0,1,0
u02614,freelancer,44824.2,0.1797,0.0236,0.0597,0.1333,2.18,0.1394,0,1,0
u02615,small_biz,165108.8,0.2909,-0.0526,0.0163,0.1531,2.85,0.063,1,2,0
u02616,freelancer,78600.75,0.4099,0.0549,0.0746,0.0736,9.73,0.5514,1,1,0
u02617,small_biz,169133.23,0.1578,0.0294,0.0445,0.1747,4.2,0.2375,1,1,0
u02618,freelancer,65072.5,0.4585,0.1671,0.1193,0.0558,2.99,0.2944,1,2,0
u02619,small_biz,139411.26,0.1192,-0.0485,0.0278,0.1936,2.24,0.0879,1,1,0
u02620,freelancer,78352.59,0.3302,0.0061,0.1404,0.0921,2.96,0.1597,1,2,0
u02621,small_biz,167231.48,0.3717,-0.0804,0.041,0.1518,5.85,0.3267,0,1,0
u02622,freelancer,78080.26,0.3067,-0.0245,0.0394,0.0713,4.33,0.3146,0,1,0
u02623,freelancer,55322.86,0.2452,-0.0365,0.0874,0.143,2.34,0.2123,1,2,0
u02624,freelancer,39742.56,0.3649,0.0348,0.054,0.0034,-1.14,-0.2661,2,5,1
u02625,salaried,75305.87,0.0446,-0.0195,0.021,0.3016,0.66,-0.1005,1,6,0
u02626,salaried,97242.86,0.0466,0.0031,0.1832,0.3416,3.04,-0.1535,2,6,0
u02627,small_biz,216158.33,0.2815,-0.122,0.0564,0.105,7.24,0.4616,0,0,0
u02628,salaried,65159.26,0.0298,-0.0136,0.007,0.4038,2.51,-0.2227,3,6,0
u02629,salaried,61217.36,0.0743,0.0347,0.0347,0.1872,2.63,-0.1544,2,6,0
u02630,freelancer,63406.17,0.2752,0.0006,0.0556,0.0424,1.98,0.1097,2,2,0
u02631,salaried,96887.6,0.0487,-0.0018,0.0604,0.2073,5.12,0.2613,0,0,0
u02632,freelancer,45879.31,0.2834,0.0612,0.0611,0.1674,0.97,-0.06,1,3,0
u02633,small_biz,154392.01,0.2015,-0.0257,0.0018,0.1491,4.78,0.284,0,0,0
u02634,small_biz,120120.49,0.3614,-0.1046,0.0603,0.1376,0.31,-0.282,2,5,1
u02635,freelancer,70656.66,0.1985,0.0207,0.0927,0.017,5.54,0.4495,0,0,0
u02636,freelancer,67326.5,0.2272,0.0631,0.0222,0.0906,5.8,0.4585,0,0,0
u02637,freelancer,47877.77,0.2402,-0.0627,0.0719,0.1289,-0.14,-0.2262,3,5,1
u02638,freelancer,69908.09,0.2296,-0.0092,0.0321,0.0385,3.82,0.308,1,1,0
u02639,small_biz,212219.78,0.2853,-0.0801,0.0537,0.0567,4.1,0.2097,1,2,0
u02640,freelancer,57135.43,0.2912,0.0733,0.0064,0.1243,2.29,0.1332,0,1,0
u02641,freelancer,61087.05,0.1856,0.0836,0.0629,0.1034,3.28,0.2134,1,2,0
u02642,small_biz,213843.73,0.227,-0.1108,0.066,0.1337,5.0,0.3008,0,1,0
u02643,freelancer,56423.51,0.3659,0.0589,0.1058,0.0442,3.44,0.2823,0,1,0
u02644,small_biz,173120.01,0.3809,-0.0563,0.0088,0.1312,4.24,0.2808,1,2,0
u02645,freelancer,59907.68,0.3716,0.1657,0.0798,0.1079,3.06,0.1963,1,2,0
u02646,freelancer,46493.04,0.3951,-0.0141,0.0294,0.0076,4.93,0.3763,1,2,0
u02647,small_biz,169839.95,0.1428,0.064,0.0382,0.1465,2.8,0.12,2,2,0
u02648,freelancer,36250.27,0.4154,0.0093,0.0139,0.1859,-0.76,-0.293,3,4,1
u02649,salaried,82941.15,0.0267,-0.0133,0.1665,0.4106,2.15,-0.2463,2,6,1
u02650,small_biz,209278.85,0.0975,0.0013,0.0034,0.0994,4.93,0.3589,0,0,0
u02651,freelancer,40070.08,0.3996,-0.0733,0.0981,0.0715,-1.2,-0.5023,4,5,1
u02652,freelancer,47114.13,0.5184,-0.0868,0.1205,0.1663,0.57,-0.0633,1,4,1
u02653,small_biz,107052.48,0.309,0.115,0.0328,0.2655,1.13,-0.1643,2,4,0
u02654,small_biz,159998.67,0.2747,-0.0244,0.0585,0.1595,2.92,0.1485,1,2,0
u02655,small_biz,219315.62,0.2522,-0.0353,0.0075,0.1117,6.52,0.4202,0,1,0
u02656,small_biz,183923.39,0.3338,-0.1672,0.0094,0.1267,5.78,0.3346,1,1,0
u02657,small_biz,196349.9,0.2323,-0.0612,0.0544,0.0936,8.13,0.4893,0,0,0
u02658,salaried,104830.83,0.0248,-0.0021,0.0634,0.2154,2.05,0.0952,0,1,0
u02659,freelancer,45292.65,0.4453,-0.0953,-0.0221,0.0868,1.09,0.0231,1,3,1
u02660,salaried,85318.98,0.0384,0.0113,0.0699,0.3117,0.07,-0.3875,2,6,1
u02661,small_biz,145767.74,0.3159,0.0925,-0.0341,0.113,3.08,0.1662,1,1,0
u02662,freelancer,70092.04,0.2249,-0.0147,0.0971,0.0675,3.64,0.2572,1,1,0
u02663,small_biz,122442.85,0.299,-0.0952,-0.0142,0.16,0.53,-0.4387,2,5,1
u02664,salaried,62858.92,0.0293,-0.0006,0.0945,0.3843,1.76,-0.2852,0,6,1
u02665,salaried,117767.94,0.0437,-0.0049,0.0172,0.2231,4.06,0.1575,1,1,0
u02666,freelancer,43230.57,0.1025,0.0257,0.1198,0.1524,0.27,-0.0434,1,4,1
u02667,freelancer,44133.74,0.1795,-0.0112,0.0778,0.0971,0.25,-0.2129,1,5,1
u02668,freelancer,73547.5,0.2637,0.086,0.1513,0.1004,3.17,0.2615,0,1,0
u02669,salaried,87661.34,0.0495,-0.0274,0.255,0.385,0.33,-0.2413,1,5,1
u02670,freelancer,63616.77,0.3973,0.0266,0.1507,0.046,5.41,0.4199,0,1,0
u02671,small_biz,129727.12,0.2777,0.0548,0.0179,0.1911,1.54,-0.2487,3,5,1
u02672,freelancer,43234.76,0.2425,-0.126,-0.0156,0.0979,4.35,0.3186,0,1,0
u02673,small_biz,196013.57,0.1279,-0.0161,0.0734,0.0541,6.99,0.4902,0,0,0
u02674,salaried,105237.34,0.0756,0.0048,0.0487,0.1104,5.5,0.387,0,0,0
u02675,freelancer,29629.5,0.5405,-0.1894,-0.0247,0.1372,-2.09,-0.6914,1,5,1
u02676,freelancer,80157.56,0.4516,0.1006,0.1144,0.0295,5.8,0.4322,1,1,0
u02677,small_biz,118290.14,0.3055,-0.0718,0.0044,0.0877,2.21,-0.0621,1,4,0
u02678,freelancer,71515.2,0.3409,0.1129,0.0354,0.0471,2.33,0.1785,0,2,0
u02679,salaried,94344.85,0.0423,-0.0181,-0.0063,0.1764,6.48,0.2969,0,0,0
u02680,small_biz,187876.3,0.199,0.0001,0.0337,0.151,3.4,0.2185,1,1,0
u02681,small_biz,143181.6,0.3504,-0.141,0.0195,0.1309,2.91,0.1816,0,2,0
u02682,freelancer,40352.4,0.2435,-0.0499,0.0982,0.0932,1.44,0.1137,0,2,0
u02683,salaried,100735.57,0.0298,0.0153,0.0492,0.1473,5.9,0.3327,0,0,0
u02684,freelancer,52856.21,0.1926,-0.0711,0.1513,0.0897,0.36,-0.0348,0,2,1
u02685,small_biz,103491.9,0.386,0.0291,0.0519,0.1883,0.61,-0.3603,2,4,1
u02686,freelancer,57850.42,0.4527,0.0582,0.1059,0.1069,3.23,0.2886,0,3,0
u02687,salaried,77731.73,0.037,-0.0052,-0.0124,0.1389,4.76,0.2443,0,0,0
u02688,small_biz,113466.1,0.2765,0.0032,-0.022,0.2614,1.62,-0.1359,3,4,0
u02689,small_biz,101501.09,0.1815,0.036,0.0144,0.2877,1.26,-0.013,3,3,0
u02690,small_biz,190566.65,0.3916,-0.0159,-0.0017,0.0558,3.96,0.1687,2,3,0
u02691,small_biz,174213.52,0.2865,0.1124,0.0024,0.0919,4.21,0.239,1,1,0
u02692,small_biz,111106.09,0.281,0.0975,0.0658,0.2264,-1.82,-0.8234,2,6,1
u02693,salaried,111911.92,0.0603,0.0174,0.0448,0.1821,6.06,0.3485,0,0,0
u02694,small_biz,84276.05,0.4622,-0.1109,0.0283,0.3436,-0.11,-0.911,2,6,1
u02695,freelancer,80066.74,0.2506,0.0107,0.0651,0.0814,5.42,0.356,0,1,0
u02696,small_biz,149518.75,0.2322,-0.0226,0.094,0.0758,0.18,-0.2209,2,5,1
u02697,freelancer,41664.92,0.3808,-0.1223,0.1125,0.1759,1.15,0.0174,0,2,0
u02698,freelancer,84994.68,0.1807,-0.0768,-0.0493,0.0446,3.78,0.3258,0,0,0
u02699,salaried,76513.92,0.0417,-0.0156,0.0931,0.4319,2.69,-0.1147,2,6,0
u02700,freelancer,50908.6,0.479,-0.162,0.0935,0.0356,0.49,-0.0154,2,3,0
u02701,small_biz,217511.15,0.2754,-0.052,0.0063,0.102,3.75,0.316,0,1,0
u02702,small_biz,150032.49,0.1033,0.0104,0.0143,0.1864,3.59,0.2054,0,0,0
u02703,small_biz,156535.07,0.3503,-0.0348,-0.0286,0.1878,2.59,-0.0069,0,3,0
u02704,small_biz,256329.69,0.1112,-0.0344,-0.004,0.0435,6.87,0.3983,0,0,0
u02705,small_biz,76048.71,0.4169,-0.0469,0.0374,0.3764,-1.44,-0.7535,2,5,1
u02706,small_biz,95180.53,0.2918,0.1557,0.032,0.1419,0.02,-0.2588,2,5,1
u02707,salaried,102489.16,0.0238,-0.0084,-0.002,0.1482,3.13,-0.062,0,5,0
u02708,small_biz,114916.38,0.2053,0.0436,0.034,0.2405,2.03,0.0005,1,4,0
u02709,salaried,119191.12,0.0419,0.0096,0.0944,0.0977,7.09,0.444,0,0,0
u02710,small_biz,211840.48,0.2634,0.0876,0.031,0.095,5.32,0.2846,0,1,0
u02711,freelancer,75324.79,0.2042,-0.0735,0.0148,0.0517,7.06,0.4724,0,0,0
u02712,salaried,86508.25,0.058,0.0033,0.0285,0.33,1.6,-0.2626,3,6,0
u02713,small_biz,151115.0,0.2784,0.0255,0.0137,0.1079,2.16,-0.0923,2,3,0
u02714,salaried,55653.3,0.0259,0.0076,0.0035,0.3195,-0.38,-0.3988,2,6,1
u02715,small_biz,142646.96,0.2417,0.0926,0.0422,0.2071,1.06,-0.0851,2,3,0
u02716,small_biz,167465.32,0.118,0.0581,0.023,0.0968,7.14,0.4014,1,1,0
u02717,freelancer,57467.78,0.155,0.0084,0.0726,0.0008,4.48,0.3781,0,0,0
u02718,small_biz,137982.74,0.4168,-0.0866,0.0466,0.1839,1.61,0.0615,1,3,0
u02719,freelancer,51898.89,0.316,0.1368,0.0362,0.0641,1.99,0.1951,0,2,0
u02720,small_biz,81940.4,0.4529,0.1109,0.0415,0.3334,-0.54,-0.5673,2,5,1
u02721,freelancer,48309.32,0.6276,0.079,0.0361,0.0317,-0.78,-0.2153,1,4,1
u02722,small_biz,160981.31,0.1437,-0.077,0.0729,0.1284,5.07,0.2634,0,0,0
u02723,salaried,97116.83,0.0622,0.0033,0.0859,0.2415,1.66,0.0564,0,2,0
u02724,small_biz,131985.71,0.1412,0.0365,0.0034,0.2204,2.92,0.1551,0,1,0
u02725,small_biz,116412.25,0.2544,0.0885,0.0006,0.1964,1.31,-0.084,3,4,1
u02726,salaried,98233.86,0.047,0.0027,0.071,0.3487,2.43,0.0942,0,1,0
u02727,small_biz,182645.7,0.369,0.0923,0.0455,0.111,4.5,0.2899,2,2,0
u02728,freelancer,61752.98,0.2596,-0.0342,0.053,0.0786,2.27,0.1685,0,2,1
u02729,small_biz,119666.24,0.2979,0.0748,0.0397,0.1553,0.98,-0.3888,1,5,1
u02730,salaried,89045.6,0.0297,0.0079,0.1567,0.3102,1.32,-0.1118,1,6,1
u02731,freelancer,42647.08,0.371,0.0029,-0.0111,0.1844,1.38,0.0665,0,2,0
u02732,salaried,73214.36,0.0737,-0.0049,0.0151,0.4222,1.06,-0.077,2,3,0
u02733,salaried,111484.16,0.0561,-0.0219,0.0142,0.2564,0.98,-0.0736,2,5,1
u02734,freelancer,32832.23,0.2041,-0.0384,0.0495,0.1609,-1.21,-0.3428,1,6,1
u02735,freelancer,62349.54,0.1848,0.0354,0.0223,0.0217,6.08,0.4367,0,0,0
u02736,small_biz,146224.59,0.2568,-0.0333,0.0606,0.1352,4.5,0.3062,0,1,0
u02737,freelancer,56165.57,0.1434,-0.0406,0.0568,0.0631,1.86,0.1927,0,1,1
u02738,small_biz,114906.94,0.3325,0.1055,0.0318,0.1794,1.65,-0.068,0,3,0
u02739,salaried,80414.98,0.0362,-0.0012,0.0846,0.1555,3.89,0.0929,0,0,0
u02740,freelancer,53375.05,0.3402,-0.0028,-0.0036,0.1093,0.0,-0.1772,0,3,1
u02741,freelancer,57965.67,0.3309,-0.0736,-0.0277,0.0386,2.64,0.214,0,2,0
u02742,small_biz,103267.34,0.188,-0.0509,0.0506,0.1621,1.87,-0.0985,1,4,0
u02743,small_biz,129216.85,0.3571,0.0108,0.065,0.1634,4.05,0.3109,0,2,0
u02744,freelancer,82862.28,0.0963,-0.0279,0.0937,0.0467,6.13,0.4168,0,0,0
u02745,small_biz,189529.02,0.1982,0.0827,-0.024,0.0859,4.48,0.3064,0,0,0
u02746,salaried,107264.07,0.0352,0.0081,0.0454,0.1051,5.81,0.2727,0,0,0
u02747,freelancer,56734.67,0.4324,-0.0123,0.0911,0.1243,4.41,0.3557,0,2,0
u02748,small_biz,176541.04,0.301,-0.0384,0.0645,0.0927,1.77,-0.0668,0,3,0
u02749,small_biz,139065.98,0.3331,0.0725,0.0663,0.1879,1.87,0.0391,1,3,0
u02750,small_biz,191733.67,0.265,0.0735,0.0286,0.1374,2.51,-0.0911,0,2,0
u02751,small_biz,171073.82,0.3474,-0.0714,0.0554,0.0623,3.79,0.1666,1,3,0
u02752,salaried,102185.7,0.0639,-0.0031,0.0357,0.3351,3.07,0.2007,1,1,0
u02753,salaried,86741.17,0.0677,-0.022,-0.0184,0.186,-0.13,-0.2365,1,6,1
u02754,salaried,77197.31,0.0418,0.0123,0.0648,0.3822,0.71,-0.1468,0,6,1
u02755,salaried,71287.89,0.0316,-0.0062,0.0643,0.1626,3.35,0.203,0,1,0
u02756,salaried,72770.86,0.0506,0.0074,0.027,0.2228,1.52,-0.1771,4,6,0
u02757,small_biz,217351.95,0.2456,-0.0554,0.0364,0.0468,9.88,0.5803,0,0,0
u02758,small_biz,212132.33,0.4361,0.0454,0.0112,0.0694,7.24,0.4094,2,2,0
u02759,salaried,53054.2,0.0685,-0.0061,-0.022,0.5004,0.2,-0.2376,4,6,1
u02760,salaried,102201.76,0.0179,0.0031,0.0145,0.3385,4.33,0.2328,0,0,0
u02761,small_biz,138881.5,0.3774,0.166,-0.0044,0.1459,4.15,0.2852,0,2,0
u02762,freelancer,60822.67,0.5086,-0.1395,0.0442,0.091,2.72,0.1758,2,2,0
u02763,small_biz,81016.39,0.5339,0.1401,0.0167,0.2789,0.75,-0.1969,2,4,1
u02764,salaried,116949.8,0.0454,-0.0091,0.0128,0.1912,5.56,0.2695,0,0,0
u02765,small_biz,139560.48,0.4569,0.0089,0.026,0.0793,4.08,0.1623,2,4,0
u02766,small_biz,98475.44,0.3653,0.0109,0.0232,0.2941,0.96,-0.2029,3,3,0
u02767,freelancer,44450.41,0.5346,-0.1724,0.0253,0.1776,-0.73,-0.2214,1,4,1
u02768,salaried,108304.43,0.0406,0.0097,0.0477,0.1131,2.44,-0.0653,1,3,0
u02769,salaried,76057.41,0.0502,-0.0036,-0.0141,0.3765,1.93,-0.2192,1,6,1
u02770,freelancer,67973.19,0.4257,-0.1073,0.0461,0.0262,7.23,0.5097,1,1,0
u02771,freelancer,33040.88,0.8184,0.2808,0.0805,0.2035,-2.25,-0.8897,1,4,1
u02772,freelancer,56417.75,0.2061,-0.1047,0.0408,0.0237,1.19,-0.0207,0,2,1
u02773,small_biz,155459.24,0.2449,0.0466,0.0212,0.1583,2.83,0.1685,0,1,0
u02774,freelancer,66761.29,0.4359,-0.122,0.0471,0.0662,4.37,0.3309,0,2,0
u02775,freelancer,62569.19,0.2337,-0.0365,0.1149,0.0711,4.04,0.3451,0,0,0
u02776,salaried,78169.13,0.0965,-0.0082,0.1405,0.3252,0.46,-0.2906,0,6,1
u02777,small_biz,217679.18,0.1614,-0.0089,0.0935,0.0529,3.23,0.2471,1,1,0
u02778,freelancer,39401.0,0.2421,-0.0176,0.0689,0.1243,2.02,0.1556,2,2,0
u02779,salaried,96059.09,0.0419,0.0102,0.2179,0.1563,5.28,0.2826,0,0,0
u02780,freelancer,61363.55,0.3465,0.0408,0.1008,0.0002,1.18,-0.0169,1,3,1
u02781,salaried,113490.27,0.0555,-0.0045,0.1084,0.1522,7.22,0.4082,0,0,0
u02782,small_biz,182487.97,0.2166,0.0376,0.0038,0.1405,2.32,-0.0317,2,2,0
u02783,salaried,68876.83,0.0341,-0.0019,-0.0182,0.3001,-0.36,-0.5431,3,6,1
u02784,small_biz,197405.42,0.4666,0.0943,0.023,0.1031,5.56,0.3707,0,1,0
u02785,salaried,91797.87,0.0492,0.0182,0.0137,0.1277,2.75,-0.0838,4,6,0
u02786,small_biz,222911.73,0.277,-0.0605,-0.0111,0.0569,9.05,0.5335,0,0,0
u02787,salaried,71622.56,0.0435,0.0003,0.0151,0.1966,-0.05,-0.2461,2,6,1
u02788,salaried,55108.33,0.0543,-0.0132,0.0482,0.5751,0.52,-0.517,2,6,1
u02789,small_biz,164836.67,0.2944,-0.1343,0.038,0.1255,4.13,0.1669,0,2,0
u02790,salaried,66560.18,0.065,0.0001,0.0304,0.4886,0.26,-0.3479,2,6,1
u02791,salaried,58174.83,0.0709,0.0172,0.1995,0.3778,0.06,-0.5898,2,6,1
u02792,small_biz,69883.34,0.4132,0.0178,0.032,0.1984,-2.14,-1.1488,2,6,1
u02793,freelancer,53427.21,0.2855,-0.0169,0.0564,0.0895,3.92,0.312,1,1,0
u02794,small_biz,200706.21,0.3256,-0.0452,0.0246,0.0672,4.54,0.3164,1,1,0
u02795,small_biz,128751.95,0.4033,-0.0397,0.0316,0.1484,0.36,-0.3219,1,4,1
u02796,small_biz,201530.38,0.2369,-0.0565,0.0263,0.056,6.2,0.4013,0,1,0
u02797,freelancer,63305.62,0.4547,0.2137,0.0191,0.083,4.67,0.392,0,1,0
u02798,salaried,106747.54,0.1059,0.0177,0.0214,0.2019,4.99,0.2961,0,0,0
u02799,freelancer,65685.71,0.4551,0.032,0.0235,0.1114,3.96,0.2863,1,2,0
u02800,salaried,85962.84,0.0241,0.0112,0.0527,0.1925,3.18,-0.1412,1,6,0
u02801,salaried,64802.65,0.0528,-0.0262,0.0432,0.302,1.19,-0.3069,3,6,1
u02802,freelancer,50797.97,0.4029,-0.0958,0.0188,0.0256,4.14,0.333,0,2,0
u02803,salaried,85529.63,0.0351,0.0034,0.0253,0.3796,2.5,-0.3586,1,6,0
u02804,freelancer,58645.22,0.2396,0.0667,0.0462,0.0182,3.48,0.2753,0,0,0
u02805,freelancer,75099.93,0.1965,0.0439,0.0199,0.0603,7.47,0.5128,0,0,0
u02806,small_biz,116347.03,0.25,0.0149,0.0571,0.218,-0.02,-0.3846,2,5,1
u02807,small_biz,150068.7,0.2973,-0.0648,-0.0018,0.12,0.26,-0.2244,3,4,1
u02808,small_biz,194971.11,0.4005,-0.1636,0.0627,0.1054,3.82,0.3052,1,1,0
u02809,salaried,70488.67,0.099,0.0528,0.025,0.1555,1.67,0.0167,0,2,0
u02810,freelancer,50960.56,0.2091,-0.0604,0.0556,0.1174,1.33,0.0912,1,2,0
u02811,freelancer,57846.71,0.3712,0.1009,0.0855,0.0508,4.51,0.3839,1,1,0
u02812,freelancer,75597.03,0.4568,0.1786,0.07,0.0827,2.72,0.1835,2,2,1
u02813,small_biz,153571.87,0.1545,0.0261,0.0001,0.15,1.68,-0.0971,1,3,0
u02814,salaried,58262.14,0.0331,-0.0103,0.0286,0.3637,-0.71,-0.4541,3,6,1
u02815,freelancer,61761.48,0.6271,0.1012,0.0278,0.0145,5.22,0.355,1,2,0
u02816,salaried,92418.92,0.0316,0.0131,0.0257,0.2042,4.68,0.1154,0,0,0
u02817,small_biz,103975.5,0.2327,0.0608,0.0181,0.1508,0.55,-0.5915,3,6,1
u02818,freelancer,72398.51,0.4757,0.0374,0.0223,0.0928,2.7,0.2355,0,2,0
u02819,freelancer,52853.6,0.2407,0.0456,0.0383,0.0284,2.37,0.1909,0,2,0
u02820,small_biz,149391.88,0.1653,-0.0222,0.0161,0.1836,0.85,-0.033,0,4,0
u02821,small_biz,152350.19,0.4326,-0.0728,-0.0261,0.1069,1.88,-0.0841,1,4,0
u02822,freelancer,75704.6,0.344,0.0674,0.0548,0.0314,5.54,0.414,0,1,0
u02823,freelancer,60573.51,0.3697,-0.1555,0.0753,0.1243,1.39,0.0894,0,4,0
u02824,small_biz,143721.52,0.2947,-0.0949,0.0057,0.0715,0.99,-0.2186,3,4,1
u02825,freelancer,51554.53,0.3054,-0.1681,0.0963,0.1171,0.99,-0.0198,2,4,1
u02826,small_biz,94131.01,0.4208,-0.0489,0.007,0.1665,-0.49,-0.7459,1,6,1
u02827,small_biz,183576.17,0.4182,0.2087,-0.0135,0.1563,2.64,0.1847,0,2,0
u02828,small_biz,192525.87,0.2665,-0.0455,0.0366,0.0791,8.1,0.5279,0,0,0
u02829,salaried,84247.91,0.06,0.0054,0.064,0.1404,3.6,0.1046,0,0,0
u02830,freelancer,56089.69,0.3304,0.0104,0.0441,0.0474,4.85,0.3332,1,1,0
u02831,freelancer,38912.61,0.3758,-0.0677,0.0837,0.1581,-0.08,-0.1786,2,4,1
u02832,freelancer,33586.99,0.2564,0.015,0.0002,0.0872,0.4,-0.0995,1,3,0
u02833,freelancer,52456.44,0.1802,-0.0882,0.0307,0.0476,3.05,0.2326,1,1,0
u02834,small_biz,253266.85,0.0512,0.0103,0.0132,0.0587,4.01,0.3048,0,0,0
u02835,small_biz,120922.97,0.2948,0.1153,0.0361,0.0943,0.91,-0.0118,1,3,0
u02836,salaried,54126.03,0.0575,0.0153,0.0681,0.4618,-0.19,-0.4082,4,6,1
u02837,small_biz,156422.49,0.3219,-0.0925,0.0058,0.1671,2.87,0.0579,2,2,0
u02838,small_biz,142372.86,0.3155,0.1803,0.0295,0.1086,0.53,-0.2358,3,5,1
u02839,small_biz,100774.49,0.31,-0.001,0.0105,0.1541,0.52,-0.4741,2,5,1
u02840,small_biz,85818.18,0.4223,-0.095,0.0406,0.334,-0.46,-1.128,4,6,1
u02841,freelancer,32439.17,0.1825,-0.046,0.0466,0.2041,-2.37,-0.7636,2,6,1
u02842,salaried,115379.99,0.0227,-0.0074,0.0419,0.2982,4.3,0.3359,0,0,0
u02843,small_biz,179435.57,0.0591,0.0178,0.0179,0.092,4.01,0.2256,0,0,0
u02844,salaried,71812.7,0.0352,0.0022,0.1144,0.4468,1.74,-0.399,0,6,1
u02845,freelancer,69047.54,0.3402,0.0087,0.0707,0.0355,4.57,0.3487,0,0,0
u02846,salaried,88611.36,0.014,0.0014,0.0033,0.2347,3.45,0.1498,0,0,0
u02847,freelancer,45144.36,0.2167,0.0186,0.0584,0.097,0.31,-0.1704,1,4,0
u02848,small_biz,168482.69,0.1694,-0.0213,0.0575,0.1321,4.49,0.2625,1,1,0
u02849,small_biz,202512.92,0.1742,-0.0809,0.0,0.0732,4.58,0.3381,0,0,0
u02850,salaried,108911.38,0.0152,-0.0048,0.018,0.2758,1.91,0.0053,0,1,0
u02851,salaried,64418.55,0.0571,0.0282,0.0757,0.2433,2.32,0.0642,0,1,0
u02852,salaried,62471.75,0.0577,-0.0108,-0.0264,0.1638,2.18,-0.0589,2,2,0
u02853,small_biz,109065.13,0.3947,-0.0772,0.0008,0.267,0.95,-0.3355,5,6,1
u02854,freelancer,63896.43,0.4573,0.0579,0.0283,0.0491,3.34,0.3165,0,1,0
u02855,freelancer,46444.61,0.229,-0.0301,0.0653,0.0055,3.44,0.2708,1,1,0
u02856,freelancer,77632.63,0.2932,0.0553,-0.016,0.0049,4.64,0.3445,1,1,0
u02857,salaried,112570.49,0.0399,0.0075,0.0134,0.13,6.07,0.3067,0,0,0
u02858,salaried,51455.57,0.0571,-0.0113,0.1246,0.409,0.69,-0.3164,1,6,1
u02859,small_biz,121319.2,0.2055,0.0184,0.0246,0.2252,0.81,-0.1882,1,4,1
u02860,salaried,54183.52,0.0395,-0.012,0.0818,0.5803,-0.52,-0.9477,3,6,1
u02861,salaried,68630.82,0.0293,-0.0013,-0.0246,0.2155,4.12,0.0214,0,2,0
u02862,freelancer,51837.06,0.2204,0.0404,0.0173,0.0641,3.21,0.1805,0,2,0
u02863,salaried,61647.18,0.0558,0.0088,-0.0062,0.3494,2.77,-0.1069,1,4,0
u02864,freelancer,51741.23,0.2123,0.0177,0.0574,0.1068,0.91,0.06,1,2,0
u02865,small_biz,143110.68,0.4426,-0.0718,0.0334,0.0807,1.21,-0.1708,2,4,0
u02866,small_biz,188003.87,0.2614,-0.1456,0.0298,0.0738,2.07,0.1275,0,1,0
u02867,freelancer,72446.08,0.0982,-0.0378,0.0757,0.0945,1.9,0.2048,0,0,0
u02868,freelancer,67178.29,0.269,-0.0462,0.0734,0.0039,3.92,0.3091,1,1,0
u02869,salaried,77598.56,0.0737,0.0204,0.1168,0.2409,3.89,0.0323,1,2,0
u02870,salaried,99381.28,0.048,0.0008,0.0241,0.3075,4.85,0.2089,0,0,0
u02871,salaried,93981.41,0.0415,-0.0033,0.0219,0.1186,3.75,0.0529,0,0,0
u02872,small_biz,235144.75,0.2822,0.0331,0.0003,0.0712,8.2,0.471,1,1,0
u02873,small_biz,164384.3,0.4295,-0.0457,0.0813,0.0698,2.14,0.0816,2,3,0
u02874,freelancer,57161.11,0.1391,0.0573,-0.0518,0.1392,3.22,0.2674,0,0,0
u02875,freelancer,70080.09,0.5654,-0.0168,0.0843,0.0173,5.97,0.4184,1,2,0
u02876,small_biz,169664.13,0.4698,0.1466,0.0117,0.1735,4.08,0.3207,0,1,0
u02877,freelancer,36554.01,0.1973,0.097,0.0857,0.1253,0.54,-0.1482,2,5,1
u02878,freelancer,67395.05,0.379,-0.109,-0.0083,0.0938,2.85,0.2605,0,1,0
u02879,small_biz,165879.25,0.3289,-0.057,0.1013,0.0603,4.13,0.204,1,2,0
u02880,salaried,98115.34,0.062,-0.0076,0.0833,0.2136,2.44,0.0042,2,2,0
u02881,salaried,66544.61,0.0675,-0.0099,0.0118,0.1911,1.33,0.0123,0,1,0
u02882,freelancer,66202.66,0.2969,-0.1263,0.0287,0.0625,6.12,0.3825,0,1,0
u02883,salaried,69003.41,0.0348,0.0001,0.1733,0.4059,0.62,-0.8428,1,6,1
u02884,small_biz,107917.8,0.2127,0.0626,0.0046,0.1246,1.77,0.0617,2,4,0
u02885,salaried,89716.03,0.0322,-0.0072,0.1895,0.1166,1.94,0.0041,0,1,0
u02886,small_biz,202667.08,0.0806,-0.0125,0.051,0.1235,8.02,0.494,0,0,0
u02887,small_biz,106013.97,0.3512,-0.0016,0.0044,0.0945,-0.05,-0.283,2,4,0
u02888,freelancer,43747.35,0.196,0.111,0.0857,0.1022,0.53,-0.0087,2,3,1
u02889,small_biz,197829.89,0.2829,-0.003,0.0651,0.0968,8.23,0.5016,0,1,0
u02890,freelancer,69336.39,0.3184,-0.0648,0.0451,0.003,6.4,0.4732,0,0,0
u02891,freelancer,51927.64,0.3491,-0.134,0.0141,0.084,3.9,0.3493,0,1,0
u02892,small_biz,155627.43,0.5367,0.0403,0.0506,0.0832,2.63,0.1333,2,3,0
u02893,salaried,99575.65,0.0482,-0.0117,0.0075,0.3139,3.39,0.2313,0,0,0
u02894,small_biz,188606.85,0.1025,-0.0026,0.0309,0.0993,3.11,0.1629,0,1,0
u02895,small_biz,91957.48,0.3132,0.1266,0.0217,0.2865,-0.29,-0.5387,3,6,1
u02896,freelancer,83058.78,0.3042,0.089,-0.0213,0.0159,12.25,0.6567,0,0,0
u02897,salaried,55763.21,0.0864,-0.0167,0.0553,0.4881,0.89,-0.6648,4,6,1
u02898,small_biz,102985.8,0.4159,0.125,0.0349,0.1362,-0.59,-0.4907,1,4,1
u02899,small_biz,199769.45,0.4529,-0.0285,0.0877,0.1222,4.02,0.1579,0,3,0
u02900,freelancer,39709.07,0.2966,0.0388,0.1091,0.1477,-0.45,-0.184,2,5,1
u02901,freelancer,61980.77,0.2006,0.0735,0.0523,0.061,2.98,0.2005,0,0,1
u02902,salaried,73920.72,0.0863,0.0011,0.0718,0.4218,-0.22,-0.4637,2,6,1
u02903,freelancer,52258.58,0.5118,-0.0092,0.0422,0.1431,1.38,0.055,0,3,0
u02904,freelancer,49986.19,0.2913,0.0571,0.0242,0.0319,1.26,0.0563,0,3,0
u02905,freelancer,72972.5,0.4835,-0.1522,0.0607,0.0103,3.79,0.361,1,2,0
u02906,freelancer,50602.87,0.391,0.1258,0.0452,0.0268,5.27,0.4519,0,1,0
u02907,small_biz,98176.61,0.1846,-0.0186,0.0145,0.1198,-0.87,-0.8068,4,6,1
u02908,freelancer,56291.11,0.3888,-0.1458,0.0471,0.054,7.05,0.497,0,0,0
u02909,salaried,94749.88,0.0551,0.007,0.0138,0.1476,2.89,0.005,1,2,0
u02910,salaried,103354.52,0.0381,0.0143,0.0492,0.111,8.36,0.4645,0,0,0
u02911,small_biz,56981.19,0.3703,-0.0609,0.068,0.38,-1.34,-1.0456,2,6,1
u02912,freelancer,58446.27,0.1915,-0.0415,-0.0029,0.0256,2.99,0.1987,0,2,0
u02913,freelancer,70042.12,0.1711,0.0719,-0.0239,0.0144,4.28,0.3866,0,0,0
u02914,small_biz,90404.18,0.3204,0.1223,0.0123,0.1241,0.09,-0.2821,2,4,1
u02915,freelancer,55781.32,0.6631,-0.3229,0.0324,0.0344,2.19,0.2029,1,2,0
u02916,freelancer,70180.79,0.2865,0.0995,-0.0058,0.0912,5.2,0.4358,0,0,0
u02917,salaried,56933.94,0.0343,-0.0148,0.1662,0.5185,1.05,-0.509,3,6,1
u02918,salaried,117881.64,0.0384,0.0175,0.0225,0.1834,3.7,0.2541,0,0,0
u02919,small_biz,230993.83,0.408,0.1618,0.0293,0.0433,3.85,0.2905,1,2,0
u02920,salaried,75327.94,0.0236,0.0075,0.1602,0.253,2.29,-0.0649,2,5,1
u02921,small_biz,207645.76,0.3866,-0.0216,0.0411,0.0898,6.23,0.3916,0,1,0
u02922,small_biz,101750.59,0.3002,-0.0242,0.0116,0.2472,-0.47,-0.8434,3,6,1
u02923,small_biz,137800.84,0.3072,-0.0664,-0.0031,0.1048,-0.57,-0.422,2,5,1
u02924,freelancer,80870.95,0.2797,0.1453,0.0428,0.0762,6.07,0.4357,0,1,0
u02925,salaried,62737.82,0.0516,-0.0042,0.0197,0.2488,1.61,-0.5641,3,6,1
u02926,salaried,62358.56,0.0455,0.0188,-0.0049,0.3944,0.92,-0.8116,2,6,1
u02927,salaried,120441.14,0.0629,-0.0234,0.0242,0.1844,7.05,0.3623,0,0,0
u02928,salaried,67714.36,0.0294,0.0028,0.0552,0.46,0.63,-0.1381,4,6,1
u02929,freelancer,51526.42,0.4448,0.2116,0.0682,0.0725,3.65,0.2416,0,2,0
u02930,salaried,75343.26,0.0248,0.0071,0.144,0.3557,0.38,-0.4678,1,6,1
u02931,salaried,94239.05,0.073,-0.0067,-0.0043,0.2372,0.73,-0.0776,1,5,0
u02932,freelancer,54327.4,0.4042,0.0415,0.0513,0.1429,1.44,0.0373,0,1,1
u02933,small_biz,202288.17,0.1693,-0.0306,0.0143,0.1482,4.16,0.2269,0,2,0
u02934,salaried,103783.27,0.0446,0.0198,0.0262,0.103,4.7,0.1455,1,2,0
u02935,freelancer,46137.05,0.2967,-0.0973,0.0118,0.0996,0.36,-0.1925,2,5,1
u02936,salaried,75400.02,0.0289,-0.0104,0.0558,0.2686,1.27,-0.1027,3,6,1
u02937,freelancer,59997.74,0.2832,-0.0066,0.0312,0.066,3.34,0.2864,1,2,0
u02938,freelancer,61837.69,0.345,0.0525,-0.0303,0.0313,3.19,0.2877,2,2,0
u02939,freelancer,94662.97,0.2448,0.0183,0.0447,0.0638,9.5,0.6022,0,0,0
u02940,freelancer,53856.08,0.4255,-0.1777,0.0499,0.0632,3.07,0.3005,1,2,0
u02941,small_biz,191362.75,0.3435,-0.128,0.033,0.1531,5.49,0.3065,1,1,0
u02942,salaried,58620.13,0.0446,0.0033,0.016,0.2321,2.79,-0.0884,3,6,0
u02943,small_biz,192054.32,0.129,0.0315,0.0488,0.0903,5.13,0.3216,0,0,0
u02944,small_biz,112954.99,0.043,-0.0068,0.0421,0.1365,1.0,-0.1422,1,6,1
u02945,salaried,75798.14,0.0146,0.0015,0.0482,0.2998,1.8,0.0616,1,1,0
u02946,small_biz,167514.14,0.2745,0.0589,-0.0221,0.1162,6.87,0.396,1,1,0
u02947,small_biz,162997.48,0.3142,-0.1421,0.0057,0.1819,3.94,0.2033,0,2,0
u02948,freelancer,31067.86,0.5799,-0.0473,0.0286,0.0428,-1.59,-0.4877,2,5,1
u02949,freelancer,52459.47,0.2771,0.0796,0.027,0.0474,3.6,0.2785,0,1,0
u02950,salaried,84777.89,0.0505,0.0102,0.05,0.3988,1.7,-0.2823,2,6,0
u02951,salaried,95549.88,0.0329,0.0026,0.0689,0.3139,2.85,-0.0996,2,2,0
u02952,freelancer,29531.98,0.1069,-0.01,0.0611,0.075,0.74,-0.1184,1,4,1
u02953,salaried,60521.07,0.1046,0.0522,0.1728,0.5564,-0.34,-0.7836,4,6,1
u02954,small_biz,172589.72,0.1817,0.027,0.0117,0.0643,5.42,0.2904,1,1,0
u02955,salaried,69600.04,0.0799,0.0351,-0.0346,0.4809,0.49,-0.3068,4,6,1
u02956,small_biz,162902.54,0.3298,0.0312,0.0288,0.1534,4.12,0.1857,2,2,0
u02957,salaried,51383.23,0.0385,0.0064,-0.0419,0.4624,-0.79,-0.6967,1,6,1
u02958,freelancer,65836.44,0.3666,-0.0409,-0.0261,0.1108,3.2,0.2064,0,2,0
u02959,freelancer,56412.6,0.2023,-0.1072,0.0554,0.0776,0.29,-0.02,1,2,1
u02960,salaried,112629.77,0.104,-0.0122,0.119,0.1334,3.52,0.1011,0,2,0
u02961,salaried,52702.45,0.0573,0.0019,0.0338,0.5183,0.09,-0.9311,1,6,1
u02962,small_biz,90920.4,0.1394,0.0156,0.0354,0.3171,-0.61,-0.4579,4,6,1
u02963,salaried,78723.96,0.058,0.0097,0.1589,0.1777,3.17,0.1567,0,0,0
u02964,salaried,69850.54,0.0278,0.0048,0.0103,0.2212,0.73,-0.4541,1,6,1
u02965,freelancer,74882.64,0.2976,0.0008,0.0424,0.0668,2.54,0.1974,0,2,0
u02966,salaried,76486.9,0.0729,0.0118,-0.0048,0.1873,5.8,0.2679,0,0,0
u02967,freelancer,62360.47,0.2733,-0.0042,0.1124,0.0972,3.66,0.3543,0,1,0
u02968,freelancer,59297.43,0.5515,-0.0461,0.0173,0.0484,5.06,0.3403,0,2,0
u02969,salaried,71493.53,0.0402,0.0004,-0.0164,0.4285,0.2,-0.4359,3,6,1
u02970,small_biz,162216.56,0.1008,0.0188,0.0373,0.106,0.41,-0.0862,1,3,1
u02971,salaried,89930.82,0.09,-0.0201,0.0075,0.1639,2.12,0.0474,1,2,0
u02972,salaried,116712.09,0.0285,0.0044,0.0167,0.2588,2.28,0.0265,1,1,0
u02973,salaried,101150.85,0.0328,0.0126,0.0112,0.2969,2.69,0.1529,0,0,0
u02974,salaried,106358.74,0.024,-0.0032,-0.0024,0.28,3.33,0.1044,0,1,0
u02975,small_biz,118749.84,0.2238,0.0447,0.1109,0.2235,2.54,-0.0156,1,3,0
u02976,freelancer,55085.2,0.35,0.1056,0.0054,0.046,2.94,0.2447,1,2,0
u02977,small_biz,76942.08,0.2526,0.0052,-0.0001,0.1581,-0.13,-0.9004,2,6,1
u02978,small_biz,201608.18,0.292,-0.0307,0.0131,0.0497,9.46,0.5807,0,0,0
u02979,small_biz,160196.04,0.5324,0.0279,0.0196,0.0746,6.49,0.4134,1,2,0
u02980,salaried,119260.66,0.0351,0.0027,0.0456,0.1395,4.9,0.3079,0,0,0
u02981,freelancer,63326.11,0.334,-0.1245,0.055,0.0562,4.96,0.3782,0,2,0
u02982,small_biz,109663.8,0.2552,-0.0153,-0.0172,0.167,1.22,-0.2837,1,5,1
u02983,salaried,75751.26,0.0909,0.0374,0.0006,0.1609,1.61,0.0752,0,1,0
u02984,salaried,104136.54,0.0523,0.0207,0.0067,0.1134,5.85,0.3146,0,0,0
u02985,salaried,73954.47,0.0495,0.0157,0.0711,0.3534,1.05,-0.1535,5,6,1
u02986,freelancer,57178.05,0.3258,-0.0997,0.0478,0.0852,1.7,0.1647,1,2,0
u02987,small_biz,192544.79,0.3773,0.0079,0.0845,0.1193,4.97,0.3105,1,2,0
u02988,freelancer,38400.31,0.2861,-0.1407,0.04,0.1096,0.83,-0.1044,2,3,1
u02989,salaried,111482.09,0.0305,-0.0036,0.1175,0.2536,4.45,0.3109,0,0,0
u02990,small_biz,87731.6,0.4422,-0.0285,0.0377,0.1668,-1.39,-0.6893,3,5,1
u02991,small_biz,229806.65,0.1522,-0.0038,0.0373,0.1118,4.74,0.324,0,0,0
u02992,freelancer,69338.13,0.4844,-0.0396,0.1219,0.0434,4.39,0.3918,1,2,0
u02993,small_biz,104782.68,0.2685,-0.1432,0.0337,0.1141,0.66,-0.5801,1,6,1
u02994,salaried,98846.66,0.0536,0.0049,-0.0019,0.2522,0.35,-0.1833,3,6,1
u02995,salaried,106472.85,0.0252,-0.0022,0.0381,0.1743,1.35,0.0001,2,4,0
u02996,freelancer,51638.21,0.1176,0.0274,0.0661,0.1273,0.63,-0.0103,1,2,1
u02997,freelancer,68492.14,0.3378,-0.0664,0.0864,0.0793,4.04,0.2888,2,2,0
u02998,salaried,111376.44,0.0865,0.0332,0.1768,0.1824,3.01,0.2256,0,2,0
u02999,salaried,92359.73,0.0426,0.0241,0.0258,0.343,2.35,0.1072,0,1,0
u03000,freelancer,69889.76,0.2772,0.0216,0.1162,0.0171,4.51,0.366,1,1,0
u03001,small_biz,141887.99,0.2042,0.0479,0.0117,0.1374,3.65,0.133,0,1,0
u03002,small_biz,159900.11,0.2997,-0.0197,0.032,0.1805,2.84,0.0649,0,2,0
u03003,salaried,84921.59,0.0266,0.0085,0.1028,0.2003,2.12,-0.0965,2,6,0
u03004,salaried,53584.5,0.0191,0.0029,0.0071,0.4715,-1.22,-1.0997,3,6,1
u03005,salaried,104474.22,0.1121,-0.0034,0.1267,0.2259,4.65,0.2437,0,0,0
u03006,freelancer,48840.99,0.4246,-0.0888,0.0305,0.0451,3.45,0.2917,2,2,0
u03007,freelancer,40970.58,0.214,0.0822,0.0227,0.0084,0.36,-0.1551,2,4,0
u03008,freelancer,61620.84,0.4067,-0.0984,0.0373,0.1227,2.35,0.1143,2,3,0
u03009,freelancer,46659.33,0.2927,0.0714,-0.0125,0.0779,2.94,0.28,0,1,0
u03010,salaried,84214.73,0.0561,0.0169,0.0801,0.411,2.17,-0.4548,2,6,1
u03011,freelancer,54810.17,0.2164,0.0959,0.0417,0.0682,3.28,0.2749,0,1,0
u03012,freelancer,59148.17,0.2753,0.0253,0.1037,0.0845,1.33,0.1341,0,2,0
u03013,salaried,95802.57,0.0452,0.018,0.0399,0.1438,2.39,0.189,0,0,0
u03014,small_biz,188653.88,0.3967,-0.1234,0.0563,0.106,7.63,0.4484,1,1,0
u03015,small_biz,220624.82,0.1916,0.0148,0.0014,0.1266,6.0,0.3722,0,0,0
u03016,freelancer,58210.48,0.2516,0.0444,0.0662,0.1281,1.94,0.0766,0,3,1
u03017,small_biz,133506.21,0.5767,-0.1827,0.0756,0.21,2.04,-0.1344,2,5,0
u03018,freelancer,81900.08,0.2642,-0.0448,0.0402,0.0525,4.24,0.335,0,0,0
u03019,salaried,51974.17,0.0279,0.0,0.1132,0.4446,-0.79,-0.5486,0,6,1
u03020,freelancer,60338.05,0.2022,-0.0811,0.0033,0.1319,3.17,0.2857,0,1,0
u03021,freelancer,50437.72,0.4454,-0.1975,0.0557,0.0814,1.5,0.098,1,3,1
u03022,salaried,74173.04,0.0282,-0.0013,0.0019,0.4463,0.72,-0.3484,2,6,1
u03023,salaried,99650.67,0.0574,0.0177,-0.0201,0.1115,2.45,0.1881,0,0,0
u03024,small_biz,178422.76,0.1662,-0.0316,0.0389,0.1189,-0.1,-0.2944,3,4,1
u03025,salaried,66992.57,0.1028,0.0338,0.014,0.2945,-0.89,-0.6466,3,6,1
u03026,small_biz,142804.76,0.4594,0.0507,-0.0185,0.1793,1.63,-0.0151,2,3,0
u03027,salaried,73555.87,0.0193,0.0081,0.0714,0.3886,1.52,-0.2882,5,6,1
u03028,salaried,57998.37,0.0246,0.0044,0.1097,0.4575,-1.06,-0.9994,2,6,1
u03029,small_biz,184203.95,0.1772,-0.02,0.0537,0.0544,3.27,0.1886,0,1,0
u03030,small_biz,190225.27,0.3498,0.0529,0.0189,0.1245,2.98,0.1827,1,1,0
u03031,small_biz,171984.03,0.2449,-0.0528,0.0523,0.0621,2.44,0.1661,0,1,0
u03032,small_biz,169790.88,0.184,-0.0125,0.032,0.0608,4.31,0.1984,0,2,0
u03033,salaried,77136.42,0.0488,0.0088,-0.0059,0.2422,2.8,-0.2631,4,6,0
u03034,salaried,74951.91,0.0731,0.0312,0.1004,0.1972,1.18,-0.0939,1,6,0
u03035,salaried,64368.36,0.0483,0.0004,0.0824,0.4552,1.62,-0.5901,3,6,1
u03036,freelancer,53852.88,0.6664,0.123,0.0465,0.115,2.13,0.1736,1,2,0
u03037,small_biz,260393.29,0.2118,0.0891,0.0578,0.0593,8.04,0.5104,0,0,0
u03038,freelancer,64882.28,0.1642,0.0533,0.067,0.1106,2.31,0.1719,1,1,0
u03039,freelancer,72735.73,0.1974,-0.0543,0.0657,0.0741,4.31,0.3079,0,1,0
u03040,small_biz,142047.01,0.2783,-0.041,-0.0141,0.1354,1.92,-0.1862,1,5,0
u03041,salaried,64230.96,0.0508,-0.0063,-0.0004,0.3651,1.43,-0.0488,2,5,0
u03042,freelancer,59384.66,0.5007,-0.1686,0.0227,0.0797,2.18,0.2186,2,2,1
u03043,salaried,65395.76,0.0376,0.0133,0.055,0.16,1.47,-0.0154,3,5,0
u03044,small_biz,186000.43,0.3683,0.0272,-0.0404,0.0782,4.87,0.2024,0,2,0
u03045,small_biz,203209.37,0.1351,0.0072,0.0161,0.089,7.72,0.5155,0,0,0
u03046,freelancer,57120.39,0.238,-0.0515,0.0867,0.052,2.33,0.1356,2,3,0
u03047,small_biz,104080.38,0.2605,-0.1084,0.0159,0.0967,-0.34,-0.5338,2,5,1
u03048,freelancer,69133.35,0.2356,-0.0481,0.0967,0.0419,1.75,0.1547,1,2,0
u03049,freelancer,57276.37,0.3148,-0.111,0.0603,0.0216,3.31,0.239,1,2,0
u03050,freelancer,70132.62,0.3586,0.0256,0.0347,0.0243,5.46,0.3798,0,0,0
u03051,salaried,75287.02,0.0601,-0.0056,0.0174,0.3189,2.82,-0.1159,3,5,0
u03052,freelancer,54208.11,0.2951,0.0772,0.0946,0.0544,2.84,0.2377,1,1,0
u03053,small_biz,127708.94,0.3875,0.0297,0.0293,0.0989,1.58,-0.0069,3,3,1
u03054,freelancer,57572.79,0.1411,-0.0014,0.053,0.1376,0.17,-0.1312,2,4,0
u03055,small_biz,107701.67,0.3478,-0.1638,0.0608,0.1465,3.22,0.1631,0,2,0
u03056,freelancer,79670.34,0.2941,-0.0684,0.0131,0.0426,10.14,0.6138,0,0,0
u03057,small_biz,102861.51,0.5112,-0.0377,0.0444,0.2609,-1.3,-0.8255,3,6,1
u03058,freelancer,73239.01,0.2039,0.0967,0.0298,0.0429,6.51,0.4941,0,0,0
u03059,freelancer,64666.79,0.3137,0.0055,0.005,0.0408,1.52,0.1346,2,3,0
u03060,freelancer,48785.2,0.3981,-0.1435,0.1224,0.0225,2.03,0.2058,1,3,0
u03061,small_biz,77152.48,0.4652,0.1305,0.0274,0.2715,-1.81,-1.3751,1,6,1
u03062,small_biz,99794.15,0.3706,-0.103,0.0531,0.1837,0.34,-0.5415,3,5,1
u03063,salaried,99642.11,0.0448,-0.0083,0.0573,0.2079,4.54,0.1449,0,0,0
u03064,freelancer,39433.05,0.3306,-0.0587,0.0748,0.1577,1.3,0.02,3,4,1
u03065,salaried,94339.58,0.1034,0.0281,-0.0165,0.1384,2.24,0.1453,0,0,0
u03066,freelancer,49264.58,0.461,-0.2185,0.0312,0.1271,2.03,0.1257,1,2,0
u03067,freelancer,68127.88,0.2724,-0.0721,0.0835,0.0649,4.47,0.3591,1,1,0
u03068,small_biz,215859.97,0.1627,0.0646,0.0256,0.0945,7.55,0.4381,0,0,0
u03069,freelancer,46060.48,0.4795,0.0916,0.011,0.0157,1.56,0.0419,0,3,0
u03070,salaried,85968.65,0.0296,0.0022,0.0289,0.3814,0.58,-0.2715,1,6,1
u03071,small_biz,244179.58,0.4129,-0.1506,-0.0063,0.0888,5.68,0.3456,1,1,0
u03072,salaried,92222.77,0.0402,-0.0019,0.0741,0.2862,3.98,0.2276,0,0,0
u03073,freelancer,89037.29,0.2199,-0.1035,0.0192,0.019,5.27,0.4511,0,0,0
u03074,freelancer,41011.82,0.1685,-0.0274,0.0137,0.0279,4.21,0.3253,0,0,0
u03075,freelancer,41690.68,0.3637,0.0619,0.0047,0.0974,2.92,0.2295,0,2,0
u03076,salaried,83675.84,0.1004,0.0085,-0.0239,0.3666,2.79,-0.174,1,3,0
u03077,freelancer,50783.48,0.3843,-0.0567,0.0594,0.0552,0.27,-0.0345,0,3,1
u03078,salaried,50070.32,0.0259,0.0043,0.0694,0.414,0.37,-1.1544,3,6,1
u03079,salaried,111137.45,0.0183,0.0008,0.0057,0.0961,5.69,0.2291,0,0,0
u03080,small_biz,106970.92,0.1711,0.0331,0.0836,0.101,0.57,-0.2243,2,5,1
u03081,freelancer,35126.58,0.3318,-0.065,0.0943,0.0538,1.37,0.0966,1,2,0
u03082,salaried,90017.84,0.034,0.0057,0.008,0.3872,4.32,0.1228,0,0,0
u03083,salaried,61811.12,0.042,0.0086,0.1267,0.4818,1.06,-0.8738,1,6,1
u03084,salaried,57795.88,0.0452,0.0034,0.1884,0.3196,1.39,-0.6073,2,6,1
u03085,freelancer,60986.28,0.2903,-0.0158,0.0595,0.0803,2.89,0.2059,1,1,0
u03086,freelancer,51358.27,0.2134,-0.0325,-0.0137,0.0145,2.01,0.1477,0,3,0
u03087,salaried,78769.75,0.0643,-0.0066,0.0611,0.1468,0.8,-0.0719,1,2,0
u03088,salaried,105421.16,0.0268,-0.0011,0.0177,0.2654,2.89,-0.0802,2,6,0
u03089,small_biz,169775.72,0.4242,0.1608,0.036,0.0642,3.43,0.2793,1,1,0
u03090,salaried,102358.66,0.0597,0.0027,0.0584,0.1887,3.17,0.0676,0,0,0
u03091,small_biz,93353.16,0.2782,-0.0192,0.0564,0.2709,0.26,-0.5584,1,6,1
u03092,small_biz,184565.63,0.2862,-0.0549,-0.0179,0.1594,4.77,0.2989,0,1,0
u03093,small_biz,85902.03,0.5582,0.0503,-0.0071,0.1873,1.38,-0.2192,2,5,1
u03094,freelancer,46601.16,0.2843,-0.0392,0.0646,0.1528,1.2,0.082,1,3,0
u03095,salaried,71254.05,0.0536,0.013,0.1149,0.2946,1.73,-0.3386,1,6,1
u03096,freelancer,50373.13,0.3209,-0.0169,0.0486,0.023,-1.32,-0.2662,4,5,1
u03097,salaried,107475.74,0.0326,0.012,0.1297,0.134,5.84,0.3632,0,0,0
u03098,freelancer,50555.83,0.1566,-0.0103,-0.0107,0.0745,3.35,0.2546,0,0,0
u03099,salaried,85811.5,0.0309,0.0037,0.0687,0.3474,1.41,-0.0678,1,6,0
u03100,freelancer,35958.14,0.2949,0.1431,0.0132,0.1041,-0.51,-0.3719,1,5,1
u03101,small_biz,252625.68,0.2247,0.0302,0.0065,0.0626,8.63,0.4655,0,1,0
u03102,salaried,79017.08,0.0456,-0.0131,0.0112,0.2155,5.25,0.1864,0,0,0
u03103,salaried,72254.41,0.0241,-0.0104,0.139,0.4793,-0.31,-0.5322,4,6,1
u03104,salaried,69077.92,0.0296,0.0087,0.0213,0.1477,1.99,-0.0982,2,6,0
u03105,freelancer,66480.86,0.371,-0.1778,0.1242,0.0418,5.66,0.4469,1,1,0
u03106,salaried,67518.97,0.0515,0.0194,0.0324,0.4686,0.61,-0.6595,0,6,1
u03107,small_biz,155419.33,0.2385,-0.0172,0.0375,0.0798,2.11,0.147,0,2,0
u03108,small_biz,196963.15,0.4492,0.0291,0.0393,0.1151,4.81,0.3323,2,2,0
u03109,salaried,104980.16,0.0328,-0.0052,0.1082,0.2456,4.33,0.2074,0,0,0
u03110,small_biz,118628.6,0.2313,-0.0915,0.0421,0.1853,-0.13,-0.522,0,6,1
u03111,small_biz,109883.99,0.3003,0.0584,0.0239,0.2224,1.05,-0.1422,1,3,0
u03112,freelancer,45132.65,0.2608,-0.0213,0.1197,0.0558,1.78,0.1171,1,2,1
u03113,small_biz,86885.69,0.1387,-0.049,0.0589,0.1168,-0.01,-0.3376,3,6,1
u03114,freelancer,60236.43,0.2583,0.0205,0.0818,0.1314,1.38,0.1294,0,1,0
u03115,salaried,58675.33,0.0361,-0.0013,0.0223,0.1731,3.85,0.0915,0,0,0
u03116,salaried,120451.6,0.0742,0.0216,0.0362,0.2222,1.4,-0.0957,2,4,0
u03117,freelancer,46414.5,0.2323,-0.0687,0.0096,0.0047,4.41,0.3311,1,1,0
u03118,small_biz,124276.6,0.2979,0.1001,-0.0397,0.1787,3.28,0.1107,0,2,0
u03119,freelancer,57085.05,0.1255,-0.0001,-0.0136,0.1071,2.94,0.3036,0,0,0
u03120,salaried,117940.74,0.0277,-0.0011,0.0145,0.1401,5.89,0.3208,0,0,0
u03121,salaried,118552.9,0.0304,0.0096,-0.0383,0.2722,3.74,0.2151,0,0,0
u03122,freelancer,80621.0,0.2271,0.1063,0.0783,0.0762,8.39,0.5019,0,0,0
u03123,freelancer,68793.69,0.2756,-0.0669,0.0343,0.0356,5.46,0.4115,0,1,0
u03124,freelancer,49740.63,0.2735,0.0528,-0.0174,0.1366,1.46,0.0576,3,3,0
u03125,freelancer,88641.78,0.2856,-0.1176,0.0303,0.0691,6.88,0.4959,0,0,0
u03126,salaried,100719.63,0.0447,0.0027,0.2252,0.222,1.93,0.0547,1,1,0
u03127,freelancer,83772.22,0.2624,-0.0854,0.0497,0.0627,6.65,0.5021,0,0,0
u03128,small_biz,217579.33,0.2026,0.0185,0.0201,0.1057,3.7,0.0947,2,3,0
u03129,salaried,80157.37,0.0532,0.0171,0.057,0.3237,0.58,-0.1272,2,5,0
u03130,salaried,48702.89,0.0625,0.0207,0.0333,0.6195,-0.69,-0.9424,3,6,1
u03131,freelancer,69351.07,0.1752,-0.0891,0.062,0.0017,6.07,0.4456,1,1,0
u03132,small_biz,196233.39,0.2959,-0.1223,0.0468,0.0551,2.78,0.1385,1,3,0
u03133,freelancer,51171.07,0.4129,-0.1042,0.0629,0.0104,4.11,0.3333,0,2,0
u03134,salaried,54781.09,0.0959,-0.0531,0.1423,0.6001,-1.98,-1.1409,2,6,1
u03135,small_biz,245788.58,0.1588,-0.0076,0.0431,0.0483,9.33,0.5559,0,0,0
u03136,salaried,73892.93,0.0835,-0.0092,-0.0247,0.2408,1.37,-0.0785,4,5,0
u03137,freelancer,31269.23,0.1805,-0.0386,0.0646,0.0048,0.34,-0.2165,4,6,1
u03138,freelancer,73119.8,0.2543,-0.1086,0.0772,0.0981,5.42,0.4407,0,1,0
u03139,salaried,70259.55,0.032,0.0021,0.0487,0.2429,1.5,-0.3072,1,6,0
u03140,small_biz,105942.9,0.1221,0.0042,0.0625,0.2625,1.31,-0.2394,1,6,1
u03141,freelancer,50766.98,0.2858,0.0138,0.0827,0.1007,1.18,0.0245,1,4,1
u03142,freelancer,56545.69,0.5071,-0.2236,0.1268,0.0676,1.48,0.0322,0,2,1
u03143,salaried,114195.78,0.0574,0.0237,0.0333,0.2438,0.59,-0.1591,1,5,1
u03144,salaried,65486.24,0.0288,0.002,-0.0089,0.4826,0.88,-0.4829,4,6,1
u03145,small_biz,76687.23,0.2508,-0.0132,0.0645,0.1674,-0.91,-1.025,2,6,1
u03146,small_biz,171122.5,0.4006,0.0007,0.0355,0.1199,0.68,-0.0825,2,4,0
u03147,freelancer,68316.09,0.3184,-0.1139,0.0019,0.0427,6.13,0.4383,0,1,0
u03148,freelancer,40722.03,0.344,-0.1662,0.0494,0.1541,0.6,-0.0962,0,4,0
u03149,salaried,62212.27,0.043,0.0101,0.1867,0.2504,2.24,-0.2027,0,3,0
u03150,salaried,72140.64,0.0223,0.0082,0.0215,0.258,1.54,0.0106,0,1,0
u03151,salaried,76838.19,0.0365,-0.0174,-0.0226,0.2182,2.12,0.0585,0,0,0
u03152,salaried,96876.49,0.059,0.0119,-0.0004,0.1504,5.99,0.3179,0,0,0
u03153,salaried,70615.41,0.0669,-0.0179,-0.0376,0.389,2.16,-0.1208,1,6,0
u03154,salaried,88713.25,0.0278,-0.0039,-0.0052,0.3639,3.34,-0.1763,2,6,0
u03155,small_biz,99705.57,0.366,-0.0271,0.039,0.13,0.43,-0.3436,3,5,1
u03156,small_biz,174995.03,0.2108,-0.0858,0.0106,0.126,3.91,0.2286,0,1,0
u03157,salaried,64452.94,0.0348,-0.0107,0.1839,0.2386,2.57,0.0482,1,2,0
u03158,small_biz,159988.62,0.0708,-0.0148,0.0471,0.0996,3.82,0.2263,0,0,0
u03159,salaried,94000.79,0.048,0.0243,0.0335,0.1139,5.71,0.3259,0,0,0
u03160,freelancer,76205.29,0.3358,-0.1563,0.0265,0.0464,6.08,0.413,1,1,0
u03161,small_biz,96810.3,0.1477,0.0371,0.0248,0.261,-0.86,-0.6704,0,6,1
u03162,freelancer,57675.92,0.3112,-0.1093,0.1177,0.0172,3.18,0.2886,0,1,0
u03163,freelancer,44348.17,0.4478,0.0875,0.0143,0.158,-1.34,-0.5418,2,6,1
u03164,freelancer,47875.83,0.3204,-0.0432,0.0548,0.0018,1.87,0.1316,2,3,1
u03165,freelancer,46534.57,0.2,0.0062,0.0434,0.0927,4.51,0.3697,0,0,0
u03166,freelancer,37435.55,0.295,0.1102,0.022,0.1568,1.81,0.0935,1,1,0
u03167,small_biz,113774.4,0.3384,0.1055,0.0166,0.1693,1.09,-0.4057,1,6,1
u03168,salaried,61018.5,0.064,0.0083,0.0239,0.3542,1.8,-0.1789,1,6,0
u03169,freelancer,48870.83,0.2436,0.11,0.0991,0.0455,2.8,0.2455,0,0,0
u03170,freelancer,55816.43,0.2726,-0.093,0.0633,0.1024,2.83,0.2102,1,2,0
u03171,salaried,87789.28,0.0578,-0.0004,0.0342,0.333,0.19,-0.343,3,6,1
u03172,salaried,73556.17,0.0317,0.0125,0.0519,0.3861,0.81,-0.0803,0,6,0
u03173,salaried,69558.27,0.0801,0.0126,-0.0089,0.2302,-0.1,-0.385,1,6,1
u03174,salaried,75111.96,0.0559,-0.0009,0.0304,0.2577,3.49,-0.0696,3,6,0
u03175,small_biz,212348.21,0.1707,0.0597,-0.0068,0.1101,3.44,0.1345,1,2,0
u03176,freelancer,42283.92,0.3095,-0.1106,0.0253,0.0533,1.09,0.0924,2,3,0
u03177,small_biz,163603.11,0.2437,0.113,0.0878,0.063,3.62,0.1058,1,2,0
u03178,salaried,62312.53,0.0588,-0.0112,0.0515,0.5422,0.47,-0.6059,3,6,1
u03179,salaried,66919.6,0.0505,0.0049,0.0421,0.371,1.1,-0.3387,0,6,1
u03180,salaried,97616.92,0.0475,0.0191,0.0537,0.1508,2.39,0.0225,1,1,0
u03181,small_biz,204930.43,0.2911,0.0581,0.0155,0.1105,2.8,0.179,1,2,0
u03182,freelancer,62923.85,0.2503,-0.0526,0.043,0.1262,5.47,0.4059,0,0,0
u03183,salaried,62863.55,0.0326,0.0017,0.1031,0.3464,0.41,-0.1515,3,6,1
u03184,salaried,72289.0,0.0296,-0.0005,0.1559,0.2928,0.16,-0.2102,3,6,1
u03185,freelancer,65814.73,0.1813,0.048,0.0199,0.014,4.22,0.3281,0,0,0
u03186,small_biz,143419.25,0.3134,0.0547,0.0378,0.1551,5.0,0.2412,1,2,0
u03187,freelancer,39936.2,0.3571,-0.0305,0.0928,0.0683,-0.68,-0.238,3,5,1
u03188,freelancer,33974.74,0.3282,0.0826,0.1026,0.0326,-0.93,-0.5756,2,5,1
u03189,freelancer,57543.97,0.2807,-0.0575,-0.0089,0.1145,4.33,0.3377,0,1,0
u03190,small_biz,116886.39,0.1077,0.0112,0.038,0.2076,0.94,-0.0344,1,4,0
u03191,salaried,73264.31,0.0247,-0.0097,0.0431,0.469,0.31,-0.4585,3,6,1
u03192,freelancer,34604.53,0.2571,-0.0174,0.0462,0.0192,-0.45,-0.2652,2,4,0
u03193,freelancer,28061.32,0.4837,-0.0235,0.0689,0.0659,-1.76,-0.5221,1,5,1
u03194,salaried,80859.27,0.0181,0.0061,-0.0025,0.1512,2.94,-0.1172,4,6,0
u03195,freelancer,64051.99,0.2021,-0.0372,-0.0119,0.1162,1.43,0.0531,0,2,0
u03196,salaried,77761.21,0.0384,0.0032,0.0154,0.3415,2.47,-0.1344,0,6,0
u03197,freelancer,49041.95,0.3256,-0.0395,0.1133,0.0809,1.97,0.1506,1,1,0
u03198,small_biz,143731.68,0.5507,-0.1186,0.0057,0.0801,3.7,0.1585,1,3,0
u03199,small_biz,237828.76,0.239,0.0722,0.0232,0.1035,7.88,0.4478,1,1,0
u03200,salaried,90660.41,0.0649,0.0087,-0.0312,0.1823,4.85,0.3226,0,0,0
u03201,salaried,107982.19,0.0312,0.0132,0.0522,0.2515,5.78,0.3369,0,0,0
u03202,salaried,115979.86,0.0396,-0.0132,0.0633,0.1197,3.13,0.1918,0,0,0
u03203,small_biz,137028.79,0.0752,0.0081,0.0536,0.1209,2.15,0.0639,1,1,0
u03204,freelancer,89873.65,0.3657,-0.0802,-0.0415,0.0722,5.52,0.4402,0,1,0
u03205,freelancer,45985.81,0.2833,0.0408,0.0539,0.1584,0.19,-0.1111,2,3,1
u03206,freelancer,43589.44,0.3434,-0.1049,0.0697,0.1297,-0.12,-0.1567,0,3,1
u03207,small_biz,127973.62,0.2484,-0.0389,-0.0056,0.1338,1.39,-0.2951,2,5,0
u03208,freelancer,32161.58,0.1234,-0.0284,0.0501,0.0472,-1.43,-0.5203,3,6,1
u03209,freelancer,54034.24,0.3344,-0.0651,0.038,0.0519,4.61,0.3591,1,1,0
u03210,freelancer,60315.11,0.4338,0.0264,-0.0028,0.0464,4.81,0.3825,1,2,0
u03211,freelancer,58662.2,0.4841,-0.1103,-0.0276,0.009,1.48,0.0892,2,3,0
u03212,freelancer,37485.21,0.2468,0.0063,0.0487,0.0846,-0.29,-0.0978,2,3,1
u03213,freelancer,62255.12,0.377,0.0375,-0.0109,0.1234,5.65,0.4534,0,0,0
u03214,salaried,81300.96,0.0298,0.0008,0.0179,0.2282,3.45,0.229,0,0,0
u03215,freelancer,45652.48,0.245,0.0535,0.068,0.1465,-0.22,-0.1465,2,5,1
u03216,freelancer,86125.88,0.5789,-0.173,0.014,0.0412,8.28,0.5451,0,1,0
u03217,salaried,53902.73,0.0767,-0.0105,0.0346,0.343,0.92,-0.1317,5,6,0
u03218,salaried,97971.21,0.034,-0.0113,0.0739,0.2552,4.6,0.2635,0,0,0
u03219,salaried,119214.22,0.0389,0.0014,0.0777,0.206,2.05,-0.0004,0,2,0
u03220,freelancer,83223.3,0.1198,-0.0235,0.0263,0.0702,7.23,0.4511,0,0,0
u03221,freelancer,74155.23,0.2885,0.1186,0.0671,0.0973,4.17,0.3114,1,2,0
u03222,salaried,64780.17,0.0422,-0.0194,0.1568,0.2887,0.08,-0.282,3,5,1
u03223,salaried,97426.07,0.067,0.0273,0.1103,0.353,0.78,-0.239,3,6,1
u03224,small_biz,109433.2,0.2567,0.029,0.031,0.1915,0.76,-0.5509,2,6,1
u03225,salaried,109130.97,0.0327,0.0166,0.0618,0.2755,2.68,0.2204,0,0,0
u03226,salaried,70677.82,0.0423,0.0173,0.0277,0.3617,0.48,-0.2642,4,6,1
u03227,small_biz,124436.01,0.2587,-0.0342,0.067,0.191,3.68,0.1444,0,1,0
u03228,salaried,70838.91,0.0415,0.0095,0.1065,0.3043,0.97,-0.1688,3,6,1
u03229,salaried,85052.44,0.0629,0.0117,-0.0572,0.1793,2.26,-0.2034,3,6,0
u03230,small_biz,169682.64,0.2372,-0.0864,0.0233,0.1647,1.56,-0.193,2,4,0
u03231,freelancer,59173.84,0.4266,-0.1765,0.039,0.035,0.91,0.0536,2,3,0
u03232,freelancer,38321.73,0.2538,0.022,0.0144,0.1072,0.76,-0.1257,1,4,1
u03233,freelancer,73001.62,0.5421,-0.1217,-0.0463,0.0435,9.27,0.5766,1,1,0
u03234,small_biz,126528.59,0.2918,0.0635,0.0107,0.1775,2.85,0.1677,0,2,0
u03235,freelancer,82008.7,0.3166,0.0645,0.0012,0.0401,7.55,0.4604,0,0,0
u03236,small_biz,80500.71,0.5054,-0.0977,0.0457,0.2974,-0.64,-0.7994,4,6,1
u03237,salaried,107803.57,0.0489,-0.001,0.0673,0.1051,7.09,0.4058,0,0,0
u03238,small_biz,189916.93,0.1736,0.0113,-0.0049,0.1482,4.28,0.2545,0,0,0
u03239,salaried,107632.57,0.051,0.0026,0.1886,0.2651,3.22,0.0366,0,2,0
u03240,salaried,54431.5,0.0464,-0.0011,-0.0163,0.6007,1.58,-0.583,2,6,1
u03241,salaried,85165.17,0.0572,-0.0054,0.0456,0.3207,3.37,-0.0094,1,3,0
u03242,salaried,103599.01,0.0288,0.0046,-0.0324,0.1342,6.31,0.334,0,0,0
u03243,freelancer,57417.37,0.6178,-0.0363,0.0281,0.0691,1.2,0.0593,1,3,1
u03244,freelancer,82047.16,0.3862,-0.1075,0.0598,0.0973,3.22,0.2249,1,2,0
u03245,salaried,84800.37,0.063,0.0111,0.0207,0.2738,3.03,0.0742,1,1,0
u03246,salaried,78344.79,0.0375,0.0162,0.0114,0.1342,4.52,0.2181,0,0,0
u03247,salaried,80083.21,0.0501,0.0034,-0.0204,0.4181,2.87,-0.223,4,6,0
u03248,freelancer,66775.52,0.2917,-0.0021,-0.0158,0.0713,4.86,0.3877,0,1,0
u03249,freelancer,38927.34,0.4407,0.0558,0.0936,0.1439,0.09,-0.2412,3,4,0
u03250,small_biz,94584.17,0.4057,0.1395,0.0081,0.1192,0.53,-0.0928,1,4,1
u03251,salaried,108562.24,0.053,0.0016,0.11,0.2446,1.29,0.0067,1,3,1
u03252,freelancer,66215.95,0.2974,0.0516,0.0432,0.0563,6.71,0.4183,1,2,0
u03253,salaried,102427.03,0.0234,-0.0102,0.047,0.1475,3.16,0.12,0,1,0
u03254,salaried,52889.27,0.0593,-0.0185,-0.0129,0.5171,-0.63,-0.9348,4,6,1
u03255,small_biz,128006.54,0.3015,-0.0506,0.0647,0.2136,2.08,0.1159,0,1,0
u03256,small_biz,118643.1,0.1632,-0.0272,0.0387,0.111,0.75,-0.5157,4,6,1
u03257,freelancer,87248.79,0.1059,0.0315,-0.0125,0.0755,6.46,0.4102,0,1,0
u03258,small_biz,142718.32,0.3117,0.0149,0.0032,0.0877,1.4,-0.0753,1,3,0
u03259,freelancer,60898.32,0.3494,0.0924,0.0502,0.1247,2.0,0.1229,1,2,0
u03260,small_biz,186911.65,0.3123,0.0777,0.0191,0.0601,9.11,0.4666,0,0,0
u03261,salaried,66693.18,0.077,0.0145,0.0167,0.3556,0.48,-0.3242,1,6,1
u03262,small_biz,198496.43,0.3535,-0.1518,-0.018,0.0953,6.78,0.47,0,1,0
u03263,freelancer,70239.65,0.1744,0.076,0.0141,0.0822,5.9,0.4358,0,0,0
u03264,small_biz,104925.96,0.2947,-0.0743,0.0042,0.204,1.77,-0.1897,2,4,0
u03265,freelancer,60534.18,0.5149,-0.149,0.1074,0.1193,3.48,0.26,1,2,0
u03266,freelancer,54741.21,0.2167,0.0189,0.0402,0.1266,2.24,0.1825,0,1,1
u03267,freelancer,50846.24,0.3243,0.0186,-0.045,0.0543,3.65,0.2718,1,1,0
u03268,freelancer,41436.32,0.2631,0.0031,-0.0155,0.0351,1.82,0.177,0,1,0
u03269,small_biz,93084.0,0.303,-0.0002,0.1131,0.1549,0.98,-0.474,1,5,1
u03270,salaried,106080.57,0.0446,0.0239,0.0192,0.2288,2.53,-0.1805,3,4,0
u03271,freelancer,47276.17,0.1833,0.0327,-0.0262,0.1049,0.91,0.0771,0,1,0
u03272,small_biz,163357.31,0.4357,-0.0808,0.0281,0.1482,1.57,0.0477,1,2,1
u03273,freelancer,94423.29,0.4548,-0.0952,0.1379,0.0839,7.15,0.5183,1,1,0
u03274,freelancer,60861.76,0.2954,-0.0819,-0.0016,0.0377,4.55,0.3316,0,0,0
u03275,freelancer,52477.08,0.248,-0.0036,0.0833,0.0996,0.98,-0.0028,3,4,1
u03276,small_biz,192215.72,0.3985,0.0342,-0.006,0.1097,6.2,0.3927,1,1,0
u03277,small_biz,111346.19,0.2727,0.1421,0.0695,0.2532,0.26,-0.4266,3,5,1
u03278,freelancer,51988.9,0.2621,-0.0616,0.0662,0.1502,0.04,-0.1509,2,5,0
u03279,freelancer,69123.93,0.3831,-0.15,0.1681,0.0669,4.47,0.3354,1,2,0
u03280,freelancer,60199.21,0.4319,0.0851,0.0454,0.1146,4.78,0.3767,1,1,0
u03281,salaried,89366.27,0.0367,-0.0061,0.1645,0.1712,2.06,0.0446,2,2,0
u03282,freelancer,61103.45,0.4697,-0.0819,0.0709,0.0638,1.67,0.0657,1,3,0
u03283,salaried,91519.9,0.028,0.0009,-0.0355,0.1872,4.81,0.1186,1,1,0
u03284,freelancer,69498.82,0.3213,-0.0503,0.044,0.041,3.81,0.2717,2,2,0
u03285,salaried,76058.41,0.0733,-0.0153,0.033,0.264,3.27,-0.0234,1,4,0
u03286,salaried,95812.51,0.0379,-0.0076,0.1905,0.291,1.84,0.0093,0,2,1
u03287,salaried,51648.65,0.044,0.0217,0.0482,0.2854,-0.07,-0.3911,1,6,1
u03288,freelancer,45680.1,0.4131,-0.0535,0.0507,0.0956,-0.18,-0.2568,1,4,1
u03289,salaried,117990.79,0.0562,0.0145,-0.0502,0.1657,4.52,0.2947,0,0,0
u03290,small_biz,187486.74,0.2308,-0.0465,0.0456,0.1199,5.3,0.3349,0,0,0
u03291,freelancer,40553.19,0.3013,-0.0568,0.0702,0.1128,0.88,-0.0559,1,3,1
u03292,freelancer,42349.24,0.2733,0.0171,-0.0734,0.1029,-0.79,-0.2693,2,5,1
u03293,freelancer,54463.54,0.5506,-0.2494,-0.0109,0.0863,1.37,0.039,0,2,1
u03294,salaried,118950.91,0.0245,-0.0062,0.0461,0.165,4.91,0.3902,0,0,0
u03295,salaried,57079.44,0.0704,0.0136,0.0747,0.5693,1.68,-0.3935,1,6,1
u03296,small_biz,195531.14,0.1856,-0.079,0.0057,0.1387,1.91,0.0307,2,4,0
u03297,small_biz,104771.79,0.3919,-0.0676,0.0301,0.1179,-0.79,-0.5822,1,6,1
u03298,small_biz,171768.97,0.2217,0.1023,0.0577,0.1372,3.7,0.2576,1,1,0
u03299,small_biz,167880.31,0.1294,0.0165,0.0426,0.0704,5.11,0.3674,1,1,0
u03300,salaried,69543.7,0.0702,0.0026,0.0574,0.4198,-0.2,-0.2599,4,6,1
u03301,freelancer,61626.54,0.3849,0.0287,0.0802,0.1225,3.04,0.246,0,2,0
u03302,freelancer,60748.86,0.1735,-0.0767,0.088,0.0605,3.83,0.3099,0,1,0
u03303,freelancer,63512.45,0.2086,0.0187,0.0918,0.0261,2.75,0.2496,0,2,0
u03304,small_biz,180280.76,0.195,-0.0816,0.0428,0.1049,5.08,0.2409,1,2,0
u03305,freelancer,53703.65,0.316,0.065,0.0276,0.1034,0.98,0.0833,0,3,0
u03306,freelancer,46689.22,0.2841,-0.1113,0.1093,0.0329,0.06,-0.0377,2,2,1
u03307,freelancer,63016.35,0.4329,-0.0923,0.0107,0.0443,5.6,0.4652,1,1,0
u03308,freelancer,59819.55,0.3662,-0.0482,0.0612,0.079,1.95,0.1238,0,2,0
u03309,freelancer,51892.61,0.2619,0.0613,-0.0424,0.1406,2.63,0.2074,0,2,0
u03310,freelancer,71702.39,0.254,-0.1139,0.0019,0.1092,6.8,0.4927,0,0,0
u03311,freelancer,59969.25,0.5273,-0.0937,0.0565,0.0583,0.39,-0.0228,0,2,0
u03312,salaried,82454.58,0.0538,0.0148,0.0121,0.3036,3.04,0.0389,1,1,0
u03313,freelancer,85397.59,0.2147,-0.0199,-0.0038,0.0875,7.07,0.4862,0,0,0
u03314,salaried,51099.43,0.0188,0.0061,0.0574,0.5742,0.06,-1.1273,1,6,1
u03315,small_biz,193039.66,0.2317,-0.1014,0.0845,0.1543,2.79,0.1579,1,1,0
u03316,freelancer,83914.44,0.1836,-0.0139,0.069,0.0838,4.52,0.3521,1,1,0
u03317,salaried,77469.16,0.0498,0.0019,0.0074,0.2784,0.15,-0.3548,1,6,1
u03318,freelancer,82669.9,0.2222,0.0033,0.0282,0.0466,10.56,0.6221,0,0,0
u03319,freelancer,54914.23,0.1957,0.0868,-0.0102,0.0732,4.21,0.3237,0,0,0
u03320,freelancer,30929.75,0.4964,0.2193,0.095,0.2338,-0.78,-0.3133,2,3,1
u03321,salaried,71980.59,0.0697,-0.0192,0.0574,0.2338,2.22,-0.15,2,5,0
u03322,salaried,111414.97,0.0466,0.0129,0.0309,0.1189,3.5,0.2308,0,0,0
u03323,small_biz,103883.35,0.2584,-0.0893,0.0662,0.108,1.81,0.0617,0,2,0
u03324,salaried,96697.47,0.0211,0.0017,0.0067,0.2216,2.23,-0.1098,2,4,0
u03325,salaried,96854.28,0.0738,-0.0079,-0.0389,0.1623,6.26,0.3592,0,0,0
u03326,freelancer,45911.51,0.2665,-0.1056,0.0335,0.1499,-0.74,-0.2138,1,3,1
u03327,freelancer,68641.91,0.2059,0.0072,0.0767,0.0729,5.52,0.4366,0,0,0
u03328,freelancer,47725.54,0.382,-0.0799,-0.0299,0.1164,3.38,0.2686,0,1,0
u03329,salaried,51757.09,0.0375,0.0092,0.1686,0.2627,0.91,-0.7096,3,6,1
u03330,small_biz,110701.47,0.3071,-0.0237,0.0616,0.2342,0.14,-0.3989,2,5,1
u03331,small_biz,196726.67,0.0891,0.0355,0.0317,0.1057,2.54,0.0248,2,2,0
u03332,salaried,106912.11,0.0319,-0.0086,0.1205,0.2313,0.94,-0.0533,1,5,1
u03333,small_biz,242677.05,0.1093,-0.0261,0.0109,0.1205,7.55,0.4624,0,0,0
u03334,salaried,109658.22,0.1128,-0.0099,0.0356,0.1477,3.07,0.067,0,1,0
u03335,small_biz,144655.96,0.3908,-0.057,-0.0138,0.1872,2.3,0.0822,1,2,0
u03336,small_biz,203689.45,0.2703,-0.0933,0.0041,0.1247,6.02,0.375,1,1,0
u03337,freelancer,41535.52,0.2948,0.0848,0.0998,0.0098,1.97,0.202,0,2,0
u03338,freelancer,63401.82,0.287,-0.0478,0.044,0.0711,1.87,0.1803,2,3,1
u03339,salaried,57468.66,0.0455,-0.0026,0.0507,0.4409,0.48,-0.6432,3,6,1
u03340,freelancer,58858.49,0.3315,0.0652,0.0756,0.0838,0.62,0.0275,1,2,1
u03341,freelancer,67688.71,0.3814,0.167,0.1768,0.1033,2.21,0.1603,2,2,1
u03342,freelancer,61776.95,0.28,0.0669,0.0338,0.0148,1.18,0.0637,2,3,1
u03343,freelancer,81034.53,0.2747,-0.0161,0.0174,0.0743,10.32,0.6067,0,0,0
u03344,freelancer,64410.58,0.1912,-0.0678,0.0409,0.0446,5.18,0.4099,0,0,0
u03345,salaried,52180.86,0.0882,0.0287,0.1999,0.6631,-0.89,-0.9921,2,6,1
u03346,small_biz,206637.98,0.2239,-0.0636,0.0168,0.1182,10.01,0.5604,0,0,0
u03347,salaried,92273.53,0.0478,0.0158,0.1659,0.3234,2.66,0.0397,2,2,0
u03348,freelancer,71576.76,0.1527,0.0287,0.014,0.0122,4.13,0.3383,0,0,0
u03349,freelancer,36743.19,0.5865,-0.1046,0.0934,0.1847,-1.02,-0.3602,2,3,1
u03350,salaried,94782.03,0.0791,0.0124,0.0105,0.2869,4.15,0.0125,1,2,0
u03351,salaried,116314.22,0.0825,-0.0262,-0.0023,0.2761,3.32,0.0674,0,1,0
u03352,freelancer,34294.31,0.4646,-0.0348,0.0354,0.1529,-0.63,-0.4422,1,4,1
u03353,small_biz,182170.03,0.3281,0.0132,0.0335,0.0628,4.49,0.2852,0,1,0
u03354,small_biz,127817.5,0.3367,-0.0348,0.0094,0.1018,0.82,-0.1799,4,4,1
u03355,small_biz,218290.73,0.2278,0.016,0.0515,0.0537,4.59,0.3019,1,1,0
u03356,small_biz,229565.33,0.2802,0.0831,0.0107,0.0924,8.69,0.5012,0,0,0
u03357,freelancer,57479.6,0.2684,-0.1134,0.0907,0.0441,2.9,0.2414,1,2,0
u03358,small_biz,153334.25,0.268,0.0925,0.0051,0.1608,4.98,0.271,1,2,0
u03359,small_biz,112038.13,0.1883,-0.0372,0.0223,0.1948,3.07,0.0471,2,4,0
u03360,small_biz,218633.6,0.1915,-0.0389,0.013,0.0873,5.22,0.3141,0,0,0
u03361,freelancer,34964.74,0.2677,0.0508,-0.0081,0.024,-1.7,-0.6325,1,5,1
u03362,small_biz,181084.42,0.3783,0.1616,-0.0093,0.1005,2.29,0.0743,1,2,0
u03363,salaried,52799.95,0.0506,0.0217,-0.0035,0.3364,-0.36,-0.6068,2,6,1
u03364,salaried,68930.36,0.0457,0.007,0.0278,0.1837,1.92,-0.2499,3,6,0
u03365,freelancer,71669.8,0.2239,-0.1113,-0.008,0.0362,9.61,0.5809,0,0,0
u03366,freelancer,83459.66,0.2952,-0.0644,0.0816,0.0291,8.02,0.5569,0,0,0
u03367,freelancer,38077.6,0.5326,0.2387,0.1501,0.1076,0.07,-0.12,1,4,1
u03368,salaried,94256.84,0.0656,-0.0026,0.1079,0.1673,6.74,0.3519,0,0,0
u03369,small_biz,276295.93,0.15,0.0015,0.039,0.0517,6.76,0.449,0,0,0
u03370,small_biz,219083.87,0.27,-0.0247,0.0796,0.1075,4.69,0.2724,0,2,0
u03371,salaried,75608.01,0.012,0.0,0.0298,0.2896,2.57,-0.0735,2,4,0
u03372,freelancer,69688.02,0.4157,-0.1849,0.0338,0.0425,4.58,0.3919,0,1,0
u03373,salaried,71392.25,0.0411,0.0036,-0.0204,0.4458,2.26,-0.2915,3,6,0
u03374,small_biz,150858.73,0.1144,-0.0294,-0.0047,0.1136,1.57,0.0096,0,2,0
u03375,salaried,124569.65,0.0433,-0.0104,0.0241,0.2494,4.51,0.3227,0,0,0
u03376,salaried,96300.2,0.0589,-0.0101,-0.0057,0.1553,4.1,0.1568,0,0,0
u03377,small_biz,167955.52,0.2918,-0.0674,0.0264,0.1442,4.66,0.2784,0,1,0
u03378,small_biz,177172.03,0.2262,0.0122,0.0115,0.0728,2.66,0.1253,1,2,0
u03379,salaried,108813.56,0.0187,0.0093,0.0458,0.2921,3.27,0.2667,0,0,0
u03380,small_biz,183308.82,0.0702,-0.0067,0.0243,0.1348,3.93,0.3044,0,0,0
u03381,small_biz,115538.1,0.3213,-0.0049,0.0327,0.1596,-0.41,-0.5785,1,6,1
u03382,salaried,50207.69,0.0453,0.0038,0.0126,0.3414,0.3,-0.9679,3,6,1
u03383,small_biz,230747.35,0.1226,-0.0398,0.0045,0.0621,4.82,0.3211,0,0,0
u03384,freelancer,33642.0,0.1853,0.0017,0.123,0.2051,-1.53,-0.7947,3,6,1
u03385,freelancer,60541.44,0.4759,0.0737,-0.0468,0.004,1.56,0.1254,1,2,0
u03386,freelancer,62213.05,0.4697,-0.1801,0.1011,0.0381,7.13,0.5301,0,0,0
u03387,freelancer,57012.99,0.2953,-0.0446,0.0175,0.0162,2.18,0.1807,0,1,0
u03388,small_biz,175138.13,0.1354,-0.0194,0.0074,0.0652,5.08,0.287,0,0,0
u03389,freelancer,41148.42,0.2458,-0.0719,0.01,0.1462,0.35,-0.1207,3,4,1
u03390,small_biz,129628.7,0.495,-0.0918,0.0178,0.0843,3.66,0.1979,1,3,0
u03391,freelancer,76855.76,0.2063,-0.0652,-0.0081,0.0399,10.1,0.6197,0,0,0
u03392,salaried,105289.45,0.0603,0.0198,0.0456,0.3316,4.02,0.0833,1,1,0
u03393,freelancer,60715.29,0.2164,0.0393,0.0044,0.0946,1.53,0.1069,0,1,0
u03394,small_biz,167905.76,0.4113,0.0649,0.0106,0.1549,3.92,0.2675,1,2,0
u03395,small_biz,205610.49,0.4308,0.0464,0.0169,0.0907,5.42,0.2909,0,2,0
u03396,salaried,85203.08,0.0354,-0.0122,0.0529,0.1223,6.9,0.3311,0,1,0
u03397,salaried,86225.67,0.0729,0.006,-0.0177,0.1733,4.95,0.1537,0,0,0
u03398,salaried,96022.3,0.0398,-0.013,0.0503,0.3377,4.05,0.2677,0,0,0
u03399,salaried,81063.69,0.0249,-0.0032,0.0699,0.3838,1.08,-0.3895,3,6,1
u03400,small_biz,158340.42,0.289,-0.0469,0.0393,0.0978,3.76,0.1401,1,1,0
u03401,salaried,70449.74,0.042,-0.0122,0.0247,0.1974,1.99,0.0575,0,0,0
u03402,salaried,96698.23,0.0577,0.0114,-0.0033,0.1469,3.19,0.2274,0,0,0
u03403,salaried,119275.0,0.027,0.0105,0.0056,0.1311,6.14,0.3797,0,0,0
u03404,small_biz,96191.11,0.3544,0.0841,-0.028,0.2218,0.67,-0.2196,3,3,1
u03405,salaried,99376.1,0.0457,0.0183,0.069,0.2842,5.7,0.303,0,0,0
u03406,salaried,107520.09,0.0743,0.0143,0.0289,0.2537,4.05,-0.0199,1,2,0
u03407,freelancer,87550.43,0.3403,-0.0371,0.0608,0.0171,7.92,0.5089,0,0,0
u03408,freelancer,66145.53,0.1241,0.0123,0.1007,0.1128,1.31,0.0731,1,1,0
u03409,small_biz,86722.24,0.2267,-0.0231,0.0762,0.1846,-0.64,-0.7146,2,6,1
u03410,salaried,75583.36,0.0521,-0.002,0.0592,0.201,-0.25,-0.39,2,6,1
u03411,freelancer,63767.22,0.3706,0.0657,-0.0174,0.0262,0.95,-0.0172,0,2,0
u03412,salaried,112912.83,0.0431,-0.0112,0.0338,0.1079,6.41,0.439,0,0,0
u03413,freelancer,83629.62,0.3217,0.0315,-0.0062,0.0917,6.96,0.4795,0,0,0
u03414,salaried,115582.17,0.0646,0.03,0.0324,0.1495,4.95,0.3031,0,0,0
u03415,freelancer,58291.41,0.1525,0.0161,0.0574,0.0345,4.26,0.3541,0,0,0
u03416,small_biz,98687.35,0.4608,0.1075,0.048,0.2307,1.08,-0.3022,2,4,1
u03417,small_biz,204570.21,0.3155,0.0903,0.0283,0.1082,5.66,0.3615,0,1,0
u03418,small_biz,109508.97,0.2351,0.0578,0.0603,0.2,-0.4,-0.3235,1,5,1
u03419,small_biz,175834.24,0.2777,0.0353,-0.0168,0.1009,5.12,0.3213,0,0,0
u03420,freelancer,38797.42,0.2927,-0.1077,-0.0001,0.1713,0.69,0.049,1,3,1
u03421,freelancer,54868.9,0.177,-0.0363,0.0973,0.0314,0.95,-0.0757,1,3,0
u03422,freelancer,83032.84,0.2437,-0.0264,0.0678,0.0597,8.54,0.5008,0,0,0
u03423,salaried,89178.07,0.0376,0.0008,-0.0068,0.3847,3.54,-0.1035,4,6,0
u03424,salaried,122997.08,0.0238,0.009,0.1749,0.1415,8.13,0.4103,1,1,0
u03425,freelancer,85475.19,0.1113,-0.0076,0.0246,0.0809,9.91,0.6101,0,0,0
u03426,salaried,73223.58,0.0418,0.0108,0.0912,0.2019,1.12,0.0137,1,3,0
u03427,freelancer,70896.77,0.363,-0.0869,-0.0232,0.021,5.88,0.4531,1,1,0
u03428,freelancer,79579.51,0.5336,-0.1139,0.1099,0.0859,7.64,0.5325,1,1,0
u03429,freelancer,46397.83,0.2422,-0.0733,0.0703,0.0895,1.1,-0.043,1,3,0
u03430,salaried,72691.54,0.04,0.0192,0.0577,0.161,3.02,0.0005,0,1,0
u03431,small_biz,161917.61,0.4425,-0.1742,0.0191,0.1665,0.39,-0.1797,0,3,1
u03432,salaried,104013.9,0.1074,0.0447,0.1694,0.1775,1.2,-0.2342,2,3,1
u03433,small_biz,231828.21,0.3027,-0.1585,0.0152,0.0733,6.57,0.4354,1,1,0
u03434,freelancer,83507.49,0.3377,-0.0579,0.0305,0.0577,6.79,0.5159,0,0,0
u03435,small_biz,174838.22,0.3282,-0.1425,0.0314,0.1262,7.03,0.4451,0,1,0
u03436,freelancer,48449.5,0.2328,0.0637,0.0818,0.1487,1.98,0.1312,1,2,0
u03437,freelancer,43945.16,0.2291,0.0185,0.0018,0.0299,-0.25,-0.2794,0,4,0
u03438,freelancer,42968.59,0.1935,-0.0349,0.0644,0.1282,-0.26,-0.2157,2,6,1
u03439,salaried,54749.89,0.056,-0.0047,0.0337,0.443,-1.32,-0.8998,1,6,1
u03440,freelancer,55955.66,0.1911,0.0009,0.0723,0.1174,-0.49,-0.2681,2,4,1
u03441,small_biz,167572.47,0.2208,-0.02,0.0527,0.1239,5.76,0.3772,0,0,0
u03442,freelancer,54591.36,0.5156,0.1255,0.0428,0.0003,0.6,-0.1268,0,4,0
u03443,salaried,69470.42,0.0167,0.0049,-0.0057,0.2423,1.97,-0.1343,3,6,0
u03444,salaried,92334.79,0.0308,0.0079,0.0639,0.2327,1.92,0.0177,0,2,0
u03445,freelancer,39378.5,0.2398,0.0965,-0.0277,0.0792,0.16,-0.0857,3,4,0
u03446,small_biz,150253.01,0.3994,-0.0913,0.0015,0.071,1.63,-0.0964,0,3,1
u03447,freelancer,51681.58,0.2115,-0.0093,0.0514,0.1254,2.87,0.2964,1,1,0
u03448,salaried,97452.45,0.0263,-0.0122,-0.0022,0.2138,4.27,0.2171,0,1,0
u03449,small_biz,97407.89,0.3942,0.0706,0.011,0.1647,0.24,-0.4345,2,5,1
u03450,salaried,97081.93,0.033,-0.014,0.0654,0.2927,5.28,0.2104,1,1,0
u03451,salaried,78858.62,0.0495,-0.0168,0.0999,0.1489,3.57,0.0516,1,2,0
u03452,salaried,88746.4,0.0313,-0.0082,0.0486,0.2967,4.45,0.0844,0,0,0
u03453,salaried,115305.75,0.0599,-0.0131,0.1164,0.2234,2.27,0.0675,0,1,0
u03454,salaried,75903.09,0.038,0.0065,0.0601,0.3238,1.74,-0.0193,0,1,0
u03455,salaried,115394.49,0.0627,0.0037,0.0368,0.1884,3.6,0.2191,0,0,0
u03456,salaried,68091.37,0.014,0.0027,0.0081,0.4648,-0.48,-0.6167,2,6,1
u03457,salaried,66956.91,0.0388,0.0173,0.0682,0.328,3.92,0.0173,1,2,0
u03458,freelancer,59405.59,0.4595,0.0314,0.0305,0.0694,4.4,0.3331,0,1,0
u03459,freelancer,42214.5,0.4535,0.0056,0.127,0.0263,0.39,-0.0068,0,3,1
u03460,salaried,102335.61,0.1194,0.0531,0.036,0.2728,4.33,0.0209,2,2,0
u03461,freelancer,55119.14,0.2479,-0.0704,0.031,0.0177,3.05,0.2094,0,2,0
u03462,freelancer,43636.58,0.3325,-0.1848,-0.0002,0.0691,0.27,-0.0865,1,3,1
u03463,salaried,54888.72,0.0404,0.0115,0.2366,0.274,-1.48,-0.8415,3,6,1
u03464,freelancer,69854.22,0.2686,0.0404,0.0718,0.0578,3.1,0.2692,1,2,0
u03465,salaried,73792.43,0.02,0.0006,0.1781,0.2333,1.49,-0.4698,2,6,1
u03466,small_biz,99071.73,0.3008,0.0238,0.0464,0.1301,-1.28,-0.6807,2,6,1
u03467,small_biz,130206.89,0.3176,-0.0026,0.0342,0.1746,3.04,0.1139,1,2,0
u03468,freelancer,44742.03,0.412,-0.0369,0.068,0.1208,0.16,-0.1737,2,4,1
u03469,freelancer,37763.66,0.386,0.1778,0.0043,0.1541,-1.28,-0.5987,2,5,1
u03470,small_biz,194376.47,0.2514,-0.0403,0.0364,0.1096,4.33,0.1547,2,2,0
u03471,freelancer,82481.19,0.2708,-0.1431,-0.0168,0.0614,4.18,0.2651,0,1,0
u03472,small_biz,208135.86,0.3861,-0.1191,0.0501,0.0913,4.22,0.2839,0,1,0
u03473,small_biz,235700.13,0.3249,0.0956,0.059,0.0981,7.65,0.4468,0,1,0
u03474,freelancer,76851.76,0.359,-0.0707,-0.0259,0.003,7.11,0.47,0,0,0
u03475,small_biz,136465.09,0.3352,-0.0451,0.0635,0.1957,0.82,-0.0349,3,4,1
u03476,small_biz,149181.19,0.3295,-0.0289,0.0388,0.0778,4.58,0.2975,0,1,0
u03477,small_biz,262488.59,0.1339,0.0358,0.0669,0.0979,6.49,0.4473,0,0,0
u03478,small_biz,157475.28,0.2092,-0.0856,0.0766,0.079,5.28,0.405,1,1,0
u03479,salaried,114066.91,0.0535,0.0044,-0.044,0.1399,7.28,0.4592,0,0,0
u03480,freelancer,51894.75,0.4231,0.0375,0.0801,0.1516,0.03,-0.0669,2,3,1
u03481,freelancer,36871.36,0.3535,0.0387,0.049,0.1342,0.12,-0.1188,1,4,1
u03482,freelancer,52879.92,0.3474,-0.017,0.0501,0.0299,2.98,0.2285,0,1,0
u03483,freelancer,66063.79,0.3913,0.0423,0.0321,0.1146,7.87,0.526,0,1,0
u03484,salaried,60198.85,0.0585,0.01,0.0452,0.3102,-0.12,-0.3686,1,6,1
u03485,salaried,63842.21,0.0178,-0.0041,0.0212,0.1938,2.53,-0.0609,0,1,0
u03486,small_biz,240991.56,0.4467,-0.0601,0.045,0.111,3.28,0.2172,1,2,0
u03487,freelancer,48209.2,0.3459,-0.1837,0.0201,0.0363,0.74,-0.0134,3,3,1
u03488,freelancer,45236.01,0.383,0.0783,-0.0035,0.0091,2.14,0.2237,1,2,0
u03489,small_biz,89997.62,0.448,-0.2189,0.0014,0.251,-0.77,-0.78,4,5,1
u03490,small_biz,102031.29,0.3481,0.0472,0.0353,0.2602,-0.35,-0.4782,2,5,1
u03491,salaried,93092.37,0.0426,0.0197,0.0439,0.1713,2.98,0.2135,0,0,0
u03492,small_biz,145723.83,0.4026,-0.1127,0.0137,0.1717,1.86,-0.1564,2,4,0
u03493,freelancer,75518.06,0.2739,0.0784,-0.0088,0.056,8.18,0.5649,0,0,0
u03494,freelancer,45751.05,0.2977,-0.0601,0.0543,0.1659,2.24,0.1306,1,2,0
u03495,freelancer,73495.15,0.2936,0.0457,0.138,0.0318,2.58,0.2241,1,2,0
u03496,small_biz,164791.26,0.3127,-0.079,0.0458,0.1523,2.1,0.001,1,4,0
u03497,small_biz,148143.04,0.3014,-0.0227,0.0016,0.1712,2.15,0.1105,1,2,0
u03498,freelancer,56311.31,0.2395,-0.1103,-0.0195,0.1234,2.05,0.0818,3,4,0
u03499,small_biz,186479.29,0.3169,0.0249,0.0466,0.1342,2.37,0.0939,1,2,0
u03500,freelancer,76064.79,0.2505,-0.0342,0.0302,0.0872,2.24,0.2035,0,1,0
u03501,freelancer,49069.39,0.3483,-0.1329,-0.0164,0.0321,0.92,0.0514,0,3,1
u03502,small_biz,149886.32,0.2688,-0.1428,0.026,0.1371,4.76,0.2746,1,2,0
u03503,small_biz,152397.98,0.3446,-0.0837,0.0661,0.1439,2.34,-0.0354,1,3,0
u03504,salaried,98998.69,0.0387,-0.0027,0.2072,0.3191,-0.17,-0.2496,4,6,1
u03505,small_biz,200712.26,0.2238,-0.0363,0.0376,0.0878,6.97,0.4791,0,0,0
u03506,freelancer,35126.86,0.5538,0.0197,0.04,0.0206,-1.18,-0.5006,3,5,1
u03507,small_biz,108241.65,0.2997,0.0631,0.0292,0.1522,0.88,-0.3143,3,6,1
u03508,salaried,55067.83,0.036,-0.0045,-0.0101,0.201,-0.62,-0.7611,3,6,1
u03509,freelancer,46781.99,0.2258,-0.0612,0.0625,0.038,0.06,-0.084,1,3,1
u03510,freelancer,72031.59,0.4349,0.0722,0.0698,0.0719,4.85,0.3841,0,1,0
u03511,small_biz,211754.84,0.1002,0.02,0.0382,0.1286,4.99,0.2963,0,0,0
u03512,salaried,64575.51,0.0184,-0.0023,0.1404,0.496,-0.64,-0.8943,1,6,1
u03513,freelancer,74536.29,0.3913,0.0021,0.0149,0.0272,4.77,0.3029,1,1,0
u03514,salaried,74124.28,0.0516,0.0243,0.1718,0.1988,0.41,-0.1523,3,5,1
u03515,freelancer,70853.91,0.36,0.0006,0.0056,0.0116,3.81,0.2546,1,2,0
u03516,freelancer,34475.29,0.426,-0.153,0.0293,0.0892,0.42,-0.1404,2,4,1
u03517,salaried,101337.05,0.019,-0.0058,0.1534,0.2397,4.75,0.184,0,0,0
u03518,small_biz,116001.24,0.4046,0.0985,-0.0108,0.1941,1.41,-0.2641,2,4,0
u03519,small_biz,134997.62,0.2263,0.0471,0.0741,0.1828,-0.05,-0.5027,3,6,1
u03520,freelancer,42553.86,0.3759,0.0213,0.0017,0.0249,0.22,-0.0241,0,4,1
u03521,small_biz,221239.49,0.2286,-0.0353,0.0141,0.1261,6.81,0.3942,0,0,0
u03522,salaried,61471.58,0.0486,0.0149,0.033,0.2774,1.02,-0.3295,3,6,1
u03523,freelancer,71620.69,0.3509,0.1137,0.0093,0.0828,5.8,0.4154,1,1,0
u03524,freelancer,63901.08,0.2058,-0.026,0.0436,0.039,7.26,0.51,0,0,0
u03525,freelancer,62351.18,0.4439,0.0029,0.0376,0.0691,4.2,0.3555,1,1,0
u03526,salaried,93980.82,0.0841,0.0145,0.0293,0.2427,4.07,0.2641,0,0,0
u03527,small_biz,104828.26,0.2892,-0.0903,0.0168,0.2018,1.29,-0.0946,0,3,1
u03528,small_biz,119471.74,0.4366,-0.184,0.0432,0.1122,1.09,-0.0032,1,3,0
u03529,freelancer,75813.54,0.2872,0.0523,0.1189,0.0871,5.16,0.3649,1,1,0
u03530,salaried,63987.97,0.0524,-0.011,-0.0295,0.2295,2.07,-0.1478,2,6,0
u03531,small_biz,79997.46,0.3602,0.0027,0.0293,0.3557,-0.15,-0.9424,2,6,1
u03532,salaried,51586.6,0.0847,-0.0013,0.0293,0.5593,-0.79,-0.6364,4,6,1
u03533,freelancer,42827.45,0.1858,-0.0079,0.0681,0.1332,1.08,0.1032,1,1,0
u03534,small_biz,89847.3,0.3378,-0.1374,0.0248,0.3118,-0.16,-0.9217,2,6,1
u03535,small_biz,124568.23,0.2705,0.0354,0.0496,0.2132,0.57,-0.2327,2,5,1
u03536,salaried,101223.43,0.0482,0.0053,0.156,0.1175,3.88,0.0258,3,3,0
u03537,small_biz,127384.93,0.0821,-0.0338,0.035,0.2089,0.28,-0.2681,1,6,1
u03538,small_biz,142124.09,0.2606,0.0782,0.0367,0.1836,-0.06,-0.5398,5,6,1
u03539,salaried,53231.9,0.0695,-0.0012,0.01,0.4799,-0.39,-0.5882,2,6,1
u03540,small_biz,198820.04,0.0606,-0.0061,0.0252,0.0862,3.75,0.3014,0,0,0
u03541,freelancer,50432.88,0.3437,0.1134,-0.0005,0.0662,4.45,0.3338,1,2,0
u03542,small_biz,156382.54,0.3484,-0.1038,0.0361,0.1403,0.56,-0.2613,3,5,1
u03543,small_biz,163758.92,0.355,-0.1556,0.0281,0.1043,4.47,0.2333,0,2,0
u03544,freelancer,90335.57,0.2876,0.0669,0.0207,0.0252,7.8,0.4506,0,0,0
u03545,small_biz,210130.04,0.3864,0.0343,0.0245,0.1367,4.9,0.35,0,2,0
u03546,freelancer,48489.03,0.2832,0.0774,0.01,0.1438,-0.32,-0.2256,0,4,1
u03547,salaried,74707.49,0.0309,-0.0045,0.1482,0.1532,2.55,0.0452,0,1,0
u03548,freelancer,52676.12,0.5251,-0.1116,0.0332,0.0998,1.81,0.0588,0,2,0
u03549,small_biz,161810.76,0.3778,-0.1287,0.0715,0.1476,3.8,0.2835,0,2,0
u03550,small_biz,149175.02,0.2442,0.0078,0.018,0.1789,1.98,-0.0657,3,4,0
u03551,small_biz,187641.56,0.2248,-0.0122,0.0364,0.0816,3.25,0.2601,1,1,0
u03552,salaried,87729.69,0.0486,-0.0098,0.0203,0.2141,2.84,-0.0761,3,6,0
u03553,small_biz,217073.09,0.3271,0.0639,-0.0426,0.0697,8.07,0.534,1,1,0
u03554,small_biz,165004.65,0.4584,-0.1842,0.038,0.1628,2.87,0.1645,1,3,0
u03555,salaried,108151.83,0.057,-0.0008,0.1905,0.1969,3.55,0.2982,0,0,0
u03556,freelancer,55488.29,0.3575,-0.0595,0.0245,0.0944,3.32,0.2969,1,2,0
u03557,small_biz,130597.24,0.3268,-0.1319,0.0591,0.0819,1.6,0.0552,2,2,0
u03558,salaried,110014.28,0.0405,-0.0208,-0.0324,0.2902,4.4,0.304,0,0,0
u03559,small_biz,113352.2,0.3435,-0.1042,-0.0038,0.1374,2.37,0.0719,1,3,0
u03560,small_biz,134040.69,0.4356,-0.0749,0.0843,0.1847,4.14,0.1803,2,2,0
u03561,freelancer,68580.49,0.3119,0.03,0.0295,0.0026,4.19,0.369,0,0,0
u03562,salaried,54903.82,0.032,-0.003,-0.0058,0.3156,0.92,-0.5625,1,6,1
u03563,salaried,115097.64,0.0382,0.0079,-0.0501,0.1225,7.2,0.4919,0,0,0
u03564,salaried,53945.71,0.0495,-0.0075,-0.0003,0.3757,-1.05,-0.5823,5,6,1
u03565,small_biz,206451.76,0.4224,-0.0949,0.0254,0.0611,6.56,0.3792,0,2,0
u03566,freelancer,77252.8,0.2641,0.0503,-0.0208,0.0353,2.75,0.1833,0,2,0
u03567,freelancer,55768.8,0.3983,0.0077,0.0505,0.026,3.41,0.3172,0,1,0
u03568,freelancer,72600.55,0.2674,0.1425,0.0068,0.0602,7.64,0.4841,0,0,0
u03569,salaried,69333.53,0.049,0.0202,0.1867,0.1585,1.29,-0.0128,0,3,0
u03570,small_biz,112225.28,0.2795,0.1262,0.002,0.2285,-0.83,-0.3876,2,4,1
u03571,freelancer,30800.67,0.4724,-0.039,0.0199,0.1376,-0.74,-0.2348,0,3,1
u03572,freelancer,66150.78,0.2641,-0.1067,0.0777,0.0689,5.07,0.38,0,0,0
u03573,small_biz,206716.57,0.4371,0.2009,0.0431,0.0727,4.06,0.2002,1,2,0
u03574,small_biz,234510.52,0.2487,0.0339,0.0116,0.044,9.7,0.5666,0,0,0
u03575,small_biz,103376.94,0.1326,-0.01,0.036,0.1747,2.13,-0.1036,2,4,0
u03576,salaried,97807.28,0.0185,0.0046,-0.028,0.2757,1.35,-0.0826,1,6,0
u03577,salaried,101351.76,0.0269,0.0083,0.0219,0.218,4.44,0.3259,0,0,0
u03578,small_biz,158812.12,0.33,-0.0439,-0.016,0.0817,0.71,-0.1437,1,5,0
u03579,freelancer,59011.81,0.3863,-0.0754,0.1013,0.1115,1.54,0.1268,0,2,0
u03580,freelancer,50298.12,0.2015,-0.0331,0.0658,0.0024,2.46,0.1526,1,2,0
u03581,small_biz,187116.97,0.3734,-0.0573,-0.0089,0.0647,5.07,0.2978,0,1,0
u03582,freelancer,60176.54,0.5377,-0.1617,0.0086,0.0773,3.99,0.3457,1,3,0
u03583,freelancer,68950.81,0.3175,0.1132,0.0895,0.0834,2.1,0.1105,0,2,0
u03584,freelancer,47691.14,0.305,-0.1351,-0.0502,0.1105,2.25,0.1122,1,1,0
u03585,small_biz,147951.74,0.2806,0.061,0.0504,0.1845,3.25,0.1709,0,1,0
u03586,freelancer,28700.27,0.406,-0.0518,0.0331,0.1334,-1.33,-0.8125,4,6,1
u03587,small_biz,144015.7,0.3086,-0.0757,0.0304,0.174,1.6,0.015,1,3,0
u03588,small_biz,229929.31,0.3141,0.106,0.0087,0.068,2.95,0.0242,2,2,0
u03589,small_biz,165944.57,0.3213,-0.0696,0.0436,0.1612,3.61,0.2113,0,1,0
u03590,freelancer,44458.88,0.4015,0.0977,0.1175,0.1485,0.22,-0.1453,0,4,1
u03591,freelancer,47233.65,0.4525,0.1978,0.041,0.0561,2.61,0.2307,0,2,0
u03592,salaried,99886.76,0.0366,0.0077,0.0487,0.2507,3.27,0.0463,0,1,0
u03593,freelancer,76511.05,0.2587,-0.1104,0.0242,0.0525,3.07,0.2747,2,2,0
u03594,small_biz,190451.35,0.1288,-0.0687,0.0777,0.0755,5.83,0.319,0,1,0
u03595,freelancer,86672.94,0.1129,0.0219,0.0511,0.0731,9.99,0.59,0,0,0
u03596,small_biz,256818.16,0.2472,0.0175,0.0025,0.1021,8.02,0.4519,0,0,0
u03597,salaried,85335.15,0.0488,-0.0043,0.0222,0.2919,1.95,0.1331,0,0,0
u03598,small_biz,120925.55,0.5376,0.0392,0.0645,0.2313,2.45,0.1542,1,3,0
u03599,freelancer,64630.63,0.4468,0.178,0.125,0.0903,2.9,0.294,0,1,0
u03600,small_biz,153493.44,0.2645,0.0235,0.0208,0.1776,1.32,-0.0171,1,3,1
u03601,freelancer,61314.79,0.2413,-0.0698,0.0523,0.1296,1.42,0.1561,1,2,1
u03602,salaried,52692.11,0.0631,-0.023,0.0322,0.258,0.24,-0.7565,2,6,1
u03603,small_biz,261817.31,0.0999,-0.0275,0.0598,0.0492,10.84,0.5593,0,0,0
u03604,small_biz,102818.94,0.4953,-0.0583,-0.0095,0.2397,-0.07,-0.4006,2,4,1
u03605,small_biz,212772.66,0.3735,0.0907,0.0356,0.0668,2.5,-0.0444,0,3,0
u03606,freelancer,33354.55,0.385,0.0304,0.0177,0.0953,-1.48,-0.6453,0,5,1
u03607,freelancer,39176.69,0.2098,-0.0628,0.0386,0.0517,-1.03,-0.3098,3,4,1
u03608,salaried,79636.84,0.0436,-0.0014,0.0335,0.2064,3.2,0.1047,0,0,0
u03609,salaried,114208.03,0.0629,-0.0236,-0.0213,0.1396,7.03,0.371,0,1,0
u03610,freelancer,83392.6,0.4073,0.1887,-0.0079,0.0705,5.84,0.3884,0,1,0
u03611,small_biz,137327.44,0.3187,0.0636,0.0319,0.1231,1.86,0.0309,0,2,0
u03612,freelancer,83703.37,0.2765,-0.0583,0.0108,0.0932,6.39,0.4192,0,0,0
u03613,freelancer,52533.53,0.2245,-0.0772,0.0737,0.0095,-0.1,-0.0733,0,2,1
u03614,salaried,70423.19,0.0451,-0.0089,0.2102,0.4034,0.89,-0.1919,2,5,1
u03615,small_biz,221406.31,0.2045,-0.0151,0.0493,0.0542,10.94,0.5981,0,0,0
u03616,salaried,91727.87,0.0605,-0.0019,0.0684,0.1246,3.58,0.2178,0,0,0
u03617,freelancer,36429.33,0.238,-0.0411,0.0569,0.2097,-0.18,-0.1671,2,4,1
u03618,salaried,116273.55,0.0402,0.0079,0.0453,0.2659,4.05,0.221,0,0,0
u03619,salaried,62961.63,0.0389,0.007,0.1755,0.4049,-0.11,-0.6136,3,6,1
u03620,small_biz,175692.06,0.0873,0.0252,0.0069,0.093,6.51,0.431,0,0,0
u03621,small_biz,77442.19,0.5806,0.1523,0.0362,0.1766,1.08,-0.2703,2,4,1
u03622,freelancer,43900.52,0.5392,-0.1123,-0.017,0.0744,1.28,0.07,2,2,0
u03623,small_biz,120280.53,0.1123,-0.0018,0.0679,0.2049,0.67,-0.4721,1,6,1
u03624,small_biz,190756.09,0.2951,-0.0394,-0.0211,0.1259,3.95,0.1817,0,1,0
u03625,small_biz,193177.53,0.3175,0.0718,-0.0073,0.0959,6.16,0.3774,0,1,0
u03626,small_biz,209256.3,0.125,0.0154,0.0024,0.1022,5.34,0.3255,0,0,0
u03627,freelancer,65842.78,0.3531,0.0485,0.0711,0.051,2.96,0.2071,0,1,0
u03628,freelancer,59111.04,0.2091,0.0122,0.0629,0.0604,1.19,0.0542,0,2,1
u03629,freelancer,51045.47,0.2568,-0.0136,0.0331,0.1384,3.6,0.3002,1,1,0
u03630,small_biz,216804.84,0.1086,-0.0163,-0.0046,0.1301,2.05,0.1101,0,1,0
u03631,freelancer,53062.46,0.2332,0.0054,0.0206,0.1392,-0.52,-0.2812,2,5,1
u03632,freelancer,39758.79,0.3907,0.0906,0.0258,0.015,2.15,0.1345,2,2,0
u03633,small_biz,124636.25,0.3589,0.0755,0.0135,0.1854,0.95,-0.2094,1,5,1
u03634,small_biz,149004.94,0.124,0.0255,0.0185,0.0702,3.74,0.259,0,0,0
u03635,small_biz,270131.65,0.2221,0.0452,0.0211,0.0866,5.91,0.3059,0,1,0
u03636,freelancer,78031.94,0.4566,-0.0556,-0.0264,0.0178,9.24,0.5168,0,1,0
u03637,salaried,92609.72,0.0347,-0.0025,0.0459,0.3421,1.26,-0.0928,5,6,0
u03638,small_biz,122089.57,0.512,-0.0897,0.0608,0.1819,0.62,-0.1436,1,3,0
u03639,freelancer,63208.05,0.2561,-0.0016,0.0593,0.1066,2.74,0.2327,1,2,0
u03640,salaried,80024.11,0.0279,-0.0,0.0354,0.1658,2.14,0.1154,0,0,0
u03641,salaried,65015.17,0.0579,0.0255,0.1446,0.3098,3.31,-0.0233,2,4,0
u03642,freelancer,66212.27,0.2094,-0.0206,0.0721,0.0179,7.93,0.5443,0,0,0
u03643,small_biz,118748.28,0.2742,-0.1128,0.0364,0.0934,1.92,-0.0009,1,4,0
u03644,freelancer,42391.86,0.1789,0.0757,0.0565,0.0298,1.15,0.0671,1,3,1
u03645,freelancer,33921.65,0.4667,0.0116,0.0387,0.1081,-1.6,-0.5328,2,4,1
u03646,freelancer,52372.36,0.2183,-0.1147,0.0324,0.1196,0.32,-0.2088,2,5,1
u03647,freelancer,75839.53,0.2247,-0.0015,0.0018,0.0159,7.44,0.5068,0,0,0
u03648,salaried,88472.97,0.0739,-0.0061,0.1093,0.2123,0.16,-0.2972,2,6,1
u03649,salaried,94758.22,0.0716,0.0003,0.046,0.1308,5.04,0.1308,0,0,0
u03650,freelancer,53789.43,0.1809,0.0235,0.07,0.1208,0.31,-0.087,0,4,1
u03651,freelancer,50729.37,0.2524,0.084,-0.0168,0.0732,1.98,0.1955,2,2,0
u03652,freelancer,57005.35,0.2251,0.0717,0.0657,0.0421,1.61,0.1273,1,3,0
u03653,freelancer,62046.05,0.4477,-0.0209,-0.0168,0.1119,1.45,0.072,1,3,1
u03654,freelancer,37147.82,0.5415,0.1502,0.0767,0.077,0.42,-0.2162,3,5,0
u03655,freelancer,94095.39,0.2062,0.0346,0.0437,0.0263,9.61,0.5994,0,0,0
u03656,freelancer,38670.67,0.1959,-0.0353,0.1277,0.0083,0.55,-0.0206,2,3,1
u03657,freelancer,45095.67,0.4214,0.0651,0.0335,0.1354,-0.81,-0.3997,2,4,1
u03658,salaried,93532.03,0.046,-0.0139,0.0004,0.3225,3.55,0.008,1,3,0
u03659,salaried,90735.96,0.0379,0.0004,0.0562,0.1212,4.07,0.1825,0,0,0
u03660,small_biz,224908.81,0.456,0.0297,0.0774,0.0704,6.19,0.3554,1,3,0
u03661,salaried,63070.73,0.0301,0.0047,0.0804,0.4458,0.72,-0.2494,5,6,1
u03662,small_biz,108641.41,0.1237,-0.0156,0.0202,0.0969,0.31,-0.3065,4,6,1
u03663,small_biz,202447.63,0.4771,0.1446,0.0582,0.0768,7.55,0.4666,0,0,0
u03664,freelancer,46905.69,0.305,0.0212,0.0196,0.0587,0.98,-0.0123,1,2,1
u03665,small_biz,200491.37,0.093,-0.0328,0.0367,0.1383,3.68,0.1391,0,1,0
u03666,small_biz,170935.34,0.2157,0.0053,0.026,0.1224,6.19,0.4112,0,0,0
u03667,freelancer,52095.13,0.2754,0.0999,0.027,0.1043,2.26,0.2028,0,2,0
u03668,salaried,72869.91,0.0592,0.024,0.0287,0.2534,-0.66,-0.4087,4,6,1
u03669,salaried,56900.31,0.0785,0.0225,-0.0009,0.2511,2.34,-0.3113,2,6,0
u03670,freelancer,89224.82,0.185,0.0229,0.1038,0.03,6.01,0.4188,0,1,0
u03671,freelancer,60891.72,0.2726,0.134,0.0182,0.0843,7.34,0.4549,0,1,0
u03672,small_biz,120460.35,0.2576,0.0311,0.0942,0.1279,-0.01,-0.444,4,6,1
u03673,salaried,59404.17,0.0247,0.0096,0.0323,0.3988,-0.09,-0.6564,1,6,1
u03674,freelancer,48144.28,0.2037,-0.0475,0.1252,0.045,1.87,0.1149,1,2,0
u03675,freelancer,44449.42,0.3762,0.1204,0.0327,0.1719,0.36,-0.0804,3,4,1
u03676,freelancer,66890.89,0.0855,-0.0122,0.0374,0.0398,5.08,0.4211,0,0,0
u03677,salaried,51157.95,0.0826,0.0245,0.0102,0.3187,0.21,-0.8428,1,6,1
u03678,small_biz,184259.19,0.1339,-0.0194,0.0047,0.1392,2.86,0.0325,1,2,0
u03679,small_biz,161186.39,0.3289,-0.1377,0.0071,0.0946,1.53,-0.0484,2,4,0
u03680,salaried,67268.99,0.0341,-0.0093,0.1329,0.4103,0.79,-0.6825,4,6,1
u03681,freelancer,65913.02,0.1322,0.0174,0.1495,0.0264,8.0,0.5491,0,0,0
u03682,freelancer,57068.1,0.4142,-0.1264,-0.0062,0.0692,3.32,0.3176,1,1,0
u03683,small_biz,136990.08,0.3556,-0.008,0.0214,0.1712,1.57,-0.0497,0,2,0
u03684,freelancer,55654.87,0.2991,0.0132,0.0346,0.039,0.29,-0.0934,2,4,0
u03685,salaried,69261.04,0.067,0.0048,0.1302,0.3826,0.73,-0.1472,4,6,1
u03686,freelancer,42110.07,0.1187,-0.008,0.0035,0.0975,2.48,0.2088,1,1,0
u03687,freelancer,63761.18,0.5405,-0.0226,0.0442,0.0315,2.34,0.1312,0,4,0
u03688,freelancer,63791.79,0.4571,-0.0083,-0.0145,0.0877,5.19,0.439,1,2,0
u03689,freelancer,73497.63,0.3133,-0.0514,0.0826,0.0158,6.04,0.4182,0,1,0
u03690,small_biz,104912.76,0.3099,0.032,0.0404,0.2105,1.08,-0.2278,1,4,1
u03691,small_biz,108165.12,0.2962,0.0435,0.0271,0.1707,1.44,-0.1314,2,4,0
u03692,salaried,89893.4,0.031,-0.0072,0.0227,0.1496,6.51,0.325,0,0,0
u03693,freelancer,65198.75,0.2353,-0.0482,-0.0134,0.0806,2.61,0.1972,0,1,0
u03694,small_biz,211416.46,0.2801,0.0784,0.0392,0.1334,3.38,0.1455,0,1,0
u03695,small_biz,188819.83,0.0597,0.0196,0.0494,0.1155,4.22,0.1741,0,1,0
u03696,freelancer,51004.64,0.1843,0.0365,0.0076,0.007,3.15,0.2475,0,1,0
u03697,small_biz,102304.24,0.2034,0.0138,0.0051,0.1617,1.24,-0.4078,4,6,1
u03698,salaried,70942.54,0.0423,0.0139,0.017,0.4793,1.99,-0.3438,4,6,1
u03699,salaried,91184.6,0.0392,-0.0031,0.0685,0.3606,4.12,0.092,0,0,0
u03700,freelancer,75340.86,0.3412,0.0091,0.0145,0.032,5.69,0.4024,1,1,0
u03701,small_biz,72066.41,0.4173,0.2062,-0.0122,0.2378,-0.81,-1.0942,2,6,1
u03702,freelancer,78113.11,0.3046,-0.0498,0.0422,0.0309,8.62,0.4839,1,1,0
u03703,salaried,104207.95,0.0519,0.0072,0.044,0.1856,5.34,0.3643,0,0,0
u03704,salaried,79600.38,0.0599,0.0221,0.0161,0.3381,2.56,-0.1188,1,6,0
u03705,salaried,74739.96,0.0355,-0.0162,0.0393,0.3109,2.52,-0.1849,1,6,0
u03706,small_biz,170543.73,0.1624,-0.0418,0.0735,0.0886,4.82,0.2595,0,0,0
u03707,freelancer,79580.2,0.2112,-0.0853,-0.0449,0.003,4.1,0.3667,0,0,0
u03708,freelancer,43073.17,0.3127,-0.0213,-0.0035,0.0805,1.84,0.1662,1,1,0
u03709,freelancer,75264.41,0.3072,-0.0652,0.0929,0.0125,7.6,0.5091,1,1,0
u03710,small_biz,141939.61,0.242,0.1004,0.0231,0.1614,3.12,0.2303,1,1,0
u03711,freelancer,72705.14,0.4083,-0.2224,-0.0225,0.0859,2.59,0.1888,0,2,0
u03712,small_biz,160113.67,0.3452,-0.0585,0.041,0.1335,2.92,0.2348,1,2,0
u03713,freelancer,43775.93,0.3581,-0.0621,0.1039,0.0521,1.47,0.142,1,3,0
u03714,freelancer,64760.33,0.49,0.2679,-0.0252,0.1108,4.74,0.3869,0,2,0
u03715,small_biz,155397.61,0.2413,-0.0289,0.0531,0.0906,1.33,-0.2495,1,4,1
u03716,small_biz,184490.18,0.3262,0.0809,0.0171,0.1534,5.01,0.2412,1,2,0
u03717,freelancer,53983.59,0.3364,0.141,0.0505,0.0962,2.64,0.1791,0,2,0
u03718,salaried,73169.29,0.0582,-0.0075,0.0124,0.3442,0.42,-0.7511,2,6,1
u03719,salaried,51089.01,0.0654,-0.0252,-0.033,0.6474,-0.75,-0.7338,3,6,1
u03720,small_biz,143991.63,0.2604,0.0201,0.0055,0.1747,3.02,0.0749,2,3,0
u03721,freelancer,36535.69,0.4072,-0.0181,0.1244,0.2104,1.45,0.0106,2,2,0
u03722,small_biz,162229.77,0.2223,0.032,-0.0046,0.1836,5.37,0.2909,1,1,0
u03723,small_biz,163986.77,0.18,0.0636,0.0161,0.1816,3.51,0.0994,1,3,0
u03724,freelancer,60357.64,0.4504,-0.1071,0.1191,0.0956,4.19,0.3095,0,2,0
u03725,freelancer,57088.92,0.3992,-0.0876,0.0463,0.1264,0.76,-0.0236,2,2,0
u03726,small_biz,242007.11,0.2639,0.0607,0.0353,0.0673,6.51,0.3645,1,1,0
u03727,freelancer,62020.62,0.378,-0.1229,0.0652,0.0623,2.4,0.1319,1,3,0
u03728,freelancer,46344.11,0.347,-0.1535,0.0341,0.0489,3.31,0.2822,2,2,0
u03729,salaried,58008.25,0.0477,-0.0017,0.0896,0.4829,2.12,-0.6126,0,6,1
u03730,salaried,117132.2,0.0451,0.0001,0.1209,0.1971,5.05,0.2071,0,0,0
u03731,salaried,96954.43,0.0439,0.0244,0.0858,0.2713,1.23,0.0088,1,1,0
u03732,small_biz,84533.26,0.3259,0.0758,0.0157,0.2472,0.26,-0.588,3,6,1
u03733,freelancer,44099.6,0.2103,0.002,0.0469,0.1047,0.87,0.0145,1,2,1
u03734,freelancer,51010.56,0.1829,-0.021,0.1011,0.0426,3.83,0.2945,0,0,0
u03735,salaried,119697.7,0.0694,-0.0134,-0.0007,0.2316,5.68,0.4051,0,0,0
u03736,freelancer,66310.85,0.4348,-0.0241,-0.0045,0.019,4.07,0.3272,1,2,0
u03737,freelancer,69573.77,0.2577,0.0029,0.1138,0.0976,3.93,0.3298,0,1,0
u03738,freelancer,55881.98,0.3579,0.0293,0.0747,0.089,2.26,0.1683,0,2,0
u03739,salaried,87742.75,0.068,0.0124,0.1139,0.2118,-0.17,-0.2436,4,6,1
u03740,small_biz,145358.04,0.3126,0.0122,0.032,0.1944,2.59,-0.0231,1,3,0
u03741,freelancer,64031.43,0.4221,-0.1149,0.0817,0.0174,4.01,0.2525,0,1,0
u03742,salaried,51399.13,0.0672,0.0209,0.0453,0.5919,-0.14,-0.8357,0,6,1
u03743,freelancer,49801.03,0.762,0.1027,0.0648,0.0327,2.11,0.1167,2,3,0
u03744,small_biz,296019.44,0.1499,-0.0151,0.0079,0.0379,13.14,0.6056,0,0,0
u03745,salaried,87580.26,0.0192,-0.0037,0.0893,0.3635,2.76,-0.1981,3,6,0
u03746,freelancer,53148.0,0.2434,0.0226,0.0982,0.0804,0.85,-0.0864,0,3,1
u03747,salaried,121254.94,0.0401,0.0061,0.0464,0.2262,6.45,0.3016,0,0,0
u03748,freelancer,44510.35,0.4844,-0.1841,-0.0235,0.1794,1.37,0.0512,1,3,0
u03749,small_biz,194860.37,0.2459,0.0033,0.0449,0.1286,6.22,0.3519,0,0,0
u03750,salaried,55226.14,0.085,0.0255,0.1365,0.6177,-1.51,-0.7065,2,6,1
u03751,small_biz,183335.9,0.228,-0.0258,0.0235,0.0954,2.44,0.1845,1,1,0
u03752,freelancer,50280.95,0.3813,-0.1251,0.0751,0.0639,0.74,0.0297,1,3,1
u03753,freelancer,72250.06,0.4099,-0.1269,-0.0561,0.0755,6.7,0.4756,0,0,0
u03754,salaried,60078.65,0.0267,-0.0073,0.1137,0.3088,-0.0,-0.1929,2,6,1
u03755,salaried,54349.33,0.0371,-0.0189,0.0859,0.5397,-0.78,-0.8794,1,6,1
u03756,freelancer,52208.98,0.3767,0.1823,-0.0255,0.081,1.76,0.06,3,3,1
u03757,freelancer,77449.97,0.1429,0.0147,-0.0004,0.0936,1.74,0.1635,1,1,0
u03758,freelancer,75166.35,0.2311,-0.0331,0.0147,0.0761,2.37,0.1708,0,1,0
u03759,salaried,115133.88,0.0428,-0.0165,-0.0291,0.1005,5.0,0.2889,0,0,0
u03760,salaried,58211.08,0.0815,0.0351,0.0467,0.3531,0.85,-0.2416,3,6,1
u03761,small_biz,138980.8,0.2726,0.1337,0.0825,0.1881,2.93,0.1784,0,1,0
u03762,salaried,65871.01,0.0329,0.0098,0.1781,0.4223,0.69,-0.8545,5,6,1
u03763,small_biz,173926.36,0.3671,0.0108,0.0916,0.0786,3.78,0.2798,0,1,0
u03764,salaried,105968.9,0.0558,0.0127,0.035,0.1626,8.92,0.436,0,0,0
u03765,small_biz,100859.2,0.2673,-0.0658,0.0335,0.2432,1.72,-0.0762,2,4,0
u03766,small_biz,186799.94,0.3925,0.1016,0.0238,0.1158,4.11,0.2268,0,2,0
u03767,small_biz,177946.68,0.3706,0.1712,-0.0259,0.0594,8.26,0.4301,0,1,0
u03768,small_biz,208024.34,0.115,-0.0197,0.0328,0.1144,3.9,0.2764,0,0,0
u03769,salaried,85513.19,0.0406,0.0152,0.0293,0.3826,0.74,-0.0787,0,4,0
u03770,freelancer,44184.17,0.479,-0.0237,0.0982,0.1234,1.78,0.1349,0,2,0
u03771,salaried,105886.02,0.0841,-0.0099,0.0181,0.2393,3.93,0.1816,0,0,0
u03772,freelancer,49658.68,0.2175,0.0979,0.0727,0.0304,3.42,0.3028,0,0,1
u03773,salaried,66523.57,0.0361,-0.0142,0.0477,0.4732,2.09,-0.1443,4,6,0
u03774,small_biz,224989.58,0.2398,0.0596,0.0161,0.1133,8.16,0.4897,0,0,0
u03775,freelancer,50014.94,0.3713,0.1524,0.0676,0.0434,5.38,0.4284,0,1,0
u03776,salaried,94204.51,0.024,-0.0067,0.0707,0.1266,5.54,0.2576,0,0,0
u03777,freelancer,50205.26,0.2487,-0.0642,0.0771,0.0216,2.32,0.171,1,2,0
u03778,small_biz,181968.72,0.3352,-0.0329,0.017,0.1138,5.93,0.3884,0,0,0
u03779,salaried,86832.24,0.0655,-0.0001,-0.0093,0.1916,4.5,0.1712,0,0,0
u03780,freelancer,48972.98,0.19,-0.0734,0.0416,0.1189,2.64,0.2118,1,1,0
u03781,salaried,90828.46,0.0471,0.0077,0.0263,0.3211,2.48,0.0609,0,1,0
u03782,salaried,106439.27,0.0414,0.0116,0.1606,0.2317,3.72,0.1042,0,0,0
u03783,freelancer,59321.06,0.0535,-0.0048,0.08,0.1032,2.99,0.2676,0,0,0
u03784,freelancer,57930.58,0.2197,-0.0609,0.0529,0.1037,-0.27,-0.1006,2,2,1
u03785,salaried,114085.72,0.0571,0.0256,0.0488,0.2522,3.6,0.0735,0,1,0
u03786,small_biz,168811.64,0.2771,0.0572,0.0888,0.0708,5.0,0.2607,0,1,0
u03787,salaried,60277.13,0.045,0.0054,0.1793,0.4047,-0.21,-0.4623,2,6,1
u03788,salaried,50640.58,0.0514,0.0154,0.0152,0.277,0.63,-0.5499,2,6,1
u03789,salaried,95471.13,0.0483,0.0024,0.0064,0.3186,2.43,-0.018,2,4,0
u03790,small_biz,97648.3,0.283,-0.0161,0.0832,0.2541,-0.5,-0.5961,2,6,1
u03791,small_biz,202253.03,0.1851,0.0478,0.0476,0.0921,6.7,0.4496,0,0,0
u03792,salaried,66720.2,0.0369,0.0024,0.021,0.3632,0.55,-0.5176,2,6,1
u03793,small_biz,169911.87,0.225,0.0551,0.0193,0.1385,2.52,0.1441,1,1,0
u03794,freelancer,49436.04,0.4125,-0.1357,0.0519,0.0797,2.84,0.2373,0,2,0
u03795,salaried,79224.7,0.0467,-0.0121,0.0618,0.3205,2.2,0.0312,1,1,0
u03796,salaried,77049.9,0.0281,0.0004,0.1544,0.2286,0.86,-0.0162,1,4,1
u03797,small_biz,115433.63,0.3364,-0.0171,0.0918,0.1427,-0.43,-0.3782,3,5,1
u03798,freelancer,46415.8,0.3121,-0.0551,-0.0575,0.04,0.73,-0.0812,0,2,1
u03799,freelancer,85272.0,0.4686,0.1704,0.0359,0.0249,4.1,0.3364,0,2,0
u03800,freelancer,68271.24,0.1547,0.0484,0.0343,0.0513,2.77,0.2108,0,1,0
u03801,salaried,116850.4,0.0456,-0.0001,0.0117,0.119,6.01,0.4417,0,0,0
u03802,small_biz,147071.21,0.3521,-0.0124,-0.0077,0.0849,1.56,0.0214,0,3,0
u03803,salaried,120366.92,0.096,-0.0182,0.1066,0.1597,4.35,0.1716,0,1,0
u03804,freelancer,50416.9,0.4334,-0.024,-0.008,0.0417,2.33,0.1696,1,2,0
u03805,small_biz,145727.68,0.131,-0.048,0.0836,0.1598,2.84,0.1023,2,2,0
u03806,freelancer,51699.8,0.4493,-0.0217,0.1342,0.0698,1.29,-0.0043,2,3,0
u03807,freelancer,54872.5,0.3245,-0.1599,0.1343,0.0319,0.61,0.0058,1,2,1
u03808,small_biz,207494.84,0.1787,0.0121,0.0186,0.0983,4.64,0.3151,0,0,0
u03809,freelancer,46103.84,0.4241,0.0793,-0.0074,0.064,3.04,0.2443,0,2,0
u03810,small_biz,209034.95,0.1503,0.0337,0.0261,0.0554,7.27,0.4643,0,0,0
u03811,small_biz,111104.71,0.1942,0.0662,0.0602,0.198,0.27,-0.1492,3,5,1
u03812,salaried,50623.05,0.0311,-0.0051,0.0126,0.457,-1.42,-0.6276,4,6,1
u03813,freelancer,57053.2,0.4628,-0.179,0.0237,0.1259,1.39,0.0906,0,1,1
u03814,small_biz,264457.4,0.2037,-0.0189,0.1044,0.084,8.97,0.5286,0,0,0
u03815,small_biz,137678.9,0.1779,-0.0129,0.0638,0.1885,1.33,0.0429,1,3,0
u03816,salaried,74795.74,0.0679,0.0129,0.0135,0.461,0.6,-0.3026,2,6,1
u03817,salaried,89846.11,0.056,0.0033,0.0548,0.1738,1.77,0.0808,1,1,0
u03818,salaried,97926.28,0.0463,0.0095,0.0398,0.129,3.84,0.1788,0,0,0
u03819,freelancer,49273.29,0.3313,-0.0471,0.0048,0.0171,4.37,0.3955,1,1,0
u03820,salaried,62169.11,0.0291,-0.0114,0.0342,0.2264,2.02,-0.0428,2,4,0
u03821,freelancer,35540.72,0.4387,0.0203,0.0877,0.1845,-0.67,-0.311,1,4,1
u03822,freelancer,33037.24,0.2504,0.0742,0.1008,0.2176,-0.5,-0.3269,1,5,1
u03823,salaried,99220.66,0.0315,-0.0099,0.0544,0.289,1.67,0.0808,0,0,0
u03824,small_biz,185760.56,0.4086,-0.089,-0.0201,0.0766,4.13,0.2774,1,1,0
u03825,freelancer,80267.94,0.2621,-0.1008,0.1242,0.0988,2.49,0.2103,1,2,0
u03826,freelancer,57636.69,0.3056,0.0338,0.0981,0.1173,2.85,0.1859,1,3,0
u03827,freelancer,55689.44,0.2808,0.0786,0.0158,0.0935,2.47,0.2448,1,1,0
u03828,small_biz,85845.04,0.2855,-0.0379,0.002,0.2686,0.26,-0.5276,1,6,1
u03829,freelancer,50068.15,0.2689,-0.0298,0.0369,0.0011,3.16,0.2486,1,2,0
u03830,small_biz,208185.2,0.2308,0.0723,0.0454,0.0498,8.97,0.4903,0,0,0
u03831,freelancer,63656.67,0.2377,-0.0638,0.0347,0.0219,4.32,0.386,0,0,0
u03832,small_biz,251496.74,0.0514,-0.0146,0.0444,0.1156,8.96,0.5677,0,0,0
u03833,salaried,107290.97,0.0767,0.0015,0.1832,0.1962,5.29,0.183,0,0,0
u03834,freelancer,45068.96,0.1255,-0.006,0.0503,0.1325,1.2,-0.0086,2,2,1
u03835,salaried,69118.8,0.0653,0.0263,0.0136,0.4152,1.39,-0.1182,1,4,0
u03836,freelancer,64033.26,0.4113,-0.099,0.0389,0.114,3.7,0.3465,0,1,0
u03837,small_biz,192007.87,0.1599,-0.055,0.0342,0.0681,1.63,0.033,1,2,0
u03838,small_biz,118068.57,0.4545,-0.1593,-0.0334,0.1955,2.0,0.109,1,3,0
u03839,salaried,107521.97,0.0686,0.0324,-0.0163,0.1773,5.12,0.2579,0,0,0
u03840,salaried,88355.36,0.0727,-0.0027,0.0605,0.1346,2.46,0.0985,0,0,0
u03841,small_biz,151153.51,0.3672,0.0363,0.0457,0.0912,2.28,-0.0635,1,3,0
u03842,salaried,77113.16,0.0434,-0.009,0.0454,0.3245,2.33,-0.2204,1,6,0
u03843,salaried,82073.59,0.0275,-0.002,0.1671,0.3299,1.38,-0.2648,3,6,1
u03844,freelancer,54083.13,0.3528,-0.1363,0.078,0.0732,2.15,0.1414,2,2,0
u03845,freelancer,87578.77,0.3286,-0.0884,-0.0132,0.0175,10.52,0.56,0,1,0
u03846,small_biz,130965.08,0.2241,0.0486,-0.0146,0.136,3.54,0.1014,1,2,0
u03847,small_biz,121628.27,0.2065,0.0718,0.0381,0.2444,-0.46,-0.3814,5,6,1
u03848,salaried,90610.76,0.0455,0.017,0.0172,0.2893,2.68,-0.0259,0,2,0
u03849,salaried,70406.98,0.0705,0.0223,-0.017,0.1881,0.16,-0.2377,2,6,1
u03850,freelancer,70166.24,0.148,-0.0488,0.0199,0.0464,2.04,0.1813,1,1,0
u03851,freelancer,53915.78,0.303,-0.0271,0.0422,0.0784,1.38,0.0319,0,2,0
u03852,freelancer,61035.46,0.4107,-0.0942,0.1272,0.0836,0.9,0.0199,3,4,0
u03853,salaried,85316.41,0.074,0.0323,0.014,0.1841,2.52,-0.273,2,6,0
u03854,small_biz,110736.39,0.267,-0.0778,0.0589,0.1584,2.34,0.0381,1,1,0
u03855,freelancer,54945.54,0.3111,-0.0714,0.0233,0.0828,2.73,0.2242,1,1,0
u03856,salaried,49831.89,0.0376,-0.0006,0.0292,0.3843,-0.04,-0.8801,2,6,1
u03857,freelancer,77258.45,0.3867,0.1141,0.0174,0.0544,7.44,0.5376,0,0,0
u03858,salaried,71809.45,0.0424,-0.001,0.1131,0.4444,2.62,-0.1207,3,6,0
u03859,freelancer,41759.46,0.3004,-0.0012,0.0012,0.1911,0.88,-0.111,2,4,0
u03860,freelancer,50650.29,0.1841,0.0166,0.0326,0.0545,1.99,0.0955,0,2,0
u03861,freelancer,47265.11,0.2367,-0.05,0.0963,0.1442,2.11,0.1913,1,1,0
u03862,salaried,63020.49,0.0258,-0.0022,-0.0177,0.1813,2.25,0.0861,0,0,0
u03863,freelancer,74276.99,0.1129,0.0122,0.0329,0.1061,2.86,0.1931,1,1,0
u03864,salaried,105057.17,0.0375,-0.0114,0.113,0.2427,0.63,-0.0903,2,6,1
u03865,salaried,70465.85,0.0516,0.0187,0.2129,0.4447,-0.25,-0.6287,2,6,1
u03866,salaried,51461.51,0.0422,0.0087,0.1473,0.3828,0.94,-0.6183,4,6,1
u03867,small_biz,175087.94,0.3599,0.0153,0.0289,0.1362,3.55,0.2163,2,2,0
u03868,small_biz,156141.62,0.1321,0.0531,0.0196,0.1367,3.74,0.2916,0,0,0
u03869,small_biz,192088.29,0.2802,0.0887,-0.0213,0.0714,2.32,0.1354,1,2,0
u03870,salaried,88251.55,0.0255,-0.0097,0.0083,0.2694,3.66,0.2645,0,0,0
u03871,freelancer,49667.58,0.2547,-0.1288,0.1039,0.0103,2.8,0.1978,1,2,0
u03872,freelancer,58507.77,0.4833,0.1163,0.0652,0.1187,2.58,0.267,2,2,0
u03873,freelancer,54613.7,0.2402,0.0479,0.0942,0.0402,4.74,0.3842,0,0,0
u03874,salaried,88128.24,0.0603,0.0126,0.0005,0.2417,4.15,0.2405,0,0,0
u03875,salaried,57126.54,0.087,0.0184,0.0648,0.3294,0.05,-0.3296,2,6,1
u03876,freelancer,49991.17,0.4569,0.0136,0.0121,0.0957,2.2,0.2234,0,2,0
u03877,freelancer,44137.99,0.4124,0.0226,0.077,0.0443,2.29,0.2066,2,2,0
u03878,small_biz,141079.67,0.3611,0.0451,0.0498,0.1442,3.14,0.0866,0,2,0
u03879,small_biz,211874.34,0.1273,0.0113,0.1034,0.0518,4.28,0.3038,1,1,0
u03880,freelancer,65003.5,0.5096,0.1711,0.0503,0.0636,4.81,0.4064,0,1,0
u03881,freelancer,62553.85,0.3874,-0.2028,0.0938,0.0554,1.93,0.1432,2,3,0
u03882,freelancer,46186.17,0.3349,-0.0296,0.1227,0.139,0.67,0.0481,1,3,1
u03883,small_biz,132401.2,0.2555,-0.0688,-0.0076,0.1296,0.59,-0.1608,1,4,1
u03884,salaried,103574.71,0.0505,0.0085,0.062,0.1905,6.57,0.338,0,0,0
u03885,freelancer,47985.99,0.374,0.0551,0.0413,0.0743,2.11,0.2203,1,3,0
u03886,freelancer,52242.99,0.1681,-0.0006,0.0469,0.066,0.53,-0.0932,0,2,1
u03887,salaried,92496.96,0.0338,0.0077,0.0598,0.1606,3.72,0.2406,0,0,0
u03888,salaried,52387.44,0.0676,0.0064,0.0405,0.5383,0.46,-0.5817,2,6,1
u03889,freelancer,88725.32,0.3336,-0.0392,0.0715,0.0783,6.07,0.4535,0,0,0
u03890,freelancer,80557.97,0.2626,0.1224,0.0529,0.0648,6.27,0.4723,0,0,0
u03891,salaried,81987.43,0.0544,0.0143,0.0523,0.416,3.12,-0.0398,0,5,0
u03892,salaried,93067.81,0.0665,-0.0254,0.037,0.2567,2.92,0.1696,0,0,0
u03893,salaried,86031.43,0.0267,-0.0096,0.1268,0.3058,-0.23,-0.3237,1,6,1
u03894,freelancer,66359.63,0.3945,-0.1314,-0.0031,0.1099,4.12,0.3327,0,2,0
u03895,freelancer,68815.6,0.263,-0.0889,0.0833,0.0981,2.12,0.1747,0,2,0
u03896,freelancer,80171.03,0.5419,0.078,0.1018,0.0757,7.79,0.5165,0,0,0
u03897,salaried,109652.62,0.0502,0.0087,0.038,0.3073,4.55,0.0405,0,1,0
u03898,freelancer,66227.15,0.2658,0.0623,-0.0126,0.0481,4.88,0.3767,1,1,0
u03899,small_biz,208105.69,0.1628,-0.0055,0.0067,0.1439,7.03,0.4263,0,0,0
u03900,small_biz,221082.71,0.1645,0.0519,0.0326,0.0974,5.97,0.3924,0,0,0
u03901,salaried,121042.43,0.0416,-0.0177,-0.0017,0.2587,2.44,-0.0478,1,2,0
u03902,salaried,88515.63,0.047,0.0177,0.0488,0.3738,1.45,-0.1063,0,6,0
u03903,salaried,53660.09,0.0878,0.0393,0.0329,0.4168,-0.4,-0.6749,2,6,1
u03904,salaried,114508.29,0.0509,-0.0152,0.0674,0.1114,4.53,0.3006,0,0,0
u03905,small_biz,192699.71,0.3448,-0.1407,0.0493,0.131,4.39,0.1846,1,2,0
u03906,freelancer,71986.32,0.3011,0.1114,0.0763,0.0435,8.31,0.4876,1,1,0
u03907,salaried,64843.61,0.042,-0.0166,0.0292,0.5233,0.94,-0.4666,3,6,1
u03908,freelancer,40528.04,0.4459,0.109,0.0201,0.18,1.02,0.0639,1,3,0
u03909,salaried,121010.25,0.0452,0.0183,0.0134,0.1045,3.95,0.2562,1,1,0
u03910,salaried,88441.51,0.0442,-0.0135,0.1315,0.1761,3.03,0.2257,0,0,0
u03911,salaried,78022.94,0.067,-0.0289,0.0962,0.1626,3.32,0.0579,0,2,0
u03912,freelancer,47670.78,0.5683,-0.2803,0.0563,0.1452,2.22,0.1853,1,2,0
u03913,small_biz,93887.01,0.2967,-0.0716,0.0308,0.2615,-0.35,-0.7172,2,6,1
u03914,small_biz,224433.37,0.1275,0.0321,0.0486,0.0751,6.88,0.4837,0,0,0
u03915,freelancer,52228.06,0.2242,-0.0548,0.0518,0.1529,1.18,0.1226,0,1,0
u03916,salaried,113511.98,0.0382,0.0022,0.058,0.1156,5.25,0.2863,0,0,0
u03917,freelancer,71782.42,0.3712,0.1689,0.0692,0.0155,8.51,0.5639,0,0,0
u03918,freelancer,70023.88,0.3804,0.063,0.0396,0.016,10.32,0.5998,0,0,0
u03919,small_biz,157455.54,0.1762,0.0213,0.016,0.1697,0.7,-0.143,2,4,1
u03920,freelancer,59357.16,0.2584,-0.1125,0.072,0.0292,4.67,0.4056,0,1,0
u03921,salaried,100518.37,0.0411,-0.0063,0.0896,0.3218,2.15,-0.0252,3,4,0
u03922,salaried,63309.23,0.0903,0.029,0.0925,0.4836,1.62,-0.379,3,6,1
u03923,small_biz,242559.18,0.1087,0.0155,0.0169,0.1044,4.33,0.2776,1,1,0
u03924,small_biz,121298.42,0.3865,0.01,0.0671,0.246,3.19,0.1303,0,3,0
u03925,freelancer,80756.14,0.2922,-0.0975,0.0165,0.0251,13.77,0.6866,0,0,0
u03926,freelancer,52057.0,0.5575,-0.1103,0.0519,0.0324,3.56,0.2686,2,3,0
u03927,freelancer,69808.46,0.357,-0.171,0.0824,0.0892,1.54,0.112,2,4,1
u03928,salaried,70090.97,0.0257,0.0046,0.0299,0.2429,1.04,-0.4594,2,6,0
u03929,salaried,69096.53,0.0091,-0.0002,0.0876,0.4227,0.01,-0.483,1,6,1
u03930,freelancer,82163.2,0.2284,-0.0146,0.0493,0.0844,3.95,0.2676,0,1,0
u03931,freelancer,55212.44,0.6146,-0.1622,0.1024,0.0035,1.43,0.0377,1,3,1
u03932,salaried,54670.47,0.0571,0.0321,0.0067,0.5394,1.11,-0.613,2,6,1
u03933,salaried,56670.91,0.0624,-0.0235,0.0859,0.3175,-0.72,-0.9203,4,6,1
u03934,small_biz,125127.01,0.3414,0.1067,0.0299,0.1969,1.02,-0.4893,1,5,1
u03935,salaried,75259.14,0.0416,0.0105,-0.0007,0.4198,1.86,-0.1255,4,6,0
u03936,salaried,87864.18,0.0322,0.0037,0.0478,0.2298,2.51,0.195,0,0,0
u03937,freelancer,42325.57,0.2305,0.0811,0.0025,0.0426,0.34,-0.1699,4,5,1
u03938,small_biz,138766.54,0.1444,0.006,0.0169,0.0841,1.61,-0.0121,2,3,1
u03939,small_biz,205219.88,0.4417,0.0153,0.0379,0.0661,2.08,0.1218,0,2,0
u03940,small_biz,126791.98,0.2846,0.0728,0.013,0.1647,-0.02,-0.2159,3,4,1
u03941,freelancer,77653.64,0.175,0.011,0.1244,0.0532,4.93,0.38,0,0,0
u03942,small_biz,119382.0,0.4236,-0.0084,0.0671,0.1478,0.46,-0.1805,1,4,1
u03943,small_biz,186946.55,0.2897,-0.0453,0.0333,0.1016,2.97,0.2179,1,2,0
u03944,salaried,62077.2,0.0398,0.0102,0.0247,0.2388,3.03,-0.1884,0,6,0
u03945,small_biz,157317.08,0.1945,-0.0386,0.0034,0.1319,4.66,0.3382,0,0,0
u03946,small_biz,75331.7,0.4444,-0.1468,0.0389,0.2625,-0.52,-0.767,1,5,1
u03947,freelancer,51938.39,0.2493,0.0963,0.0239,0.103,3.53,0.327,1,1,0
u03948,freelancer,94096.88,0.3452,0.1146,0.0749,0.0848,7.09,0.4622,0,0,0
u03949,salaried,74318.72,0.0455,0.0127,0.0479,0.3896,0.28,-0.1555,4,6,1
u03950,small_biz,133687.98,0.2463,-0.0168,0.0209,0.1435,2.64,0.0639,1,2,0
u03951,freelancer,70389.44,0.0981,-0.0421,0.0703,0.0397,2.55,0.1605,0,1,0
u03952,freelancer,46837.03,0.4437,-0.0552,0.0214,0.0378,2.32,0.216,0,3,0
u03953,small_biz,151193.45,0.3135,-0.1354,0.0842,0.1816,4.15,0.1635,1,2,0
u03954,salaried,109504.9,0.0519,-0.0134,0.0057,0.289,5.73,0.2427,0,0,0
u03955,small_biz,138180.66,0.1446,-0.0706,0.0149,0.1272,1.07,-0.2403,3,6,1
u03956,salaried,109064.48,0.0946,0.0194,0.0241,0.1876,5.26,0.2613,0,0,0
u03957,freelancer,37724.7,0.2054,0.0097,0.078,0.1349,0.99,0.1043,0,1,1
u03958,freelancer,36494.75,0.4292,-0.0657,0.0274,0.053,0.14,-0.2204,1,5,0
u03959,small_biz,139871.48,0.212,0.0083,0.0375,0.1813,1.04,-0.0821,0,4,0
u03960,salaried,95282.96,0.0685,-0.0228,0.0344,0.2842,3.12,0.0651,0,1,0
u03961,small_biz,110529.67,0.3373,0.1031,0.0602,0.1514,0.56,-0.2372,1,3,1
u03962,salaried,96001.38,0.0474,0.0092,0.1039,0.2876,2.38,0.0979,0,0,0
u03963,salaried,84727.64,0.0999,-0.0102,0.2751,0.3753,-0.23,-0.3236,1,6,1
u03964,salaried,73254.66,0.0788,-0.0169,0.0449,0.3185,0.93,-0.1976,2,5,0
u03965,freelancer,65203.16,0.584,-0.2524,0.0174,0.0817,1.66,0.1452,1,2,0
u03966,small_biz,150064.43,0.1311,-0.0044,0.0218,0.0723,5.35,0.3787,0,0,0
u03967,salaried,72730.41,0.0668,0.0191,0.1345,0.3771,1.56,-0.5468,4,6,1
u03968,freelancer,59627.98,0.3859,0.0114,0.0467,0.0149,2.1,0.0777,2,3,0
u03969,small_biz,210976.94,0.3251,0.1582,-0.0064,0.122,8.27,0.4993,0,1,0
u03970,salaried,114740.48,0.0793,0.0282,0.0235,0.1717,3.0,0.1428,0,0,0
u03971,salaried,119539.55,0.0351,-0.0132,0.0722,0.1456,5.53,0.2125,0,0,0
u03972,freelancer,63238.14,0.233,-0.041,-0.0092,0.0263,3.31,0.2892,0,1,0
u03973,salaried,55316.09,0.04,0.0152,0.1846,0.2646,-1.5,-0.7115,3,6,1
u03974,small_biz,151771.25,0.1664,0.0406,0.0495,0.0803,3.31,0.1459,0,1,0
u03975,freelancer,51952.09,0.2891,-0.0739,0.0258,0.062,-0.31,-0.1683,2,4,1
u03976,salaried,114502.95,0.0364,0.0032,0.03,0.1522,6.08,0.3252,0,0,0
u03977,freelancer,68032.83,0.4549,-0.0288,0.1088,0.0622,2.16,0.2119,0,2,0
u03978,freelancer,32544.42,0.2721,-0.0738,0.0423,0.2061,-0.84,-0.3997,5,5,1
u03979,small_biz,171867.19,0.3002,-0.1447,0.0206,0.1479,1.76,-0.0496,1,3,0
u03980,freelancer,48390.29,0.4542,-0.1988,0.0691,0.0899,0.97,-0.0698,1,5,0
u03981,salaried,84732.77,0.0451,0.0228,0.1373,0.3029,2.32,-0.108,2,6,0
u03982,small_biz,136156.12,0.2463,-0.0544,0.1058,0.1748,3.76,0.2188,0,1,0
u03983,small_biz,99453.36,0.4605,-0.0704,0.0006,0.246,0.28,-0.5098,2,5,1
u03984,small_biz,174020.33,0.3971,0.199,0.0212,0.0684,9.0,0.508,1,1,0
u03985,freelancer,39767.81,0.4442,-0.0143,0.0576,0.0393,1.58,0.0193,1,3,0
u03986,freelancer,65679.2,0.4122,-0.1068,0.0264,0.0544,3.66,0.2969,1,1,0
u03987,freelancer,47825.53,0.4735,0.1389,0.017,0.0623,2.59,0.1744,0,2,0
u03988,small_biz,163432.12,0.4685,-0.0294,0.0366,0.0934,2.77,0.1268,0,3,0
u03989,small_biz,161546.18,0.3204,0.0383,0.0306,0.124,1.75,-0.1589,2,3,0
u03990,freelancer,57283.42,0.2453,-0.1012,-0.0398,0.0308,2.26,0.1198,1,2,0
u03991,small_biz,138252.97,0.3417,-0.1272,0.0262,0.1886,0.99,-0.2945,3,5,0
u03992,freelancer,67467.62,0.209,-0.0174,0.132,0.0393,2.39,0.1871,1,1,0
u03993,small_biz,172477.25,0.3355,-0.0169,0.0043,0.1399,4.74,0.2552,0,1,0
u03994,freelancer,65854.36,0.1903,0.026,0.017,0.0691,5.89,0.3833,0,1,0
u03995,freelancer,49948.61,0.4685,-0.0712,0.0504,0.1253,0.82,-0.0367,1,4,1
u03996,salaried,55491.14,0.0755,0.0145,0.1971,0.4122,0.76,-0.5796,3,6,1
u03997,small_biz,170224.88,0.3427,0.0234,0.0315,0.0637,4.45,0.3142,1,2,0
u03998,small_biz,110910.9,0.4337,0.1629,0.0022,0.0991,0.22,-0.2988,1,4,1
u03999,salaried,98226.87,0.0262,-0.001,-0.0244,0.3493,1.04,-0.0582,4,6,0
u04000,freelancer,49135.63,0.1827,0.0154,0.0402,0.1422,1.93,0.0798,0,2,1
u04001,small_biz,208355.84,0.3067,0.0736,-0.0231,0.1299,6.13,0.3487,0,1,0
u04002,freelancer,48787.08,0.3466,-0.1488,0.0501,0.1613,1.36,0.0692,0,2,1
u04003,small_biz,101561.25,0.3571,0.038,0.054,0.1921,0.31,-0.6521,6,6,1
u04004,salaried,88272.54,0.0499,0.0001,0.0582,0.3252,2.82,0.0089,0,2,0
u04005,small_biz,202091.07,0.3403,-0.0347,0.054,0.1415,3.68,0.2055,0,1,0
u04006,salaried,114516.46,0.1011,-0.0182,0.26,0.2572,3.08,0.0994,0,1,0
u04007,salaried,95764.49,0.0555,0.022,0.0669,0.3525,3.25,0.0204,0,1,0
u04008,salaried,87611.88,0.0583,0.004,-0.0225,0.2584,1.89,-0.0583,4,4,0
u04009,freelancer,37277.69,0.5479,-0.0025,0.0069,0.0417,-0.24,-0.2368,2,5,1
u04010,freelancer,63767.79,0.4792,-0.0872,0.049,0.061,4.54,0.3237,2,2,0
u04011,freelancer,48139.69,0.2431,0.0425,-0.0131,0.0346,0.37,-0.1339,3,4,0
u04012,salaried,63667.17,0.0211,0.0052,-0.0058,0.2943,2.41,-0.0517,2,6,0
u04013,small_biz,185103.22,0.2231,-0.0453,-0.0057,0.1483,5.14,0.3355,0,1,0
u04014,salaried,58096.88,0.0791,0.0294,0.1075,0.3409,2.06,-0.2963,2,6,0
u04015,salaried,86365.71,0.0167,-0.0022,0.1724,0.1263,2.46,-0.0338,1,4,0
u04016,freelancer,72056.62,0.1772,0.0052,0.0484,0.0358,5.47,0.3434,0,0,0
u04017,salaried,118840.22,0.0361,0.0057,0.0424,0.2783,4.18,0.0243,1,3,0
u04018,small_biz,196191.58,0.2517,-0.0115,0.0543,0.0978,5.06,0.3293,0,0,0
u04019,small_biz,174512.67,0.403,-0.0726,-0.0019,0.1381,1.88,0.0331,1,3,0
u04020,freelancer,56758.49,0.5552,-0.1852,0.0103,0.0831,1.13,-0.0245,1,3,0
u04021,small_biz,201679.84,0.1794,0.0775,-0.0545,0.0513,6.03,0.4171,0,1,0
u04022,freelancer,37774.29,0.2021,-0.0583,0.0145,0.1792,-0.46,-0.2126,2,5,1
u04023,salaried,89726.43,0.0326,0.003,0.0062,0.2919,1.13,-0.1931,1,6,0
u04024,salaried,78283.07,0.0186,0.0039,0.0549,0.221,4.51,0.1285,0,0,0
u04025,small_biz,239543.04,0.2591,-0.0336,0.0583,0.1218,3.82,0.2747,1,2,0
u04026,freelancer,55311.59,0.245,0.005,-0.0113,0.0018,2.63,0.2044,2,2,0
u04027,freelancer,88187.76,0.1783,-0.0361,0.0399,0.0247,7.48,0.5194,0,0,0
u04028,freelancer,63267.85,0.2668,-0.0439,-0.0288,0.0897,1.76,0.0936,1,2,0
u04029,freelancer,93193.95,0.2653,-0.0809,0.1486,0.0239,9.71,0.5963,0,0,0
u04030,small_biz,209925.94,0.2706,-0.1323,0.0051,0.0645,7.93,0.4551,0,0,0
u04031,freelancer,55570.44,0.4936,-0.2238,0.0772,0.0446,5.05,0.4031,0,1,0
u04032,freelancer,68177.74,0.2134,0.0063,0.0844,0.0318,7.25,0.4581,0,0,0
u04033,freelancer,45504.87,0.4421,-0.127,0.0758,0.078,4.17,0.3167,2,2,0
u04034,salaried,81500.35,0.073,0.0072,0.0191,0.2369,0.79,-0.0685,2,3,0
u04035,salaried,76274.1,0.0799,0.0174,0.0174,0.4201,0.64,-0.1798,1,6,1
u04036,salaried,49994.2,0.065,0.0166,0.0234,0.4174,0.32,-0.604,3,6,1
u04037,freelancer,73790.35,0.449,-0.0961,0.0595,0.0392,3.71,0.2808,0,1,0
u04038,freelancer,49174.75,0.4037,-0.1193,0.0123,0.0489,3.68,0.3259,0,1,0
u04039,small_biz,135005.72,0.1754,0.0342,0.0534,0.2187,0.54,-0.0896,3,4,1
u04040,salaried,117345.65,0.0389,0.0159,0.0233,0.2225,3.88,0.0952,0,0,0
u04041,freelancer,73815.02,0.2388,0.0211,0.0663,0.0081,5.24,0.3558,0,1,0
u04042,small_biz,198753.25,0.395,0.1235,-0.008,0.1042,7.73,0.4878,0,0,0
u04043,small_biz,150757.42,0.2896,-0.0208,-0.0022,0.0857,4.75,0.2405,0,1,0
u04044,small_biz,145951.29,0.2611,-0.1049,0.0507,0.1976,1.85,0.0357,0,2,0
u04045,salaried,81286.13,0.0414,0.0044,0.1087,0.308,1.93,-0.2888,2,6,1
u04046,salaried,65394.73,0.0714,-0.0007,0.055,0.3357,0.52,-0.2378,4,5,1
u04047,freelancer,63769.14,0.1924,0.0084,0.0024,0.0886,1.67,0.1178,3,3,0
u04048,freelancer,55018.17,0.6246,-0.1188,0.1265,0.0738,0.37,-0.0072,4,4,1
u04049,salaried,104633.86,0.0345,-0.0049,0.008,0.2135,5.94,0.3573,0,0,0
u04050,freelancer,67797.95,0.2304,-0.0936,0.0354,0.0497,6.54,0.4907,0,0,0
u04051,freelancer,49526.2,0.2045,0.0292,0.0224,0.1379,1.37,0.0917,1,3,0
u04052,freelancer,63442.08,0.2441,-0.045,0.0292,0.0181,4.24,0.2911,0,1,0
u04053,small_biz,191128.89,0.2551,0.0695,0.0383,0.1152,4.67,0.3372,0,1,0
u04054,salaried,107933.0,0.0372,-0.0017,0.1293,0.2858,1.5,-0.0821,2,5,1
u04055,small_biz,103836.11,0.3624,-0.0344,0.0469,0.1504,1.88,-0.1734,0,3,1
u04056,small_biz,188268.49,0.4497,-0.1171,0.0469,0.1443,3.05,0.2164,0,2,0
u04057,small_biz,207999.9,0.0975,0.0344,0.0541,0.0622,2.08,0.0845,0,2,0
u04058,salaried,68989.38,0.038,-0.007,0.0374,0.4085,-0.19,-0.3337,3,6,1
u04059,salaried,78490.99,0.0377,-0.0029,0.0345,0.4005,3.08,-0.074,3,6,0
u04060,freelancer,57848.42,0.1128,0.0023,0.063,0.0738,0.62,-0.1006,1,4,1
u04061,small_biz,173497.34,0.2256,0.1182,0.0796,0.1627,1.99,0.0748,0,2,0
u04062,freelancer,43457.44,0.1573,-0.0546,0.0148,0.022,0.82,0.0509,1,2,0
u04063,salaried,77108.42,0.0439,0.0044,0.2602,0.3299,2.95,-0.1229,1,4,0
u04064,salaried,53818.56,0.0758,-0.0191,0.1673,0.4263,-0.04,-0.9271,1,6,1
u04065,freelancer,50140.45,0.4228,0.1293,0.0766,0.0174,-0.6,-0.3194,1,4,1
u04066,salaried,97408.3,0.0382,0.0094,0.0292,0.2935,3.35,0.2543,0,0,0
u04067,freelancer,53410.33,0.4478,0.0001,0.0794,0.0338,2.06,0.1421,0,3,0
u04068,salaried,75562.59,0.0537,0.0135,0.0058,0.1892,2.73,0.1445,0,0,0
u04069,freelancer,50941.53,0.4006,-0.0238,0.0374,0.1108,2.67,0.2598,2,2,0
u04070,small_biz,104913.71,0.143,0.0787,0.0566,0.1794,1.93,0.0959,0,1,0
u04071,small_biz,209103.19,0.3104,0.1306,0.0114,0.1013,8.98,0.5215,0,1,0
u04072,salaried,53728.89,0.0382,-0.003,0.0199,0.5452,-0.15,-0.6338,4,6,1
u04073,small_biz,121828.01,0.3263,-0.1522,0.0377,0.1964,0.45,-0.281,1,5,1
u04074,salaried,61042.75,0.051,0.0191,0.0241,0.5613,-0.29,-1.0157,3,6,1
u04075,salaried,67648.38,0.0168,-0.0039,0.0075,0.2217,2.6,0.0335,1,1,0
u04076,freelancer,68436.3,0.1784,0.0148,0.0329,0.0306,6.53,0.4941,0,0,0
u04077,salaried,68740.51,0.0545,0.0072,0.0315,0.4717,2.24,-0.4648,3,6,0
u04078,freelancer,61311.47,0.1612,0.0465,0.0425,0.013,7.2,0.4587,1,1,0
u04079,freelancer,80996.69,0.1773,-0.0437,0.0208,0.0175,5.27,0.4185,0,0,0
u04080,salaried,95452.09,0.0681,-0.0169,-0.0087,0.1434,6.36,0.3756,0,0,0
u04081,salaried,110379.75,0.0424,0.0129,0.1247,0.2554,4.23,0.1246,1,1,0
u04082,salaried,106034.12,0.0259,0.0142,0.0581,0.2728,2.95,0.0358,1,1,0
u04083,salaried,116113.47,0.0418,0.0131,0.0114,0.2562,1.29,-0.1491,2,4,0
u04084,salaried,83321.71,0.0341,0.0,0.0615,0.2053,1.26,0.025,1,2,0
u04085,small_biz,192273.36,0.2762,0.0535,-0.0051,0.0877,7.21,0.4185,0,0,0
u04086,small_biz,202546.39,0.3039,-0.0396,0.0249,0.0591,6.89,0.4053,1,1,0
u04087,salaried,109136.62,0.0176,0.0055,0.0071,0.1854,6.21,0.3307,0,0,0
u04088,freelancer,54739.89,0.3937,0.0063,0.0766,0.0237,3.59,0.2575,0,2,0
u04089,small_biz,88524.45,0.3511,-0.1256,0.0907,0.208,0.72,-0.1196,1,4,1
u04090,salaried,94933.78,0.0479,0.0218,0.188,0.3029,3.17,0.0788,0,0,0
u04091,freelancer,45299.43,0.3821,0.0265,0.1229,0.0561,1.57,0.0748,2,3,0
u04092,salaried,56187.48,0.0523,0.0105,0.0175,0.411,0.49,-0.3413,1,6,1
u04093,small_biz,168230.88,0.3838,0.0034,0.0085,0.154,3.63,0.2135,1,1,0
u04094,salaried,106984.97,0.0415,0.0171,0.2202,0.1603,0.22,-0.1385,1,5,1
u04095,small_biz,94315.18,0.3593,-0.0532,0.0271,0.2371,0.77,-0.4116,1,5,1
u04096,freelancer,50576.77,0.3759,0.051,0.013,0.1219,2.18,0.1768,0,2,0
u04097,small_biz,115492.47,0.462,0.2134,0.0582,0.1507,0.27,-0.5835,4,5,1
u04098,salaried,92864.94,0.0393,-0.0197,0.0125,0.1625,0.9,-0.1965,3,6,0
u04099,freelancer,42815.43,0.3866,0.083,0.1343,0.064,-1.4,-0.3051,3,4,1
u04100,salaried,108240.75,0.0402,0.0011,0.0549,0.246,4.92,0.2516,1,1,0
u04101,freelancer,90500.89,0.2704,0.0435,0.093,0.0141,7.85,0.5474,0,0,0
u04102,salaried,80688.79,0.0526,-0.0012,0.1473,0.3081,0.61,-0.5649,2,6,1
u04103,small_biz,133180.51,0.086,-0.036,0.013,0.1806,2.08,-0.0149,0,3,1
u04104,freelancer,65729.84,0.3127,-0.1199,-0.013,0.0395,3.44,0.2649,0,2,0
u04105,freelancer,48333.3,0.3726,0.0332,0.0241,0.1506,-0.77,-0.2812,3,5,1
u04106,small_biz,112441.53,0.1909,0.0254,0.0033,0.2293,-0.54,-0.4822,3,6,1
u04107,freelancer,36688.44,0.1891,0.0228,0.0091,0.1288,-1.76,-0.352,1,5,1
u04108,small_biz,201388.82,0.3688,-0.0053,0.0266,0.09,5.68,0.3479,1,1,0
u04109,small_biz,153488.88,0.2595,-0.0011,0.0557,0.1096,0.57,-0.1058,3,5,1
u04110,salaried,86779.51,0.0229,-0.0044,0.05,0.2523,2.97,-0.0344,2,5,0
u04111,salaried,58555.21,0.0859,0.0109,-0.0083,0.567,0.72,-0.6114,1,6,1
u04112,salaried,102647.17,0.0263,-0.0049,0.007,0.2132,3.57,0.2157,1,1,0
u04113,small_biz,134593.68,0.3416,-0.047,0.0064,0.1042,1.07,-0.0443,1,3,0
u04114,small_biz,161287.18,0.2878,-0.0435,0.0192,0.1627,5.19,0.3941,0,1,0
u04115,small_biz,231485.4,0.3723,0.1837,0.0272,0.0816,6.27,0.4184,1,1,0
u04116,salaried,116394.69,0.0215,0.001,0.0718,0.2294,5.95,0.276,0,0,0
u04117,salaried,97085.83,0.042,-0.0084,-0.0163,0.2339,3.29,0.2225,0,0,0
u04118,salaried,66357.77,0.0316,0.0093,0.0869,0.2549,1.87,-0.2877,2,6,1
u04119,freelancer,57787.41,0.5526,0.2359,-0.0214,0.045,3.08,0.2401,0,2,0
u04120,salaried,119099.74,0.037,0.0148,0.0337,0.2775,3.7,0.2451,0,0,0
u04121,freelancer,54087.42,0.2153,0.0219,0.0133,0.1193,-0.8,-0.1617,1,4,1
u04122,small_biz,154383.47,0.3067,0.1188,-0.0045,0.1017,4.45,0.2515,1,1,0
u04123,freelancer,77795.3,0.2844,0.0271,0.0633,0.0389,6.35,0.4266,1,1,0
u04124,salaried,85198.77,0.1016,0.0198,0.0387,0.3631,1.78,-0.0994,2,5,0
u04125,freelancer,69557.81,0.5377,0.1658,0.0295,0.0311,7.26,0.5187,1,1,0
u04126,salaried,103489.34,0.0912,0.027,0.0079,0.164,3.48,0.2742,0,0,0
u04127,freelancer,57187.67,0.3481,-0.0637,0.0387,0.0606,2.81,0.162,1,2,0
u04128,salaried,56710.65,0.0324,-0.0083,0.0017,0.2007,4.0,0.0165,1,1,0
u04129,freelancer,80784.37,0.6235,0.1301,0.0658,0.0325,9.61,0.6034,1,1,0
u04130,freelancer,59942.69,0.2676,-0.022,0.0148,0.0091,4.56,0.3598,0,1,0
u04131,freelancer,47031.61,0.3966,0.2294,0.1244,0.0765,3.05,0.2436,1,1,0
u04132,freelancer,47408.73,0.2371,0.0171,0.0967,0.0239,0.65,-0.0788,3,4,1
u04133,freelancer,69808.35,0.5543,-0.0899,0.0197,0.1113,3.5,0.3025,0,1,0
u04134,freelancer,33559.9,0.3605,-0.0708,0.0151,0.0293,0.92,-0.0499,0,4,1
u04135,freelancer,57703.75,0.3408,0.0741,0.0237,0.1233,3.17,0.2549,0,2,0
u04136,salaried,85152.02,0.0371,-0.0052,-0.0575,0.1402,1.89,-0.0438,2,2,0
u04137,freelancer,43602.35,0.2463,0.0211,0.0584,0.0135,0.61,-0.1132,2,5,1
u04138,small_biz,120108.77,0.238,0.1272,0.0509,0.1362,1.0,-0.4016,4,6,1
u04139,small_biz,100744.25,0.4306,0.0653,0.0345,0.1382,2.42,-0.0717,1,2,0
u04140,freelancer,50227.36,0.3018,-0.0676,-0.0295,0.092,2.11,0.1616,1,2,0
u04141,freelancer,37852.05,0.1835,0.0553,0.0271,0.1882,-0.49,-0.1366,2,5,1
u04142,small_biz,198583.21,0.1811,-0.0746,0.0586,0.1117,6.22,0.46,0,0,0
u04143,small_biz,189009.86,0.3546,-0.0931,-0.0103,0.1283,4.15,0.2637,0,2,0
u04144,freelancer,51332.67,0.1963,-0.0024,-0.0219,0.1384,1.19,0.1065,2,2,0
u04145,freelancer,34463.5,0.4263,-0.1851,0.0224,0.0517,2.13,0.1361,1,2,0
u04146,freelancer,59242.41,0.1701,-0.0922,0.0158,0.1199,3.81,0.354,0,0,0
u04147,salaried,54371.39,0.0412,-0.0049,0.013,0.4611,0.91,-0.5382,2,6,1
u04148,salaried,68104.19,0.0588,-0.0037,0.1447,0.2438,3.39,-0.0614,1,5,0
u04149,salaried,52445.49,0.0502,0.0173,0.0291,0.5042,-0.06,-0.5859,2,6,1
u04150,freelancer,38982.8,0.4056,0.0707,0.0658,0.0236,1.44,0.15,1,2,1
u04151,small_biz,211283.77,0.2603,-0.0936,0.0411,0.1409,3.74,0.224,0,1,0
u04152,salaried,78798.65,0.0482,0.0125,-0.0318,0.1509,1.47,-0.2379,0,6,0
u04153,salaried,96399.82,0.0217,-0.0104,0.0293,0.2259,3.15,-0.1577,3,6,0
u04154,freelancer,76542.29,0.3219,0.123,-0.015,0.0964,6.19,0.4658,0,0,0
u04155,small_biz,205306.95,0.2031,-0.0617,0.0945,0.0841,5.89,0.3818,0,1,0
u04156,small_biz,188060.89,0.285,-0.1132,0.0968,0.0948,4.11,0.1667,0,2,0
u04157,small_biz,237513.98,0.2069,0.0428,0.0281,0.124,3.83,0.2214,1,2,0
u04158,freelancer,64434.73,0.321,0.118,0.0685,0.0078,3.75,0.2792,0,2,0
u04159,small_biz,101270.77,0.2703,0.0857,0.0365,0.2865,-0.32,-0.4081,3,6,1
u04160,freelancer,58335.23,0.5871,0.0462,0.0255,0.1368,3.99,0.3365,1,2,0
u04161,small_biz,173378.85,0.3317,-0.071,0.0686,0.0598,4.69,0.2509,0,1,0
u04162,freelancer,87451.63,0.3155,-0.0329,0.0023,0.008,6.25,0.4345,1,2,0
u04163,freelancer,67119.51,0.3114,-0.1322,0.0849,0.1109,3.89,0.2498,1,2,0
u04164,small_biz,119768.65,0.1529,-0.0052,0.0785,0.2108,1.41,-0.3055,1,5,1
u04165,freelancer,52101.79,0.3965,0.0951,0.08,0.1427,2.5,0.2189,1,2,0
u04166,salaried,86661.12,0.0297,-0.0107,0.1294,0.3665,2.46,0.1547,0,0,0
u04167,small_biz,100200.53,0.2241,0.0513,-0.0046,0.2409,0.48,-0.2247,1,4,1
u04168,freelancer,75938.05,0.2692,-0.0303,0.0209,0.0754,0.52,-0.0102,1,4,0
u04169,salaried,76224.75,0.0363,-0.0108,-0.0117,0.3808,0.76,-0.2139,3,6,1
u04170,small_biz,166098.38,0.2725,-0.0372,0.0703,0.0701,0.77,-0.2426,1,5,1
u04171,salaried,92375.99,0.0316,0.0148,0.0235,0.1494,4.37,0.2326,0,0,0
u04172,freelancer,33776.97,0.1756,-0.0815,0.07,0.0325,-3.75,-1.2052,3,6,1
u04173,salaried,105479.86,0.0597,0.0307,0.0087,0.1832,4.11,0.2371,0,0,0
u04174,small_biz,231548.19,0.2757,-0.0817,0.0102,0.0884,6.24,0.3936,0,1,0
u04175,salaried,114377.74,0.0405,0.0105,0.0399,0.1425,8.0,0.4294,0,0,0
u04176,freelancer,74302.21,0.29,-0.0133,0.1041,0.0485,8.28,0.5461,0,0,0
u04177,small_biz,157125.42,0.2897,0.1216,0.0204,0.0852,3.3,0.1447,0,1,0
u04178,small_biz,98846.87,0.2302,-0.0452,0.0359,0.1937,0.17,-0.335,1,6,1
u04179,freelancer,84506.62,0.3685,0.1433,0.0376,0.0143,5.72,0.4374,0,0,0
u04180,freelancer,43211.0,0.3794,0.0701,0.0559,0.1241,-0.53,-0.4332,4,6,1
u04181,freelancer,54150.49,0.2806,-0.1285,0.0563,0.0243,4.39,0.4052,0,0,0
u04182,freelancer,47622.23,0.2344,-0.047,0.0846,0.0352,2.69,0.2368,1,2,0
u04183,salaried,88126.26,0.0597,0.001,0.0212,0.2735,2.54,0.1989,0,0,0
u04184,salaried,76821.4,0.0325,-0.0051,0.0831,0.2444,3.7,0.0121,2,3,0
u04185,small_biz,111429.24,0.2538,0.0433,0.0498,0.2416,0.2,-0.6743,1,6,1
u04186,freelancer,53388.55,0.1788,0.0475,0.0145,0.1017,2.27,0.2055,0,1,0
u04187,freelancer,71055.84,0.3917,-0.1105,0.0091,0.0069,5.01,0.3709,0,1,0
u04188,small_biz,182944.19,0.4516,0.0859,0.0403,0.1616,1.92,0.0124,2,3,0
u04189,small_biz,166873.43,0.2332,-0.0504,0.0613,0.0864,4.31,0.2534,1,1,0
u04190,small_biz,171164.11,0.4217,-0.0671,0.029,0.174,5.8,0.3828,1,2,0
u04191,small_biz,189637.23,0.3044,0.1005,0.0253,0.1117,1.93,0.1006,0,1,0
u04192,freelancer,61874.89,0.2337,-0.0343,0.1297,0.0875,3.87,0.3077,0,1,0
u04193,salaried,121310.67,0.0571,0.0253,0.016,0.2531,4.61,0.2182,0,0,0
u04194,freelancer,44626.14,0.2663,-0.0255,0.0378,0.0131,5.64,0.4351,1,1,0
u04195,freelancer,53162.37,0.5178,-0.2173,0.0807,0.0141,1.94,0.1835,0,2,0
u04196,small_biz,98976.75,0.2648,-0.0007,0.0329,0.2564,1.66,-0.2496,4,4,1
u04197,freelancer,56104.33,0.2137,-0.0362,0.0111,0.0952,2.43,0.1561,0,2,0
u04198,small_biz,168232.02,0.2219,0.0183,0.0197,0.0723,5.28,0.261,0,1,0
u04199,small_biz,141038.89,0.3026,0.0035,0.0448,0.1692,2.95,0.0707,0,2,0
u04200,salaried,104693.55,0.0423,0.0028,0.0116,0.1417,3.94,0.3209,0,0,0
u04201,freelancer,64027.7,0.1117,-0.0599,0.0763,0.028,1.7,0.0714,1,2,0
u04202,freelancer,64981.71,0.1235,0.0329,0.1096,0.0629,3.55,0.3118,0,1,0
u04203,small_biz,117073.37,0.3017,-0.0715,0.0091,0.1997,1.1,-0.3547,2,6,1
u04204,freelancer,59066.07,0.1661,0.0141,0.0783,0.0336,6.79,0.497,0,0,0
u04205,small_biz,217179.25,0.0709,-0.0001,0.0342,0.0916,8.07,0.5127,0,0,0
u04206,salaried,119975.97,0.0239,0.0059,0.0206,0.141,5.27,0.4075,0,0,0
u04207,small_biz,237570.5,0.1429,-0.0447,0.0429,0.0528,6.51,0.4543,0,0,0
u04208,freelancer,67412.08,0.4612,-0.2163,0.0969,0.0862,3.93,0.3446,0,1,0
u04209,salaried,98772.23,0.0301,0.006,0.0885,0.2391,3.58,0.242,0,0,0
u04210,salaried,116816.71,0.0679,0.0304,0.0255,0.175,4.83,0.3731,0,0,0
u04211,freelancer,48441.33,0.4457,0.0048,0.022,0.0254,3.38,0.3142,0,1,0
u04212,small_biz,123867.69,0.3996,-0.0527,-0.0033,0.0864,2.35,0.0839,0,3,0
u04213,salaried,88824.39,0.0418,0.0109,0.0203,0.179,3.5,0.0223,0,2,0
u04214,freelancer,73012.31,0.3625,-0.1095,0.0908,0.0788,8.73,0.5523,0,1,0
u04215,freelancer,55040.9,0.4206,0.1481,0.0022,0.1419,2.14,0.1495,2,3,0
u04216,freelancer,56057.93,0.1174,0.0106,0.0577,0.01,-0.49,-0.1727,1,3,1
u04217,salaried,57514.21,0.0514,0.0122,0.0564,0.3161,0.04,-0.2131,2,6,1
u04218,freelancer,68400.44,0.4676,-0.1771,0.1428,0.1165,3.42,0.2764,1,2,0
u04219,small_biz,110055.1,0.0842,0.0241,0.0698,0.1397,3.21,0.1421,0,1,0
u04220,freelancer,56986.69,0.3243,0.0756,0.0211,0.0709,5.02,0.373,0,2,0
u04221,small_biz,127396.52,0.538,0.0313,0.0082,0.1709,1.87,-0.2357,2,3,0
u04222,small_biz,152075.1,0.2135,0.0515,0.0526,0.1203,3.82,0.1796,1,1,0
u04223,freelancer,47449.43,0.2357,0.0517,0.1456,0.1024,0.08,-0.0973,1,4,1
u04224,freelancer,46234.26,0.4405,0.0948,0.0039,0.0217,2.89,0.1609,1,2,0
u04225,salaried,73187.84,0.038,-0.0167,0.007,0.3839,2.84,0.0299,1,2,0
u04226,salaried,102425.46,0.0238,-0.0117,0.1372,0.1144,5.27,0.2861,0,1,0
u04227,freelancer,50382.02,0.3591,-0.0527,0.0137,0.054,2.15,0.2153,1,2,0
u04228,freelancer,49286.39,0.2642,-0.0014,0.032,0.0152,5.05,0.4063,0,1,0
u04229,small_biz,184878.7,0.3854,-0.0444,0.0176,0.1348,5.47,0.4169,0,1,0
u04230,salaried,58284.36,0.0274,0.0087,0.0093,0.3883,-1.08,-0.6358,2,6,1
u04231,small_biz,106146.85,0.3057,-0.0218,0.0234,0.2485,1.01,-0.22,2,4,1
u04232,freelancer,54094.02,0.2239,-0.0104,0.0476,0.1461,2.61,0.2411,1,1,0
u04233,small_biz,125632.57,0.3327,0.1229,0.106,0.087,0.22,-0.1384,0,3,1
u04234,freelancer,49885.78,0.2378,0.0788,0.0386,0.1407,0.81,0.0177,0,2,0
u04235,salaried,69350.26,0.0686,-0.0345,0.0301,0.3757,0.27,-0.579,3,6,1
u04236,freelancer,26400.93,0.5786,-0.1717,-0.028,0.0831,-0.58,-0.2819,1,4,1
u04237,freelancer,55005.37,0.1814,0.0116,0.0089,0.0484,3.46,0.3213,0,0,0
u04238,small_biz,131957.08,0.1852,-0.0816,0.0075,0.2048,0.88,-0.3981,4,6,1
u04239,salaried,76692.95,0.0756,-0.011,-0.003,0.3767,1.24,-0.0025,1,3,0
u04240,salaried,87107.13,0.0553,0.0071,0.0789,0.13,2.34,-0.1765,3,5,0
u04241,small_biz,140261.1,0.3835,0.0637,0.0552,0.0853,3.71,0.1034,0,2,0
u04242,salaried,83229.71,0.0345,0.0023,0.0151,0.3769,1.61,-0.3197,3,6,0
u04243,salaried,116411.74,0.0495,0.004,0.0707,0.088,3.71,0.2352,0,0,0
u04244,small_biz,222357.52,0.349,0.167,0.0159,0.1107,3.89,0.2224,0,2,0
u04245,freelancer,38291.24,0.4298,0.1047,0.0795,0.1486,-0.15,-0.3333,1,5,0
u04246,freelancer,46829.81,0.2353,-0.0951,0.0717,0.1445,2.28,0.1595,1,2,1
u04247,small_biz,199508.27,0.3301,0.0854,0.0645,0.0898,6.62,0.3981,1,1,0
u04248,small_biz,169782.48,0.3046,0.0368,0.0193,0.1371,1.67,0.0323,0,2,1
u04249,freelancer,57281.3,0.297,0.1607,-0.0025,0.0405,2.45,0.1527,1,3,0
u04250,small_biz,114762.8,0.2937,-0.105,0.0132,0.1556,2.83,0.045,2,3,0
u04251,salaried,72435.14,0.0261,0.0104,0.0347,0.3322,0.84,-0.0982,1,6,0
u04252,salaried,64055.74,0.0302,0.0038,0.0687,0.3947,3.1,-0.0922,2,6,0
u04253,freelancer,68466.38,0.3115,0.102,0.0515,0.0105,11.27,0.6317,0,0,0
u04254,freelancer,47006.13,0.2424,0.0797,0.1495,0.1637,0.38,-0.1332,3,5,1
u04255,small_biz,175566.36,0.1413,0.0291,0.0469,0.145,3.47,0.1912,0,1,0
u04256,salaried,91927.23,0.0287,0.0039,0.0071,0.1875,2.07,-0.0019,0,1,0
u04257,salaried,95658.63,0.0645,-0.0077,0.0144,0.3019,1.12,-0.0317,0,3,0
u04258,freelancer,60906.41,0.3298,-0.1552,0.0456,0.113,1.52,0.1036,1,3,0
u04259,salaried,79258.92,0.0512,-0.0157,0.0177,0.1622,0.96,-0.0839,1,6,0
u04260,freelancer,51055.3,0.2744,0.0732,0.0553,0.1301,-0.16,-0.1131,2,4,1
u04261,small_biz,160861.28,0.2646,-0.035,0.0839,0.109,2.75,0.2099,0,1,0
u04262,freelancer,41371.63,0.3532,0.1095,0.0583,0.0091,4.6,0.3498,0,1,0
u04263,salaried,95154.52,0.0411,0.0084,0.0663,0.3545,1.32,-0.1033,1,6,0
u04264,freelancer,53011.67,0.3833,-0.0961,0.1092,0.0716,3.86,0.2896,0,2,0
u04265,small_biz,126803.36,0.2782,-0.1211,0.0647,0.0838,2.41,0.0958,1,3,0
u04266,freelancer,55908.85,0.1378,-0.0203,0.141,0.0105,2.74,0.2861,0,0,0
u04267,salaried,66499.49,0.0548,0.0107,0.0758,0.1734,0.69,-0.2774,2,6,1
u04268,freelancer,44266.86,0.4147,-0.1034,0.0256,0.0849,0.96,0.0431,1,3,1
u04269,small_biz,89945.75,0.4916,-0.2225,0.0308,0.1651,-0.1,-0.2666,1,4,1
u04270,small_biz,210049.61,0.3803,0.0807,0.0022,0.1119,5.29,0.3327,0,1,0
u04271,freelancer,70428.0,0.3739,-0.0564,0.0419,0.026,5.7,0.3804,0,2,0
u04272,salaried,117923.11,0.0287,0.0039,0.0437,0.152,4.26,0.3061,0,0,0
u04273,freelancer,73262.15,0.3613,-0.0623,-0.0077,0.0057,6.68,0.5122,0,0,0
u04274,small_biz,116099.01,0.5923,0.2421,-0.0376,0.099,1.86,-0.1826,1,3,0
u04275,salaried,114527.44,0.043,-0.0173,0.037,0.1874,7.04,0.3543,0,0,0
u04276,freelancer,46798.37,0.3534,-0.0064,0.0978,0.0713,0.17,-0.2328,2,5,1
u04277,small_biz,218328.69,0.2637,0.0753,0.0468,0.0633,4.98,0.3339,1,1,0
u04278,freelancer,59459.5,0.2306,-0.0605,0.0339,0.0859,5.38,0.4208,0,0,0
u04279,freelancer,76961.06,0.3685,-0.1554,0.031,0.1003,7.71,0.5139,0,1,0
u04280,freelancer,63251.87,0.2202,-0.0317,0.115,0.0759,4.39,0.3057,0,1,0
u04281,salaried,105736.1,0.0448,0.0201,0.0397,0.2341,4.94,0.3964,0,0,0
u04282,small_biz,210236.33,0.3113,-0.0664,0.0422,0.1357,2.59,0.0574,1,2,0
u04283,freelancer,45255.37,0.2587,0.0097,0.0192,0.0487,-0.14,-0.1497,2,3,1
u04284,small_biz,136992.62,0.3572,-0.0628,0.0478,0.1689,2.5,-0.0562,1,3,0
u04285,salaried,120494.62,0.0473,0.0229,0.0656,0.167,3.73,0.1936,0,0,0
u04286,freelancer,49076.81,0.1703,0.0848,0.0127,0.113,0.93,0.042,1,3,0
u04287,salaried,110250.94,0.069,-0.0042,-0.0126,0.1446,2.96,0.1386,1,1,0
u04288,small_biz,222381.53,0.1681,-0.0076,0.0173,0.0726,7.44,0.475,0,0,0
u04289,freelancer,62561.2,0.2851,0.0474,0.0542,0.0492,5.14,0.4301,1,1,0
u04290,small_biz,125081.45,0.4732,0.1095,0.079,0.1306,1.45,0.0357,0,3,0
u04291,small_biz,160115.67,0.2684,-0.0218,-0.0101,0.1478,7.12,0.4437,0,0,0
u04292,small_biz,93254.28,0.4008,-0.1369,0.0042,0.2189,-1.1,-0.8695,2,6,1
u04293,freelancer,80019.05,0.4641,-0.1322,0.0933,0.0838,2.21,0.1745,1,3,0
u04294,freelancer,58666.83,0.2864,-0.0721,0.0556,0.0872,3.59,0.3086,0,1,0
u04295,freelancer,51195.31,0.2658,-0.0732,-0.0255,0.1104,1.02,0.0215,2,3,0
u04296,small_biz,125293.15,0.4015,-0.0901,0.0399,0.1269,3.57,0.2039,1,2,0
u04297,freelancer,66835.63,0.385,0.1803,0.0268,0.0616,2.6,0.1617,1,3,0
u04298,small_biz,108029.45,0.3782,0.0284,-0.0047,0.2274,1.07,-0.4988,3,6,1
u04299,freelancer,35316.23,0.3691,-0.0955,0.0608,0.1282,1.77,0.0605,1,3,0
u04300,freelancer,57481.07,0.2461,-0.0777,0.0991,0.1351,3.14,0.2172,2,2,0
u04301,small_biz,163463.56,0.4049,0.0722,0.0391,0.0616,8.44,0.4577,0,0,0
u04302,freelancer,78968.87,0.1725,-0.0172,0.0335,0.0536,8.61,0.5585,0,0,0
u04303,freelancer,88565.52,0.3199,-0.0165,-0.0299,0.0195,8.6,0.5217,0,0,0
u04304,freelancer,59672.26,0.1225,-0.0483,0.0233,0.0279,6.94,0.4963,0,0,0
u04305,salaried,85566.41,0.0248,0.0049,-0.0033,0.1253,3.65,0.1429,0,0,0
u04306,freelancer,88997.69,0.2871,-0.1203,0.0743,0.0778,5.2,0.3047,1,2,0
u04307,freelancer,37887.17,0.394,-0.0889,0.1114,0.1135,0.66,-0.0941,3,4,1
u04308,salaried,90699.66,0.0711,-0.019,0.0552,0.1549,2.49,0.1272,0,0,0
u04309,small_biz,131669.17,0.1835,0.0009,0.046,0.124,2.49,0.1942,0,1,0
u04310,freelancer,44448.74,0.1538,-0.0185,0.0017,0.0819,0.51,-0.1516,2,4,1
u04311,freelancer,54680.43,0.4326,-0.1003,0.0421,0.1224,2.18,0.102,1,2,1
u04312,freelancer,74527.12,0.4648,0.0352,0.0812,0.0072,8.24,0.4881,0,1,0
u04313,salaried,86483.18,0.0586,-0.0151,0.0697,0.1277,1.37,-0.1056,1,6,0
u04314,freelancer,74155.56,0.1882,0.0032,0.0501,0.0858,2.69,0.2237,0,2,0
u04315,freelancer,76570.1,0.3529,-0.1132,0.0187,0.0375,8.29,0.4918,1,1,0
u04316,freelancer,86802.79,0.1598,-0.0386,-0.0229,0.0061,9.46,0.533,1,1,0
u04317,freelancer,79361.64,0.2843,0.0041,0.0885,0.0629,7.51,0.5284,0,0,0
u04318,salaried,69017.26,0.015,0.0012,0.0366,0.2416,-0.56,-0.4751,0,6,1
u04319,small_biz,158699.15,0.2234,0.0156,0.0381,0.1416,0.25,-0.1893,2,4,1
u04320,small_biz,184760.76,0.2986,-0.1605,0.0123,0.1622,3.31,0.1084,1,2,0
u04321,salaried,65367.2,0.058,0.0211,0.0008,0.2313,2.7,-0.0808,1,5,0
u04322,salaried,106185.61,0.0527,0.0222,0.0526,0.2195,4.7,0.0924,0,0,0
u04323,small_biz,119638.61,0.3182,0.0025,0.0852,0.2043,4.23,0.1902,0,2,0
u04324,small_biz,114297.95,0.4712,-0.0086,-0.0016,0.2084,1.37,-0.2274,1,4,0
u04325,salaried,111742.96,0.0308,0.0133,0.0367,0.1446,6.81,0.394,0,0,0
u04326,freelancer,51456.5,0.2731,0.0199,0.1301,0.029,0.15,-0.1605,3,4,1
u04327,small_biz,175841.33,0.4478,0.0576,0.0308,0.1283,1.88,0.1193,2,3,0
u04328,freelancer,63037.89,0.2398,-0.0276,0.0498,0.1057,3.88,0.3673,0,0,0
u04329,small_biz,157708.06,0.3617,0.0052,0.0598,0.0891,5.02,0.3461,2,2,0
u04330,salaried,95193.03,0.0548,0.026,0.0554,0.3562,2.1,0.0089,0,1,0
u04331,small_biz,198552.74,0.3189,-0.1112,0.0447,0.0895,5.52,0.3266,1,1,0
u04332,small_biz,90383.17,0.3207,-0.0714,0.0326,0.3207,-1.34,-0.7551,2,6,1
u04333,small_biz,117908.45,0.2123,0.0812,0.1122,0.2541,0.52,-0.136,2,3,0
u04334,freelancer,87385.54,0.0941,0.0287,0.0327,0.0351,9.88,0.593,0,0,0
u04335,salaried,61581.3,0.0734,0.0029,0.0691,0.4254,2.15,-0.2377,0,6,0
u04336,freelancer,36538.69,0.5918,-0.1179,0.0166,0.0058,1.84,0.1347,2,3,1
u04337,small_biz,86025.97,0.3629,0.1664,-0.0059,0.2449,-0.95,-0.5817,2,6,1
u04338,freelancer,80567.78,0.2955,0.003,0.1542,0.0565,3.17,0.2613,3,3,0
u04339,freelancer,75514.75,0.1416,-0.0176,0.0377,0.0022,7.41,0.5314,0,0,0
u04340,freelancer,70544.73,0.3127,-0.0777,-0.0266,0.0922,2.58,0.2196,0,1,0
u04341,freelancer,46324.04,0.4312,-0.0364,0.021,0.1524,1.36,0.0426,3,3,0
u04342,freelancer,35647.54,0.8246,-0.3948,-0.0063,0.1634,-1.77,-0.5982,3,4,1
u04343,freelancer,49970.22,0.2544,-0.0002,-0.0299,0.0636,2.94,0.2467,1,2,0
u04344,freelancer,52187.52,0.1934,0.0569,0.0058,0.0145,4.76,0.3847,0,0,0
u04345,salaried,69775.66,0.1044,0.0206,0.1577,0.2956,1.26,-0.1889,2,5,1
u04346,salaried,102173.46,0.0642,-0.0068,0.0506,0.2306,3.93,0.1556,0,0,0
u04347,freelancer,42137.41,0.4428,-0.2016,0.0846,0.0988,1.42,0.1092,1,2,0
u04348,salaried,69987.84,0.0357,0.0197,0.0523,0.3026,-0.47,-0.522,4,6,1
u04349,small_biz,200895.1,0.1413,0.0195,0.0449,0.1304,5.64,0.3235,0,0,0
u04350,freelancer,65256.88,0.2664,0.0932,0.0138,0.0302,5.76,0.4552,0,0,0
u04351,small_biz,150991.04,0.333,0.1279,0.0073,0.1238,4.78,0.2978,1,2,0
u04352,small_biz,162819.45,0.265,-0.0589,-0.0302,0.143,3.5,0.1315,0,2,0
u04353,freelancer,60445.98,0.4947,-0.2582,0.049,0.1123,2.51,0.2434,1,1,1
u04354,freelancer,72484.57,0.2155,0.0649,0.0141,0.0022,5.01,0.4045,0,0,0
u04355,salaried,98823.24,0.0601,0.005,-0.0403,0.3083,3.73,0.1098,0,0,0
u04356,freelancer,53270.36,0.17,0.0342,0.0714,0.1347,2.38,0.1606,0,1,0
u04357,freelancer,77730.2,0.4375,0.1947,0.0666,0.0056,4.79,0.413,1,1,0
u04358,freelancer,73519.86,0.1101,0.0095,0.0571,0.0666,2.97,0.1874,0,2,0
u04359,freelancer,82411.44,0.2042,-0.0505,-0.0012,0.0934,8.56,0.5435,0,0,0
u04360,freelancer,38415.66,0.3228,-0.1531,0.0386,0.1781,-0.39,-0.2749,1,5,1
u04361,freelancer,41243.19,0.5033,-0.0263,0.0653,0.0514,-0.22,-0.1196,1,4,1
u04362,small_biz,200892.86,0.138,-0.0423,0.0569,0.1033,1.84,0.0194,0,2,0
u04363,freelancer,66744.6,0.1705,0.0452,0.0866,0.0552,3.03,0.2632,0,0,0
u04364,small_biz,144370.45,0.1935,-0.0668,-0.0237,0.1946,1.9,-0.14,1,4,0
u04365,freelancer,88254.69,0.3021,0.0027,0.0466,0.0829,4.23,0.2718,0,2,0
u04366,salaried,51057.13,0.0609,0.007,0.048,0.2001,-0.31,-0.317,3,6,1
u04367,salaried,89877.55,0.0785,-0.0125,0.1037,0.2131,4.25,0.0588,1,2,0
u04368,freelancer,37305.97,0.6336,-0.0592,0.0046,0.2086,-2.64,-0.8184,4,5,1
u04369,salaried,48839.33,0.0441,-0.0113,0.0617,0.2831,-1.4,-1.1414,2,6,1
u04370,freelancer,72046.89,0.2644,0.0469,0.0132,0.005,6.6,0.4463,0,0,0
u04371,salaried,117268.95,0.0414,-0.0086,0.1479,0.1318,4.67,0.1135,1,2,0
u04372,salaried,98481.82,0.024,-0.0118,0.1398,0.1709,2.09,0.0332,2,3,0
u04373,small_biz,101034.36,0.251,-0.0482,0.0714,0.1331,0.48,-0.103,2,4,1
u04374,freelancer,46376.29,0.2789,-0.0259,0.0402,0.0047,-0.74,-0.2318,1,4,1
u04375,freelancer,61928.35,0.2561,-0.1376,-0.0079,0.0879,2.07,0.1329,1,2,0
u04376,freelancer,49999.64,0.5249,-0.1255,0.0298,0.073,4.56,0.358,2,3,0
u04377,small_biz,154308.71,0.2281,0.0446,0.0205,0.095,5.07,0.3088,0,1,0
u04378,freelancer,37833.13,0.5131,0.0671,0.0344,0.013,-0.98,-0.3414,2,4,1
u04379,small_biz,194588.62,0.218,-0.108,0.0553,0.1398,4.55,0.3265,0,0,0
u04380,small_biz,163057.74,0.4774,-0.1275,-0.0049,0.1067,3.33,0.0824,1,4,0
u04381,freelancer,58967.97,0.3866,-0.0385,0.0506,0.1057,2.95,0.2205,1,3,0
u04382,small_biz,95492.21,0.3084,0.0754,0.0508,0.2336,1.36,-0.2294,1,5,1
u04383,small_biz,138181.86,0.1902,-0.0324,0.0806,0.1591,1.74,-0.0234,3,4,0
u04384,small_biz,154875.61,0.2848,-0.1333,0.0313,0.1585,2.32,0.0821,1,3,0
u04385,salaried,78661.69,0.0261,0.0122,0.0251,0.385,2.77,0.0088,2,2,0
u04386,salaried,77552.05,0.0408,0.007,0.07,0.3275,1.62,-0.0475,4,5,0
u04387,salaried,103343.36,0.055,0.0243,-0.0269,0.1613,0.24,-0.1767,2,4,0
u04388,small_biz,217867.3,0.0614,-0.0277,0.0184,0.0524,4.35,0.2593,1,1,0
u04389,small_biz,187461.68,0.2324,-0.0828,0.0047,0.1424,2.77,0.106,0,3,0
u04390,freelancer,54408.88,0.2733,-0.1488,0.013,0.0545,1.69,0.1226,0,2,1
u04391,freelancer,65042.37,0.2885,-0.0277,0.0267,0.1092,2.44,0.2379,0,2,0
u04392,freelancer,54695.14,0.4451,-0.043,0.1512,0.1341,-0.67,-0.2311,2,3,1
u04393,freelancer,42424.62,0.3442,-0.0995,0.0973,0.0555,-1.22,-0.3012,4,5,1
u04394,salaried,99930.72,0.0883,0.0183,0.1028,0.224,2.42,-0.1474,3,6,0
u04395,freelancer,39842.91,0.2154,0.0283,0.0197,0.1051,-0.39,-0.287,1,5,1
u04396,salaried,62242.32,0.0684,0.0094,0.066,0.4344,-0.28,-0.2778,2,6,1
u04397,freelancer,37231.8,0.5611,0.0564,0.0309,0.0076,-0.3,-0.2466,2,3,1
u04398,salaried,105826.5,0.0496,0.0034,0.031,0.2528,6.54,0.3433,0,0,0
u04399,freelancer,80269.87,0.477,-0.0617,-0.0142,0.0495,4.06,0.2642,1,2,0
u04400,salaried,88420.77,0.0502,0.0237,0.0206,0.2994,2.76,-0.0374,3,5,0
u04401,salaried,86037.13,0.0833,-0.0299,0.0339,0.1519,1.27,-0.1858,3,6,1
u04402,small_biz,111858.41,0.1805,-0.0529,0.0403,0.129,2.03,0.0604,1,3,0
u04403,small_biz,101622.43,0.3643,-0.1689,0.0395,0.2125,1.22,-0.2406,1,4,0
u04404,salaried,67448.62,0.0696,0.0016,0.0626,0.1501,0.29,-0.3807,3,6,1
u04405,salaried,94943.34,0.0337,-0.0045,0.017,0.2762,4.29,0.119,0,0,0
u04406,small_biz,166808.07,0.296,0.0039,0.0329,0.1295,5.37,0.2988,0,1,0
u04407,salaried,74238.24,0.0315,-0.0111,0.0068,0.3519,2.4,0.0885,0,0,0
u04408,salaried,94716.19,0.0102,-0.0015,-0.0046,0.1875,0.69,-0.2852,3,6,0
u04409,salaried,106424.41,0.1144,-0.0008,0.0741,0.1753,3.54,0.1151,0,1,0
u04410,small_biz,85483.34,0.2954,-0.0491,0.0031,0.2409,-0.14,-0.5291,2,5,1
u04411,salaried,120783.66,0.0416,-0.0089,0.0089,0.1861,3.0,0.1331,0,0,0
u04412,salaried,89188.35,0.0548,-0.0021,0.0565,0.373,3.67,0.116,0,0,0
u04413,freelancer,70611.55,0.274,-0.0498,0.003,0.1017,2.38,0.151,0,2,0
u04414,freelancer,44393.51,0.3031,0.1092,0.1483,0.0513,1.25,0.0123,2,2,0
u04415,small_biz,239135.5,0.144,-0.0274,0.0594,0.0693,7.08,0.4331,0,0,0
u04416,salaried,105206.55,0.018,0.0053,-0.0009,0.3075,3.42,-0.0251,0,1,0
u04417,freelancer,52535.08,0.3447,0.0641,0.0836,0.0487,3.93,0.3383,0,0,0
u04418,freelancer,57518.38,0.4506,0.0181,0.0406,0.0703,4.3,0.3615,0,1,0
u04419,small_biz,178753.53,0.2114,0.0387,0.0807,0.0632,5.63,0.3845,0,1,0
u04420,small_biz,144329.98,0.247,0.123,-0.0316,0.1614,4.78,0.2633,0,1,0
u04421,salaried,89614.82,0.0486,-0.02,-0.0094,0.311,2.74,0.0791,0,0,0
u04422,freelancer,47974.34,0.417,-0.0967,0.0127,0.0506,2.32,0.2299,2,3,0
u04423,small_biz,248839.28,0.188,0.0904,0.0622,0.0419,5.66,0.3478,0,0,0
u04424,freelancer,68780.55,0.2276,-0.0806,0.0238,0.0465,6.21,0.4755,0,0,0
u04425,freelancer,70548.11,0.1865,-0.0197,0.041,0.0245,10.37,0.5959,0,0,0
u04426,salaried,65076.98,0.0375,0.0153,0.0482,0.1761,2.46,-0.1849,2,6,0
u04427,salaried,98215.4,0.0437,0.0168,0.0122,0.3275,2.71,-0.0928,4,6,0
u04428,salaried,60795.89,0.058,0.02,0.1346,0.381,-0.07,-0.2774,2,6,1
u04429,freelancer,52076.94,0.2432,0.0153,0.0286,0.0686,2.43,0.168,2,2,0
u04430,small_biz,125451.56,0.4005,-0.1691,0.0597,0.224,1.56,0.0092,1,3,0
u04431,freelancer,58711.87,0.3396,0.0509,0.0781,0.0514,1.27,0.0014,1,3,1
u04432,small_biz,163408.79,0.2254,0.003,0.0149,0.1113,2.07,0.1154,3,3,1
u04433,small_biz,112374.14,0.2747,0.0063,0.0838,0.1686,1.02,-0.2059,3,5,1
u04434,freelancer,35652.22,0.2473,-0.0074,0.042,0.1378,-0.76,-0.3242,2,5,1
u04435,freelancer,37641.28,0.152,-0.0133,0.0546,0.155,0.04,-0.133,1,4,1
u04436,salaried,83364.11,0.0381,-0.0113,-0.0289,0.1802,4.4,0.3303,0,0,0
u04437,salaried,104284.04,0.0352,-0.0056,0.0018,0.2694,2.01,0.0304,1,3,0
u04438,freelancer,62518.47,0.3398,0.0677,0.0878,0.0078,6.72,0.4999,1,1,0
u04439,small_biz,97223.61,0.523,0.1403,0.0055,0.1046,1.26,-0.1077,3,5,0
u04440,small_biz,90890.51,0.436,0.0174,0.0187,0.3185,-1.14,-0.8071,3,6,1
u04441,salaried,108178.83,0.0366,0.0032,0.1302,0.2701,2.84,0.1831,0,0,0
u04442,freelancer,87367.6,0.5667,-0.042,0.1767,0.0232,6.53,0.4731,1,1,0
u04443,salaried,108239.59,0.0646,0.018,0.1048,0.3158,2.55,0.0786,1,1,0
u04444,freelancer,48307.15,0.319,-0.1361,-0.0209,0.1106,0.87,-0.057,1,3,1
u04445,small_biz,101249.37,0.3225,-0.0071,0.0122,0.2851,-1.1,-0.7723,4,6,1
u04446,small_biz,158007.5,0.1237,-0.063,0.0207,0.0809,3.63,0.1371,0,1,0
u04447,small_biz,113026.37,0.5603,0.2732,0.0129,0.1286,-0.23,-0.2515,1,4,0
u04448,salaried,57817.37,0.0265,-0.0148,0.0472,0.4554,1.28,-0.3274,2,6,1
u04449,salaried,67508.15,0.0884,0.0033,0.0981,0.3563,1.61,-0.0978,3,6,0
u04450,freelancer,29862.02,0.4204,0.2058,0.0406,0.1901,-0.75,-0.4695,2,5,1
u04451,freelancer,51162.09,0.4382,0.1435,0.0556,0.1354,-0.18,-0.2269,1,3,0
u04452,freelancer,49679.87,0.4828,0.1366,0.0869,0.0994,3.14,0.2097,0,2,0
u04453,small_biz,241964.05,0.0857,-0.037,0.0527,0.0898,7.58,0.4864,0,0,0
u04454,freelancer,47857.84,0.4729,0.212,0.062,0.1498,1.34,0.0373,1,3,1
u04455,salaried,97166.41,0.0541,0.0201,0.1225,0.2341,3.41,0.1545,0,0,0
u04456,freelancer,76379.95,0.2143,0.0201,0.0446,0.1047,8.42,0.5717,0,0,0
u04457,salaried,89100.52,0.0724,-0.0129,0.2039,0.1323,3.39,0.129,0,1,0
u04458,small_biz,210732.64,0.0822,0.0105,0.0199,0.0485,7.93,0.4367,0,0,0
u04459,small_biz,170214.14,0.3711,0.0278,0.0058,0.1621,3.31,0.2437,1,2,0
u04460,freelancer,45092.25,0.1609,-0.0477,0.104,0.0479,2.87,0.27,1,1,0
u04461,freelancer,41443.64,0.5439,0.078,0.0383,0.0313,-0.72,-0.1884,0,3,1
u04462,small_biz,175552.59,0.1698,0.0459,-0.0077,0.1204,2.74,0.01,1,3,0
u04463,small_biz,201473.02,0.2328,-0.1016,0.0063,0.1171,4.28,0.1801,1,1,0
u04464,small_biz,160870.62,0.2799,0.0531,-0.0155,0.0792,4.53,0.3601,1,1,0
u04465,freelancer,58374.25,0.398,0.0164,0.0487,0.0556,0.18,-0.0153,1,2,0
u04466,freelancer,59972.34,0.1615,0.0615,0.0487,0.056,4.99,0.4259,0,0,0
u04467,freelancer,44063.8,0.4764,-0.0175,0.0002,0.0859,0.8,0.0663,2,3,1
u04468,small_biz,110999.98,0.169,-0.0493,0.0461,0.1255,1.34,0.0502,2,3,0
u04469,freelancer,79598.49,0.2554,0.0389,0.0001,0.0505,6.01,0.4855,0,0,0
u04470,freelancer,67179.4,0.2715,-0.0515,0.0893,0.0846,1.5,0.0821,1,2,0
u04471,salaried,82463.66,0.0257,0.0007,0.01,0.1419,2.72,0.0982,0,0,0
u04472,salaried,107618.93,0.0529,-0.0264,0.0258,0.1335,6.6,0.4169,0,0,0
u04473,salaried,84647.48,0.0678,0.0149,0.0947,0.2817,1.7,-0.1607,2,6,0
u04474,salaried,61917.48,0.0361,0.0017,0.0389,0.5598,-0.64,-0.3798,3,6,1
u04475,salaried,59277.39,0.0293,0.0098,-0.0041,0.4105,0.96,-0.2329,0,6,1
u04476,freelancer,72111.22,0.2111,-0.054,0.03,0.0539,2.8,0.2788,0,0,0
u04477,freelancer,37748.95,0.1793,-0.0783,0.0584,0.1864,0.38,-0.0036,1,3,1
u04478,freelancer,64718.52,0.4029,0.1469,0.001,0.084,6.32,0.4526,0,1,0
u04479,small_biz,153155.02,0.3185,0.0939,0.0794,0.0994,1.77,0.0059,2,3,0
u04480,salaried,89715.0,0.0728,0.0277,0.0049,0.3836,1.52,-0.0152,2,4,0
u04481,freelancer,42022.74,0.3224,-0.0193,0.0402,0.0379,3.28,0.2321,1,2,0
u04482,salaried,76993.59,0.0331,0.0152,0.0387,0.2875,0.6,-0.1261,2,6,1
u04483,freelancer,52314.55,0.2983,-0.0384,-0.0208,0.0974,2.49,0.1953,0,2,0
u04484,salaried,88037.66,0.0393,0.0129,0.1129,0.3285,-0.17,-0.2796,1,6,1
u04485,freelancer,55968.74,0.1615,0.0504,0.1597,0.0767,1.56,0.1234,1,2,0
u04486,salaried,54382.32,0.0383,0.0111,0.1193,0.5031,-0.66,-0.5156,2,6,1
u04487,freelancer,48803.31,0.5963,-0.1985,-0.0173,0.1424,1.98,0.1483,0,4,0
u04488,salaried,117528.77,0.0341,0.0167,0.0344,0.2906,6.13,0.329,0,0,0
u04489,freelancer,36333.0,0.3194,0.09,0.0666,0.2018,0.11,-0.1802,3,5,1
u04490,small_biz,197947.31,0.3104,0.0282,0.0019,0.1117,4.11,0.1817,1,2,0
u04491,salaried,76982.12,0.056,0.0153,0.0865,0.324,3.39,-0.0161,2,4,0
u04492,freelancer,80150.02,0.145,0.0615,0.0216,0.0174,12.76,0.6721,0,0,0
u04493,small_biz,216923.2,0.2337,0.0731,0.0653,0.0635,7.3,0.3974,0,1,0
u04494,freelancer,38780.64,0.2579,-0.0224,0.0568,0.0807,-0.74,-0.3444,1,4,1
u04495,salaried,76582.1,0.047,-0.0091,-0.0127,0.3082,1.5,-0.0539,1,5,0
u04496,small_biz,144656.38,0.2496,-0.0255,0.0648,0.1656,2.85,0.026,1,3,0
u04497,salaried,111779.83,0.0418,0.0171,-0.0005,0.1439,6.81,0.4514,0,0,0
u04498,small_biz,174736.57,0.2334,0.0197,0.0294,0.1568,3.24,0.0736,0,2,0
u04499,freelancer,74467.54,0.2728,-0.021,0.0099,0.0099,8.2,0.4919,0,0,0
u04500,small_biz,126842.14,0.3333,0.0218,0.0502,0.1515,1.15,-0.0236,1,3,0
u04501,small_biz,115422.63,0.1536,-0.025,0.0497,0.2093,0.81,-0.3744,2,6,1
u04502,freelancer,68523.34,0.2305,-0.0859,0.0613,0.0127,4.19,0.2888,1,2,0
u04503,small_biz,169925.29,0.4006,0.1104,0.0072,0.134,3.91,0.2837,1,2,0
u04504,freelancer,63863.36,0.2869,0.0817,0.0431,0.0986,2.69,0.2244,1,1,0
u04505,salaried,70770.97,0.054,0.021,0.0408,0.4125,-0.42,-0.4191,2,6,1
u04506,salaried,69950.16,0.0567,-0.0214,0.0907,0.262,1.71,-0.2,3,6,1
u04507,freelancer,79742.63,0.12,0.021,-0.0204,0.0043,9.98,0.5909,0,0,0
u04508,freelancer,56069.09,0.5499,0.0853,0.0378,0.0519,4.74,0.4091,1,2,0
u04509,salaried,109521.23,0.0346,0.0165,0.0,0.2241,3.91,0.2185,0,0,0
u04510,freelancer,73853.71,0.3119,0.0621,0.0078,0.064,3.79,0.3188,0,1,0
u04511,small_biz,197557.85,0.3735,0.1577,0.0154,0.1105,6.77,0.4188,0,1,0
u04512,small_biz,251732.77,0.2981,0.0394,0.0326,0.1124,5.26,0.3202,0,1,0
u04513,salaried,61714.84,0.0818,-0.0027,0.0065,0.3956,1.51,-0.4952,1,6,1
u04514,salaried,113438.65,0.0397,0.0017,0.0237,0.2994,1.95,-0.0439,1,2,0
u04515,freelancer,73765.1,0.4655,0.0571,0.0397,0.0233,9.07,0.5291,0,1,0
u04516,small_biz,240665.7,0.3616,0.1088,0.0609,0.1127,6.8,0.422,0,1,0
u04517,freelancer,44134.53,0.2656,0.0897,0.0975,0.152,1.18,-0.0311,0,3,0
u04518,small_biz,206258.68,0.4073,-0.1009,0.0385,0.0672,5.86,0.3565,0,1,0
u04519,small_biz,200469.83,0.1031,0.0227,0.0308,0.0725,7.25,0.487,0,0,0
u04520,salaried,76290.89,0.0868,-0.0294,0.0693,0.4366,0.76,-0.2359,5,6,1
u04521,salaried,83710.39,0.0344,-0.0047,0.0881,0.199,1.88,0.0185,2,3,0
u04522,small_biz,80835.42,0.4174,0.1621,0.0645,0.185,-1.84,-1.2769,3,6,1
u04523,freelancer,71571.24,0.4682,0.0303,-0.0019,0.0569,3.39,0.2078,0,2,0
u04524,salaried,62857.51,0.066,-0.013,0.0912,0.4685,1.15,-0.4782,1,6,1
u04525,small_biz,80979.42,0.4668,-0.1706,0.0638,0.2415,-0.12,-0.9034,2,5,1
u04526,small_biz,124646.13,0.3995,0.1825,0.0318,0.1229,3.4,0.091,1,2,0
u04527,small_biz,170731.67,0.3091,-0.0606,0.0692,0.065,3.38,0.2464,2,2,0
u04528,small_biz,158113.45,0.2312,0.1159,0.0016,0.0795,4.37,0.2781,0,1,0
u04529,freelancer,52546.79,0.2776,0.0633,0.0294,0.0317,3.53,0.3265,0,1,0
u04530,freelancer,59100.76,0.2536,-0.0499,-0.0441,0.1099,2.47,0.1808,1,3,1
u04531,freelancer,48805.46,0.2569,-0.1243,0.0819,0.0648,0.59,0.0317,1,2,0
u04532,small_biz,174248.59,0.2447,-0.1003,-0.0161,0.1126,3.22,0.2612,1,2,0
u04533,small_biz,120988.72,0.3021,0.0514,0.01,0.1976,1.01,-0.3905,3,5,1
u04534,salaried,84462.49,0.0565,0.0004,-0.0212,0.3965,0.4,-0.3437,2,6,1
u04535,salaried,97856.11,0.039,-0.0152,0.0088,0.1433,3.4,0.1142,1,1,0
u04536,small_biz,111829.16,0.3069,-0.1587,0.0035,0.1826,1.84,-0.1289,0,3,0
u04537,salaried,92845.03,0.052,0.0098,0.105,0.2535,2.97,-0.1151,3,6,0
u04538,salaried,83611.63,0.0203,0.0041,0.1166,0.1234,2.61,-0.1739,3,6,1
u04539,freelancer,55631.52,0.2705,-0.1417,-0.0269,0.0065,5.6,0.4271,0,1,0
u04540,freelancer,83608.25,0.1763,-0.0759,-0.0163,0.0432,4.9,0.348,0,1,0
u04541,salaried,86742.31,0.0516,0.0111,0.1225,0.389,2.21,-0.1347,3,3,0
u04542,small_biz,139386.74,0.2714,0.0908,0.0569,0.1288,4.66,0.266,0,1,0
u04543,small_biz,157132.15,0.5526,-0.2066,-0.0233,0.1437,1.61,-0.0232,2,2,0
u04544,freelancer,48828.87,0.3486,0.0846,0.0373,0.0839,-0.62,-0.1348,2,4,1
u04545,freelancer,77545.21,0.2391,-0.0622,0.0402,0.0587,7.6,0.4491,0,1,0
u04546,salaried,105237.14,0.045,0.0044,0.0161,0.1644,5.72,0.3686,0,0,0
u04547,small_biz,105916.06,0.2869,-0.0952,0.0181,0.1635,1.58,0.0373,0,2,0
u04548,salaried,77839.43,0.0799,0.0143,0.0071,0.2219,2.42,-0.0633,1,3,0
u04549,freelancer,52769.47,0.1362,-0.057,-0.007,0.0359,1.76,0.1229,1,1,0
u04550,freelancer,74037.76,0.2974,0.019,0.1161,0.0802,4.63,0.326,0,1,0
u04551,small_biz,173712.91,0.2516,0.0734,0.0002,0.113,5.45,0.4152,1,1,0
u04552,small_biz,200264.0,0.2585,-0.0276,0.0595,0.1446,6.24,0.3585,1,1,0
u04553,salaried,57613.51,0.0244,0.0019,0.0767,0.5097,0.59,-0.4368,4,6,1
u04554,freelancer,70656.64,0.2593,-0.0719,0.0523,0.0003,5.46,0.3737,0,0,0
u04555,salaried,87265.18,0.0279,-0.0124,0.0745,0.3947,2.02,-0.2862,3,6,0
u04556,small_biz,172876.55,0.338,0.0098,0.0001,0.092,4.56,0.2471,0,2,0
u04557,freelancer,31957.45,0.2765,0.153,0.1203,0.0083,-1.05,-0.4007,2,4,1
u04558,salaried,83030.85,0.0452,0.0166,0.0977,0.4091,3.42,-0.0801,1,3,0
u04559,small_biz,202448.98,0.2771,0.0712,0.051,0.1406,4.24,0.2507,1,2,0
u04560,freelancer,37587.19,0.3036,0.1074,0.0569,0.0431,-1.36,-0.5846,0,6,1
u04561,small_biz,132860.88,0.5109,0.2032,0.0159,0.1195,-0.38,-0.3202,3,4,1
u04562,salaried,65140.3,0.0478,-0.017,0.0016,0.2787,-0.89,-0.6435,1,6,1
u04563,freelancer,59152.5,0.3255,0.0557,0.0803,0.0396,2.12,0.1766,0,2,0
u04564,salaried,89834.1,0.0285,-0.0132,0.0278,0.3587,1.71,0.0225,1,2,0
u04565,salaried,62934.85,0.0661,0.0151,0.1025,0.5415,0.04,-0.8241,2,6,1
u04566,freelancer,40409.57,0.3863,-0.0116,0.0625,0.0051,-0.55,-0.3683,0,5,1
u04567,small_biz,125085.67,0.3978,0.1102,0.0325,0.2135,0.26,-0.1455,2,5,1
u04568,small_biz,155598.37,0.1476,-0.0068,-0.0201,0.0739,6.26,0.355,0,0,0
u04569,freelancer,74977.71,0.2481,0.0075,0.0284,0.0607,7.82,0.451,0,2,0
u04570,freelancer,44103.45,0.4414,0.015,0.0192,0.0249,1.76,0.1113,1,3,0
u04571,small_biz,80631.57,0.5364,-0.0951,-0.0049,0.2629,-0.39,-0.7646,0,5,1
u04572,freelancer,45323.73,0.2948,-0.0717,0.0003,0.1448,-0.85,-0.3539,2,5,1
u04573,salaried,110866.22,0.0494,-0.0203,0.0325,0.1808,7.06,0.4808,0,0,0
u04574,salaried,85944.29,0.0407,0.0128,0.0102,0.2154,3.98,0.013,1,1,0
u04575,salaried,70788.83,0.0421,-0.0037,0.1582,0.4847,1.05,-0.2111,2,6,1
u04576,small_biz,242393.66,0.2108,-0.0044,-0.0166,0.0556,9.41,0.5765,0,0,0
u04577,freelancer,84499.23,0.1982,-0.0722,0.0381,0.0096,7.41,0.5177,0,0,0
u04578,salaried,85307.13,0.0538,-0.0262,0.0337,0.2313,3.67,-0.0772,4,5,0
u04579,salaried,59114.2,0.0579,0.019,0.1692,0.4549,1.35,-0.5146,2,6,1
u04580,salaried,53862.53,0.0265,0.0037,0.0129,0.3931,-0.76,-0.6238,1,6,1
u04581,small_biz,144058.45,0.1695,-0.072,-0.0181,0.1267,2.67,0.1197,2,2,0
u04582,small_biz,111387.74,0.2725,-0.1467,0.0207,0.1743,0.16,-0.5053,2,6,1
u04583,small_biz,114282.85,0.2881,0.0847,0.0329,0.2123,-0.04,-0.531,3,5,1
u04584,salaried,53227.8,0.036,-0.0043,0.0444,0.4312,-1.13,-0.4964,1,6,1
u04585,salaried,77764.18,0.0527,0.0064,-0.0432,0.4069,1.8,-0.2797,1,6,0
u04586,freelancer,46007.46,0.2472,-0.0506,0.038,0.0888,0.12,-0.1752,1,5,1
u04587,salaried,86972.46,0.0405,-0.005,0.0391,0.1842,5.08,0.1642,1,1,0
u04588,freelancer,45324.19,0.3909,-0.1519,0.0832,0.1665,1.68,0.1186,1,3,0
u04589,freelancer,37437.3,0.4731,0.0813,0.0966,0.036,0.79,-0.0444,1,3,0
u04590,freelancer,66900.6,0.1524,-0.058,0.0219,0.1065,5.61,0.427,0,0,0
u04591,freelancer,59406.62,0.3582,-0.0274,0.0374,0.0417,4.16,0.3383,0,1,0
u04592,salaried,119101.37,0.0266,0.0108,-0.0185,0.2033,7.2,0.3631,0,0,0
u04593,salaried,63189.0,0.0394,0.0064,-0.0237,0.3304,0.9,-0.6655,3,6,1
u04594,small_biz,197623.94,0.1864,0.031,0.0276,0.0635,9.89,0.5449,0,0,0
u04595,salaried,113130.6,0.0493,0.0086,0.0701,0.0916,6.87,0.384,0,0,0
u04596,salaried,75099.25,0.0561,0.0239,0.0123,0.4198,0.86,-0.2546,6,6,1
u04597,freelancer,51194.24,0.2227,0.115,0.0369,0.1238,5.15,0.3856,0,0,0
u04598,small_biz,163819.18,0.4463,0.0223,0.015,0.1523,2.41,0.1003,1,2,0
u04599,salaried,89232.91,0.0534,-0.0238,0.0424,0.1434,3.19,0.0173,0,1,0
u04600,freelancer,66805.21,0.3375,0.1516,0.0292,0.0979,0.16,-0.0224,2,4,0
u04601,small_biz,228114.08,0.2676,-0.0795,0.0358,0.1252,5.48,0.3675,1,1,0
u04602,small_biz,109686.36,0.3713,0.0329,0.0672,0.252,1.57,-0.1394,2,3,0
u04603,freelancer,73750.18,0.4395,0.2241,-0.0003,0.1056,3.55,0.2533,2,2,0
u04604,small_biz,105268.95,0.2856,-0.0854,0.0464,0.198,2.24,-0.12,2,4,0
u04605,small_biz,211005.36,0.107,0.0116,-0.0027,0.0629,6.11,0.4022,0,0,0
u04606,freelancer,80382.15,0.3482,0.0632,0.0738,0.0375,7.69,0.5168,0,0,0
u04607,small_biz,112915.98,0.1496,-0.056,0.043,0.1211,3.09,0.137,1,2,0
u04608,small_biz,178688.39,0.3269,-0.1206,0.0039,0.1466,5.1,0.2944,1,1,0
u04609,freelancer,58005.14,0.2646,-0.1276,0.0113,0.0036,3.16,0.2229,0,2,0
u04610,freelancer,64894.01,0.2477,0.0274,0.0752,0.0254,5.51,0.3943,0,0,0
u04611,small_biz,119976.93,0.1268,-0.0524,-0.0105,0.1938,0.46,-0.4576,3,6,1
u04612,small_biz,155924.19,0.2224,0.0314,0.025,0.1309,1.85,-0.0519,2,4,0
u04613,freelancer,80818.44,0.2968,-0.13,0.0744,0.0557,5.44,0.3858,0,1,0
u04614,small_biz,118589.83,0.1632,0.0201,0.0451,0.1004,1.63,-0.1312,3,4,0
u04615,small_biz,121148.88,0.2441,0.0289,0.0325,0.2121,1.1,-0.226,1,3,1
u04616,salaried,112386.29,0.0581,-0.0133,0.1034,0.2865,1.06,-0.1404,1,5,0
u04617,freelancer,68799.77,0.3218,-0.0661,0.0222,0.0295,6.84,0.4954,0,0,0
u04618,small_biz,209099.48,0.4347,-0.0606,0.047,0.0562,3.15,0.1473,2,2,0
u04619,small_biz,241442.78,0.4217,-0.0586,0.0131,0.0698,7.36,0.4196,1,1,0
u04620,freelancer,56405.4,0.57,0.001,-0.0132,0.0842,3.32,0.2234,0,2,0
u04621,salaried,83113.81,0.025,0.0094,0.0736,0.2998,0.49,-0.1088,1,6,1
u04622,freelancer,72401.45,0.113,-0.039,0.0493,0.0386,8.07,0.543,0,0,0
u04623,salaried,104560.65,0.0328,0.0092,0.0384,0.1918,7.34,0.3984,0,0,0
u04624,salaried,102332.21,0.0234,0.0064,0.1719,0.1454,5.36,0.3332,0,0,0
u04625,freelancer,75313.51,0.1972,0.0463,0.0695,0.0314,8.06,0.5114,0,0,0
u04626,small_biz,167955.64,0.1601,-0.0044,0.0278,0.1521,4.12,0.1963,0,1,0
u04627,small_biz,149268.93,0.2295,-0.0037,0.0398,0.1485,4.79,0.3392,0,0,0
u04628,freelancer,55693.81,0.1868,-0.0348,0.1028,0.0795,2.25,0.2267,1,1,0
u04629,salaried,106090.4,0.0487,0.0062,0.0385,0.1793,3.02,0.048,1,1,0
u04630,salaried,101951.24,0.0471,0.0104,-0.0023,0.1436,2.04,-0.0268,1,4,0
u04631,freelancer,50697.42,0.535,0.1956,0.0726,0.1005,3.25,0.1998,1,2,0
u04632,small_biz,199440.77,0.2813,-0.1071,-0.0483,0.0612,5.45,0.3393,1,1,0
u04633,freelancer,72479.65,0.1527,-0.0722,-0.015,0.0947,2.24,0.1547,0,1,0
u04634,freelancer,67773.62,0.6042,0.0878,0.0934,0.0344,1.62,0.1665,1,4,0
u04635,small_biz,113935.38,0.3666,0.132,0.0277,0.1821,0.89,-0.1852,2,4,1
u04636,salaried,119763.09,0.0512,-0.0013,0.0436,0.2845,3.09,0.1949,0,1,0
u04637,small_biz,199900.59,0.2533,0.0877,0.0395,0.1463,4.37,0.227,2,2,0
u04638,freelancer,65650.1,0.5251,-0.1501,0.0537,0.041,4.37,0.304,1,3,0
u04639,freelancer,40605.16,0.2661,-0.0944,0.0924,0.1191,1.31,0.0833,1,2,1
u04640,freelancer,44457.17,0.2957,0.0384,0.0891,0.118,-0.4,-0.1522,2,5,1
u04641,freelancer,66048.27,0.251,-0.0944,0.0611,0.0969,3.09,0.2068,1,2,0
u04642,freelancer,44139.64,0.2937,0.0697,0.0179,0.1681,1.29,0.0119,2,2,1
u04643,freelancer,49321.72,0.1578,-0.0452,0.0459,0.0055,1.62,0.1107,1,2,0
u04644,small_biz,214830.58,0.2396,-0.1004,0.0176,0.063,6.03,0.375,0,0,0
u04645,small_biz,103904.86,0.2373,-0.055,0.0423,0.1273,1.28,-0.3669,1,5,1
u04646,salaried,97836.29,0.0509,-0.0236,0.1365,0.1453,5.45,0.3113,0,1,0
u04647,freelancer,45683.8,0.3726,0.0767,0.0146,0.0192,2.47,0.2179,0,2,0
u04648,freelancer,42084.32,0.134,0.0653,0.0258,0.1419,-0.22,-0.3003,1,5,1
u04649,salaried,96574.46,0.0348,-0.005,0.1068,0.2562,3.22,0.0328,0,1,0
u04650,small_biz,170422.93,0.2679,-0.075,0.0057,0.1469,3.74,0.1508,1,1,0
u04651,small_biz,251999.37,0.0859,0.0407,0.0547,0.1163,7.44,0.4889,0,0,0
u04652,freelancer,57015.0,0.319,0.0805,-0.0038,0.1388,5.11,0.4178,0,0,0
u04653,small_biz,127269.43,0.4106,0.0194,0.058,0.2097,-0.52,-0.4671,1,4,1
u04654,freelancer,66672.91,0.572,-0.1256,0.0082,0.0877,5.95,0.427,1,2,0
u04655,salaried,92593.05,0.0264,-0.0012,0.0663,0.2947,3.62,0.1314,0,0,0
u04656,freelancer,75690.54,0.2567,-0.096,0.0706,0.0192,2.72,0.1419,1,2,0
u04657,salaried,82064.6,0.0363,0.0188,0.007,0.2924,1.69,-0.2372,2,6,0
u04658,small_biz,131606.93,0.3668,0.1697,0.0626,0.1366,1.17,-0.2473,0,4,1
u04659,freelancer,50555.69,0.3127,-0.0696,0.0499,0.03,2.8,0.177,0,2,0
u04660,salaried,92037.12,0.0248,0.0089,0.0361,0.1437,2.88,0.0826,0,1,0
u04661,freelancer,60011.34,0.0696,0.0128,0.1202,0.0089,1.15,-0.0115,0,2,1
u04662,small_biz,188021.25,0.2954,0.1319,0.0578,0.0958,3.85,0.2512,1,2,0
u04663,salaried,76550.88,0.1225,0.0019,0.0653,0.3548,-0.52,-0.4782,3,6,1
u04664,salaried,84693.79,0.0555,-0.0078,0.0098,0.2503,2.59,0.1777,0,0,0
u04665,salaried,97055.32,0.0116,-0.0044,0.0952,0.1846,1.96,0.0151,0,1,0
u04666,salaried,69975.49,0.0575,-0.0113,0.1171,0.2013,1.19,-0.1239,2,6,1
u04667,small_biz,223110.13,0.3701,-0.1364,0.0591,0.0524,8.93,0.5578,0,1,0
u04668,small_biz,221711.99,0.2842,0.1428,0.036,0.1288,3.26,0.2081,1,1,0
u04669,small_biz,141048.04,0.1385,0.0211,0.0717,0.1167,2.02,-0.1414,1,5,0
u04670,freelancer,38117.43,0.4105,0.144,0.0573,0.0285,2.69,0.2113,0,1,0
u04671,freelancer,33291.66,0.4738,-0.1634,0.0095,0.0005,-0.36,-0.1514,1,3,0
u04672,freelancer,31029.14,0.5178,-0.1936,0.067,0.062,-2.03,-0.6622,3,5,1
u04673,freelancer,47903.2,0.3952,-0.2176,0.0841,0.1033,3.92,0.3313,1,1,0
u04674,freelancer,71189.74,0.262,-0.0409,0.0489,0.0817,3.64,0.3487,0,0,0
u04675,salaried,70208.34,0.0578,0.0099,0.0246,0.2765,0.73,-0.13,3,6,1
u04676,small_biz,126268.7,0.3727,0.1243,0.0287,0.1524,3.63,0.1179,0,1,0
u04677,salaried,86801.94,0.0633,0.011,0.0621,0.3673,2.9,-0.0585,3,5,0
u04678,small_biz,163860.02,0.2948,-0.0764,0.0041,0.0911,1.97,0.0563,0,2,0
u04679,freelancer,67900.54,0.376,-0.1082,0.0024,0.0747,1.71,0.0494,2,4,0
u04680,small_biz,114482.29,0.1203,0.0047,0.0058,0.0978,-0.2,-0.5549,3,6,1
u04681,small_biz,231993.39,0.2438,-0.0917,-0.0097,0.0503,3.45,0.2315,0,1,0
u04682,freelancer,71444.89,0.1234,0.0178,0.0283,0.0091,5.88,0.4514,0,0,0
u04683,freelancer,53249.29,0.2995,-0.1131,0.0688,0.0887,1.63,0.0393,1,3,0
u04684,salaried,94606.35,0.06,0.0018,-0.0051,0.3147,2.48,0.1206,0,0,0
u04685,salaried,80342.03,0.0168,-0.0074,-0.0019,0.316,1.48,0.0138,0,2,0
u04686,small_biz,133868.94,0.3847,-0.1062,0.0203,0.2171,-0.57,-0.3938,2,5,1
u04687,small_biz,114278.15,0.3606,0.0434,0.032,0.1919,1.06,-0.2099,1,3,0
u04688,freelancer,64703.76,0.309,-0.005,0.1037,0.1136,5.07,0.3893,0,1,0
u04689,freelancer,44823.2,0.3628,0.0484,0.0703,0.0258,1.86,0.1383,2,3,0
u04690,salaried,86869.1,0.0642,0.0132,0.0263,0.3104,1.75,0.0972,0,1,0
u04691,freelancer,64170.33,0.142,0.0118,0.0464,0.0891,3.13,0.248,0,1,0
u04692,salaried,88638.8,0.0507,-0.0258,0.1408,0.3105,2.59,-0.1125,1,5,0
u04693,freelancer,45710.35,0.3104,0.1598,-0.0023,0.1128,1.43,-0.007,2,4,0
u04694,freelancer,61887.9,0.1401,-0.0628,-0.054,0.1229,3.2,0.2745,0,0,0
u04695,salaried,70041.35,0.0366,-0.0114,0.0375,0.2784,2.77,-0.1628,3,6,0
u04696,salaried,112495.82,0.0429,-0.0169,0.0086,0.2807,2.47,-0.1129,2,3,0
u04697,freelancer,63086.15,0.2959,0.0212,0.0434,0.0885,5.65,0.425,0,0,0
u04698,freelancer,59740.83,0.2637,0.0763,-0.0007,0.0852,1.0,-0.0051,1,3,0
u04699,freelancer,64895.49,0.1717,-0.058,0.0235,0.0986,2.99,0.236,1,1,0
u04700,freelancer,52793.78,0.3715,-0.1235,0.0554,0.1156,3.29,0.2086,0,1,0
u04701,salaried,94646.67,0.0783,0.0387,0.0716,0.1529,4.87,0.2021,0,0,0
u04702,salaried,58468.07,0.0621,-0.0317,0.0372,0.3728,-0.05,-0.821,2,6,1
u04703,small_biz,112443.08,0.127,0.027,-0.0007,0.255,2.34,0.0285,1,3,0
u04704,salaried,74965.22,0.053,-0.0034,0.0292,0.2276,4.31,0.1748,0,0,0
u04705,small_biz,158119.63,0.1296,0.0532,0.0415,0.0814,3.5,0.235,0,0,0
u04706,freelancer,88399.83,0.2779,0.1008,0.033,0.024,4.84,0.3686,0,1,0
u04707,small_biz,209617.06,0.3139,-0.0237,0.0254,0.0535,6.54,0.4465,0,0,0
u04708,freelancer,76700.66,0.177,0.0608,-0.0436,0.0603,6.74,0.4465,1,1,0
u04709,small_biz,235336.44,0.1617,0.0021,0.0588,0.0951,8.81,0.5169,0,0,0
u04710,freelancer,60369.63,0.5184,-0.1615,0.0366,0.1247,0.49,0.02,0,2,1
u04711,freelancer,34067.61,0.5185,0.2807,0.089,0.1792,-2.09,-0.7915,2,6,1
u04712,small_biz,187898.48,0.0742,0.012,0.0126,0.1156,5.92,0.3546,0,0,0
u04713,salaried,94162.06,0.0817,0.0079,0.0464,0.2339,4.61,0.1237,1,1,0
u04714,freelancer,69262.24,0.2486,-0.0616,-0.0127,0.071,7.57,0.5314,0,0,0
u04715,salaried,98408.83,0.0663,0.0023,0.0678,0.1397,3.69,-0.0258,0,2,0
u04716,small_biz,83991.62,0.3144,0.018,-0.0218,0.3219,-0.74,-0.6256,3,6,1
u04717,freelancer,46352.34,0.5619,-0.2933,0.0951,0.1289,1.75,0.0392,2,3,0
u04718,freelancer,54516.77,0.4278,-0.1407,0.0776,0.0329,2.49,0.268,0,1,0
u04719,small_biz,194004.71,0.2668,-0.0021,0.0486,0.0988,3.22,0.2027,0,2,0
u04720,small_biz,169964.55,0.2677,0.0591,0.0364,0.1296,1.71,-0.0732,2,4,1
u04721,freelancer,51320.25,0.2396,0.0562,0.0652,0.1175,3.97,0.3213,1,1,0
u04722,freelancer,71955.44,0.2499,-0.0499,0.0506,0.0315,2.17,0.1734,1,1,0
u04723,freelancer,40946.99,0.3967,-0.1909,0.04,0.0939,0.66,-0.0028,1,3,1
u04724,small_biz,234968.41,0.1913,0.0471,0.04,0.0813,4.33,0.2398,0,1,0
u04725,freelancer,46004.44,0.1852,-0.049,0.0916,0.0954,-0.1,-0.2229,3,5,1
u04726,small_biz,120581.2,0.3652,-0.116,0.0252,0.1463,0.71,-0.1151,2,3,1
u04727,salaried,104048.33,0.0505,0.0079,0.0176,0.3172,0.68,-0.1482,2,6,1
u04728,freelancer,42832.52,0.1632,-0.0033,0.0032,0.0352,-0.92,-0.2987,1,6,1
u04729,small_biz,96154.54,0.3497,-0.1048,0.0216,0.3008,-0.71,-0.4547,2,5,1
u04730,salaried,86416.71,0.0492,0.0241,0.0576,0.3733,0.65,-0.4619,1,6,1
u04731,freelancer,80486.5,0.202,-0.0545,0.0364,0.0791,6.12,0.4859,0,0,0
u04732,salaried,97441.35,0.0195,0.0069,0.0244,0.2301,3.74,-0.0331,2,5,0
u04733,small_biz,168954.1,0.4409,-0.1729,0.0144,0.1072,2.37,0.0219,1,3,0
u04734,freelancer,64087.61,0.4929,0.0213,-0.0428,0.0011,3.45,0.3435,0,1,0
u04735,freelancer,73717.98,0.2756,0.001,0.0695,0.0949,5.06,0.4102,0,1,0
u04736,freelancer,60112.72,0.2785,-0.0602,0.0575,0.0981,2.88,0.26,0,1,0
u04737,salaried,109396.59,0.0189,-0.0032,0.033,0.2615,3.42,0.172,0,0,0
u04738,salaried,112726.46,0.0332,-0.0126,0.0043,0.2497,2.34,0.1329,0,0,0
u04739,freelancer,54058.81,0.3389,0.0887,0.008,0.0513,0.48,0.0028,1,4,1
u04740,freelancer,65458.86,0.3871,-0.064,0.0345,0.0309,5.45,0.4544,1,1,0
u04741,small_biz,144653.86,0.1071,0.0233,0.0321,0.1742,2.09,-0.0474,2,4,0
u04742,salaried,100702.76,0.0051,-0.001,0.008,0.1855,1.48,-0.117,2,6,0
u04743,freelancer,40052.98,0.1449,-0.0607,0.054,0.1433,-0.39,-0.222,3,4,1
u04744,salaried,89476.29,0.0387,0.0081,-0.0169,0.2201,1.85,0.1079,0,0,0
u04745,salaried,59049.42,0.0263,-0.0115,0.015,0.4982,0.13,-1.118,3,6,1
u04746,freelancer,82127.07,0.4691,0.1335,0.0736,0.0945,3.69,0.3224,1,2,0
u04747,freelancer,76390.39,0.0644,-0.0221,-0.0072,0.0942,4.43,0.3864,0,0,0
u04748,freelancer,71991.96,0.1131,0.0151,0.0871,0.1034,3.19,0.2518,0,1,0
u04749,small_biz,223922.97,0.2032,-0.0427,0.0702,0.1021,10.3,0.5553,0,0,0
u04750,freelancer,82262.88,0.1737,-0.046,0.0342,0.0749,4.21,0.38,0,0,0
u04751,small_biz,214853.02,0.1239,0.0166,0.0228,0.1231,6.12,0.3206,0,0,0
u04752,small_biz,177125.72,0.2197,-0.0704,0.0058,0.0902,4.79,0.2035,0,1,0
u04753,salaried,58267.24,0.0328,-0.0093,0.1941,0.3831,-1.3,-1.0467,1,6,1
u04754,freelancer,55676.42,0.3606,0.0086,0.1563,0.0453,3.41,0.2597,1,2,0
u04755,freelancer,54946.01,0.2673,-0.1413,0.0264,0.0249,1.11,0.0474,1,2,1
u04756,freelancer,38284.1,0.3534,0.1093,0.0387,0.1645,-0.71,-0.2984,2,4,1
u04757,freelancer,65511.17,0.4591,0.1554,0.0196,0.0011,6.62,0.4468,1,1,0
u04758,small_biz,162657.91,0.2416,-0.0497,0.0372,0.1427,3.35,0.0962,2,2,0
u04759,small_biz,184161.47,0.3085,0.1496,0.0503,0.1314,5.86,0.3552,1,1,0
u04760,small_biz,87343.53,0.1525,-0.0639,0.0345,0.2944,0.08,-0.8805,3,6,1
u04761,freelancer,53724.44,0.3272,-0.0715,0.0115,0.1074,3.27,0.216,0,2,0
u04762,freelancer,42550.6,0.2583,-0.1492,0.0359,0.131,0.14,-0.0995,1,3,1
u04763,freelancer,59717.81,0.2968,0.0401,0.0665,0.0305,3.87,0.3502,0,1,0
u04764,freelancer,58974.37,0.3246,0.0369,0.022,0.0188,3.9,0.3069,1,1,0
u04765,freelancer,94234.48,0.138,-0.0174,0.0737,0.0109,9.17,0.5194,0,1,0
u04766,freelancer,49390.2,0.217,-0.05,0.1053,0.0788,-0.09,-0.1424,3,4,1
u04767,freelancer,77489.15,0.2294,-0.05,0.0111,0.089,4.47,0.334,0,1,0
u04768,small_biz,175388.95,0.1241,0.0,0.0549,0.1083,0.94,-0.1172,1,4,1
u04769,freelancer,32827.66,0.5858,-0.0995,0.0162,0.0969,-0.04,-0.2706,1,4,1
u04770,small_biz,186366.63,0.2224,-0.017,-0.011,0.0861,2.68,0.0653,2,3,0
u04771,salaried,116880.96,0.0298,0.0045,0.0989,0.2461,4.2,0.2995,0,0,0
u04772,salaried,84700.6,0.0469,-0.007,0.0016,0.3192,1.21,-0.0908,3,5,0
u04773,salaried,66585.34,0.0351,-0.0083,0.0437,0.3277,2.87,0.0424,0,0,0
u04774,freelancer,76509.97,0.2884,-0.0829,0.0777,0.0533,5.72,0.3644,0,0,0
u04775,salaried,102530.21,0.069,-0.01,0.0357,0.3393,4.01,0.0719,0,0,0
u04776,small_biz,108298.76,0.3567,0.0401,0.0516,0.1326,3.72,0.1905,0,2,0
u04777,salaried,99536.31,0.0586,-0.0201,-0.0354,0.3182,1.68,0.0505,1,1,0
u04778,freelancer,51100.89,0.245,-0.0058,-0.0226,0.0459,5.19,0.4135,0,0,0
u04779,salaried,83336.22,0.0414,0.015,0.008,0.2106,2.88,-0.1362,4,6,0
u04780,small_biz,178495.5,0.4064,0.0923,0.0248,0.0881,5.49,0.3562,1,2,0
u04781,small_biz,176609.07,0.3043,0.0312,0.0072,0.1017,4.84,0.2696,1,1,0
u04782,freelancer,53268.74,0.465,-0.1117,-0.0341,0.0629,0.84,0.0641,1,2,1
u04783,small_biz,192091.44,0.3475,0.0522,0.059,0.1064,7.3,0.4033,0,1,0
u04784,freelancer,48642.66,0.2551,-0.0937,0.0305,0.0872,3.36,0.2479,0,2,0
u04785,salaried,119076.02,0.0388,0.0128,0.1068,0.1698,2.01,0.0905,0,0,0
u04786,small_biz,185576.07,0.1856,-0.0825,0.0083,0.128,6.31,0.3819,0,0,0
u04787,small_biz,215042.34,0.3337,0.0111,-0.0027,0.0871,7.0,0.4905,0,1,0
u04788,small_biz,257057.5,0.2015,0.0223,0.0295,0.0445,5.87,0.3968,0,0,0
u04789,small_biz,127800.24,0.2191,0.0709,0.0528,0.1615,1.77,-0.0387,0,2,0
u04790,salaried,85711.51,0.04,0.0184,0.1163,0.2044,1.14,-0.098,2,2,1
u04791,small_biz,197013.27,0.4464,-0.2478,0.0677,0.0935,4.32,0.2299,0,2,0
u04792,salaried,91916.68,0.0421,0.0187,0.0216,0.2556,3.57,0.0163,0,2,0
u04793,freelancer,50584.93,0.2079,-0.0568,0.1494,0.0331,0.77,0.0384,0,1,1
u04794,small_biz,134346.82,0.2885,-0.0102,0.064,0.186,1.21,-0.1435,2,5,1
u04795,salaried,102179.47,0.035,-0.0037,0.0341,0.2804,3.19,-0.1499,3,5,0
u04796,salaried,54650.96,0.0306,0.0139,0.0099,0.2307,2.29,-0.1466,2,6,0
u04797,freelancer,62605.84,0.3042,0.0382,0.0827,0.0226,8.18,0.5663,0,0,0
u04798,salaried,68598.42,0.0402,-0.0038,0.0221,0.486,0.79,-0.2788,4,6,1
u04799,small_biz,216460.49,0.2553,-0.1343,-0.0099,0.1098,6.46,0.4116,0,1,0
u04800,freelancer,55380.9,0.2972,-0.0799,0.0791,0.0204,2.47,0.1847,1,1,0
u04801,freelancer,55894.95,0.3823,-0.1835,-0.0264,0.1265,4.26,0.2859,1,2,0
u04802,freelancer,86087.29,0.2452,0.1057,0.0035,0.0444,6.88,0.4928,0,0,0
u04803,salaried,112932.55,0.0264,0.0005,0.1542,0.2672,2.43,-0.0967,1,3,0
u04804,freelancer,74759.37,0.1654,0.0299,0.0472,0.0672,2.62,0.2694,0,1,0
u04805,salaried,105937.58,0.0277,0.0088,0.015,0.1876,3.42,0.181,0,0,0
u04806,freelancer,44212.38,0.2524,-0.0065,0.0766,0.0452,2.47,0.1609,0,1,0
u04807,freelancer,60707.19,0.1918,-0.0055,0.073,0.0903,3.09,0.2066,0,1,0
u04808,freelancer,46352.37,0.2612,0.04,0.0597,0.0196,3.88,0.2807,1,1,0
u04809,salaried,56163.61,0.1154,0.0059,-0.0224,0.5383,-0.43,-1.0397,1,6,1
u04810,small_biz,98654.14,0.4993,-0.043,-0.0172,0.1452,0.34,-0.5671,2,4,1
u04811,salaried,88776.4,0.0368,-0.0063,0.1245,0.179,1.52,-0.1244,0,4,0
u04812,freelancer,48463.73,0.3423,0.0369,0.0719,0.1143,1.45,0.1453,2,2,0
u04813,freelancer,38852.16,0.3157,-0.0058,0.0613,0.0112,2.23,0.1159,1,2,0
u04814,freelancer,81968.09,0.3708,0.0058,0.0598,0.0811,4.34,0.3353,0,2,0
u04815,small_biz,106493.36,0.3094,-0.1358,0.0541,0.1306,0.78,-0.1744,2,3,1
u04816,freelancer,53579.96,0.3542,-0.0419,0.1204,0.1174,2.67,0.1944,0,2,0
u04817,freelancer,62903.54,0.3144,-0.0255,0.0274,0.0999,4.47,0.3772,0,0,0
u04818,small_biz,148535.15,0.348,0.116,0.0208,0.1053,1.22,-0.0215,2,3,0
u04819,salaried,111261.1,0.0669,-0.0285,0.0364,0.2337,2.7,0.1249,0,1,0
u04820,salaried,77909.49,0.0519,0.0239,0.1925,0.3336,1.88,-0.1034,0,5,1
u04821,freelancer,75212.3,0.1777,0.0029,0.0003,0.0678,6.34,0.4921,0,0,0
u04822,freelancer,43179.47,0.2569,-0.1318,0.0788,0.1334,0.09,-0.0436,2,4,1
u04823,freelancer,61449.29,0.1855,0.0112,0.0454,0.1034,2.0,0.1098,2,2,0
u04824,salaried,53613.55,0.0491,-0.0261,0.0157,0.6087,0.66,-0.7981,2,6,1
u04825,small_biz,178328.2,0.1665,-0.061,0.0161,0.1307,3.02,0.1641,1,1,0
u04826,small_biz,144144.04,0.1256,-0.0436,0.0415,0.1386,3.22,0.1022,0,2,0
u04827,freelancer,50925.73,0.5054,0.1836,0.0216,0.15,1.65,0.144,2,3,0
u04828,freelancer,55648.34,0.2993,0.042,0.0097,0.0598,4.47,0.3299,0,1,0
u04829,small_biz,188151.71,0.2332,0.0593,0.0941,0.0575,6.27,0.3628,0,2,0
u04830,small_biz,167654.34,0.2624,-0.103,0.0235,0.1504,5.43,0.3942,0,0,0
u04831,small_biz,232617.24,0.284,0.1025,0.0012,0.0727,10.73,0.5656,0,0,0
u04832,small_biz,172709.23,0.3095,0.1609,-0.0118,0.1198,1.03,-0.0978,2,3,1
u04833,freelancer,85207.85,0.1483,-0.0352,0.0361,0.0109,9.19,0.4382,0,0,0
u04834,small_biz,97182.54,0.347,0.0129,0.0285,0.1361,-1.02,-0.7405,1,6,1
u04835,freelancer,64900.5,0.3773,-0.0501,0.1196,0.1028,0.77,0.0491,1,4,1
u04836,salaried,89841.02,0.0757,-0.0003,0.0185,0.2801,0.81,-0.1513,2,5,1
u04837,freelancer,38869.76,0.3934,-0.0106,0.0195,0.1381,-1.58,-0.445,1,6,1
u04838,freelancer,63216.91,0.2412,-0.116,-0.0148,0.0813,4.26,0.3228,1,1,0
u04839,small_biz,156611.36,0.3106,0.1397,0.0319,0.1774,1.07,-0.112,2,5,0
u04840,small_biz,171494.55,0.2592,-0.0777,0.0255,0.0821,2.63,0.0682,1,3,0
u04841,freelancer,56856.42,0.3546,0.1272,0.0465,0.036,1.86,0.0729,2,3,0
u04842,salaried,76382.82,0.0181,0.0039,0.1687,0.2078,2.05,-0.157,2,6,1
u04843,salaried,108101.97,0.0806,-0.019,0.037,0.1331,4.69,0.2978,0,0,0
u04844,freelancer,92812.16,0.2827,0.0521,0.0145,0.0243,6.0,0.487,0,1,0
u04845,salaried,85357.08,0.032,0.0071,0.0266,0.2281,1.67,0.0872,0,0,0
u04846,freelancer,59129.9,0.2041,-0.0631,0.0887,0.1327,1.57,0.0805,3,3,0
u04847,small_biz,214901.63,0.2653,0.1117,0.0301,0.0955,4.09,0.1787,1,1,0
u04848,freelancer,72564.39,0.3309,0.0345,-0.0065,0.0486,5.81,0.4324,1,1,0
u04849,small_biz,241433.28,0.2679,-0.0185,0.1135,0.062,10.32,0.607,0,0,0
u04850,freelancer,43232.31,0.5685,-0.0517,0.002,0.1033,0.56,-0.1065,2,2,0
u04851,salaried,92252.87,0.0702,-0.0159,-0.0328,0.3373,1.78,-0.0267,2,2,0
u04852,small_biz,135882.06,0.3295,-0.0832,-0.0326,0.1121,1.87,-0.1043,2,4,0
u04853,small_biz,167199.01,0.0809,-0.0222,0.077,0.1754,1.77,-0.0479,2,4,1
u04854,small_biz,122044.56,0.2391,0.0063,0.0321,0.1178,1.51,-0.3333,0,6,1
u04855,freelancer,51462.9,0.3087,-0.1473,0.0522,0.1259,1.21,0.0803,1,2,0
u04856,salaried,103166.57,0.0576,-0.011,0.1938,0.1283,4.02,0.145,0,1,0
u04857,freelancer,45079.01,0.1117,-0.0269,0.1109,0.0774,1.61,0.1001,0,2,1
u04858,salaried,94853.34,0.0376,-0.0049,0.0433,0.205,2.73,-0.0792,1,4,0
u04859,freelancer,65113.61,0.1096,0.0528,0.0956,0.0207,4.42,0.3556,0,0,0
u04860,salaried,71065.76,0.0485,-0.024,0.0168,0.4015,0.34,-0.2987,4,6,1
u04861,freelancer,66154.52,0.2286,-0.0521,0.0359,0.103,0.68,0.0264,1,2,0
u04862,salaried,52928.82,0.041,-0.0104,0.0211,0.3351,1.84,-0.2614,1,6,0
u04863,salaried,108537.7,0.0222,0.0102,0.0634,0.2074,4.04,0.1883,0,0,0
u04864,small_biz,215367.65,0.273,-0.1482,0.0399,0.0596,8.82,0.5132,0,1,0
u04865,freelancer,61608.45,0.206,0.066,0.0594,0.016,2.34,0.226,0,1,0
u04866,salaried,91212.85,0.0459,0.0081,-0.0078,0.2472,1.53,-0.1161,2,6,0
u04867,freelancer,73298.01,0.3312,-0.0109,0.03,0.0426,6.56,0.4793,1,1,0
u04868,salaried,108937.74,0.0531,-0.0139,0.0145,0.2542,3.73,0.2515,0,0,0
u04869,small_biz,221357.93,0.1765,0.0521,0.0484,0.1073,3.82,0.1563,0,1,0
u04870,freelancer,31402.28,0.4563,-0.0747,0.0243,0.0013,-0.11,-0.1893,1,3,1
u04871,freelancer,43695.35,0.2047,0.0313,0.079,0.1166,0.63,-0.0703,3,4,1
u04872,small_biz,87151.73,0.306,0.0063,0.0535,0.1159,0.85,-0.2777,2,3,1
u04873,freelancer,37616.25,0.3796,0.1426,-0.0079,0.1535,0.55,-0.0434,2,3,0
u04874,freelancer,72185.59,0.4002,-0.0896,0.0719,0.1071,6.83,0.5106,0,1,0
u04875,small_biz,112458.24,0.1563,0.0038,0.0437,0.2146,0.89,-0.0186,2,3,1
u04876,salaried,93182.22,0.0303,0.0076,0.0198,0.3193,3.88,0.2128,0,0,0
u04877,salaried,67023.3,0.0693,-0.0043,0.0344,0.3239,1.92,-0.5473,2,6,1
u04878,freelancer,35518.58,0.4718,0.109,0.1328,0.1116,0.03,-0.0547,1,3,0
u04879,small_biz,150873.69,0.3175,-0.0217,-0.0157,0.1131,2.81,0.1022,1,2,0
u04880,salaried,115274.31,0.0523,-0.0079,0.1535,0.151,6.2,0.3237,0,0,0
u04881,small_biz,175690.79,0.2822,-0.0187,0.0042,0.0851,1.68,0.0163,0,3,0
u04882,salaried,67022.01,0.12,-0.0133,0.1602,0.4498,2.13,-0.2853,1,6,1
u04883,salaried,107060.34,0.0549,-0.0154,0.0016,0.1044,3.39,0.0262,0,1,0
u04884,freelancer,56423.18,0.354,-0.1551,0.1423,0.1028,-0.68,-0.1959,1,4,1
u04885,salaried,113766.73,0.0673,0.0332,0.0901,0.1649,5.02,0.238,0,0,0
u04886,salaried,58490.04,0.0485,-0.0016,0.0147,0.3092,-0.96,-0.443,6,6,1
u04887,freelancer,50195.3,0.314,0.0146,0.0426,0.0331,1.66,0.0583,2,3,1
u04888,freelancer,39760.91,0.2898,-0.1127,0.0099,0.0663,-0.69,-0.4058,0,5,1
u04889,freelancer,62296.47,0.4362,-0.2171,0.0413,0.0488,2.75,0.2366,2,2,1
u04890,freelancer,64075.52,0.2864,-0.0255,0.0362,0.052,5.54,0.4047,0,0,0
u04891,small_biz,195285.13,0.3003,-0.0002,0.0143,0.1229,5.22,0.2981,0,1,0
u04892,small_biz,78398.17,0.4766,-0.043,0.0246,0.2385,-0.81,-0.7182,3,6,1
u04893,small_biz,148165.02,0.125,-0.0176,0.0844,0.1586,4.46,0.2183,0,0,0
u04894,small_biz,100626.16,0.1945,0.0306,0.0514,0.2172,-0.84,-0.4722,2,6,1
u04895,freelancer,36596.96,0.5606,-0.1218,0.0529,0.1691,0.2,-0.2673,2,4,0
u04896,small_biz,112619.2,0.19,-0.0825,0.0435,0.1254,-1.0,-0.5251,3,6,1
u04897,freelancer,63666.11,0.3515,-0.1231,0.0445,0.0615,3.58,0.3467,0,1,0
u04898,freelancer,51947.0,0.3529,-0.0747,0.0436,0.099,3.95,0.3376,1,1,0
u04899,freelancer,43211.38,0.2215,-0.0054,0.0906,0.0398,1.45,0.0282,2,3,0
u04900,small_biz,150077.7,0.2456,-0.0681,0.021,0.1661,1.13,-0.0894,2,4,1
u04901,freelancer,53375.24,0.4059,-0.0692,0.0471,0.1496,0.56,-0.1758,2,4,1
u04902,freelancer,73592.31,0.1725,-0.0723,0.0761,0.0283,5.35,0.4519,0,0,0
u04903,salaried,77479.5,0.0305,-0.0054,0.0694,0.217,3.68,-0.0298,1,5,0
u04904,freelancer,80477.71,0.4619,0.0039,0.0179,0.0878,4.02,0.2289,1,2,0
u04905,small_biz,191576.44,0.1808,0.033,0.0519,0.1029,3.04,0.2277,0,1,0
u04906,freelancer,57406.76,0.3996,0.1134,0.1527,0.0725,0.63,0.0235,3,3,1
u04907,freelancer,64144.51,0.3019,-0.1405,0.0217,0.0457,2.74,0.1793,1,1,0
u04908,small_biz,124596.93,0.3409,0.1338,0.0363,0.1628,0.19,-0.1951,2,4,1
u04909,small_biz,207514.41,0.3401,0.0319,0.0814,0.0877,7.68,0.4521,0,0,0
u04910,salaried,52779.57,0.0203,0.0012,0.051,0.3516,1.28,-0.6422,2,6,1
u04911,freelancer,60958.0,0.1869,-0.074,0.0958,0.127,2.52,0.1964,1,1,0
u04912,freelancer,30917.65,0.4045,-0.1148,0.0507,0.027,-1.03,-0.3603,2,5,1
u04913,salaried,54194.16,0.0323,0.015,0.01,0.3208,1.72,-0.663,5,6,1
u04914,salaried,110749.36,0.0595,0.0028,0.0529,0.1223,7.32,0.4264,0,0,0
u04915,small_biz,152035.97,0.2734,-0.1219,0.0049,0.1955,2.27,-0.1524,1,4,0
u04916,salaried,60723.08,0.0379,-0.0005,0.0181,0.4465,1.51,-0.3139,2,6,1
u04917,small_biz,120632.64,0.023,0.0106,0.0163,0.1203,0.17,-0.5682,2,6,1
u04918,freelancer,35557.54,0.3869,-0.0691,0.0552,0.0135,1.53,0.0231,0,1,0
u04919,freelancer,56721.66,0.3904,-0.1615,0.0368,0.0989,3.79,0.2924,0,2,0
u04920,salaried,94729.03,0.0791,0.0254,0.0958,0.31,4.06,0.1202,0,0,0
u04921,freelancer,85436.97,0.2291,-0.0925,0.0973,0.0028,12.25,0.6549,0,0,0
u04922,small_biz,166419.58,0.3168,0.0843,0.0179,0.0872,2.73,0.1815,1,1,0
u04923,salaried,71047.62,0.0547,0.0182,-0.005,0.3771,1.25,-0.368,2,6,1
u04924,small_biz,83481.37,0.3731,0.084,0.0018,0.1685,-0.69,-0.7916,2,6,1
u04925,freelancer,41300.64,0.234,0.0265,-0.0342,0.0622,-0.55,-0.1949,1,4,1
u04926,freelancer,78044.35,0.2389,0.0269,0.1198,0.0529,9.32,0.5196,0,0,0
u04927,salaried,101790.33,0.08,0.003,0.0599,0.1329,2.65,0.0086,0,3,0
u04928,salaried,93823.18,0.0293,-0.0055,0.0851,0.1154,4.51,0.162,0,1,0
u04929,small_biz,107838.88,0.2673,0.0548,-0.0318,0.1386,-0.2,-0.2813,0,6,1
u04930,small_biz,179608.15,0.4838,0.1996,0.0377,0.1422,3.17,0.1032,1,3,0
u04931,freelancer,35723.35,0.33,0.0136,0.1501,0.0556,-0.07,-0.2907,1,5,1
u04932,freelancer,66129.43,0.3406,0.0803,0.0226,0.0013,4.28,0.3985,0,1,0
u04933,salaried,64870.27,0.0327,-0.0051,0.0091,0.163,2.32,-0.3869,1,6,0
u04934,salaried,95215.8,0.0814,-0.0347,0.0798,0.2652,1.25,-0.014,1,2,0
u04935,freelancer,36551.29,0.4345,-0.1026,-0.0004,0.1351,-1.83,-0.5561,3,5,1
u04936,freelancer,86303.47,0.2768,-0.0496,0.1053,0.0848,8.46,0.5512,0,0,0
u04937,salaried,82205.74,0.0588,0.0111,0.1892,0.3804,2.78,0.0256,2,2,0
u04938,freelancer,74402.2,0.415,-0.0365,0.0517,0.0275,7.61,0.5289,0,1,0
u04939,freelancer,44642.55,0.2686,0.0457,0.044,0.1397,2.0,0.1441,0,1,0
u04940,salaried,65287.01,0.0298,-0.0077,0.0645,0.4785,-0.08,-0.2778,1,6,1
u04941,freelancer,57430.66,0.097,-0.0273,0.0808,0.0124,3.26,0.3296,0,0,0
u04942,freelancer,53994.4,0.2934,-0.0175,0.0491,0.0618,1.54,0.0854,0,2,0
u04943,salaried,61293.42,0.0784,0.0271,0.1326,0.273,1.88,-0.3405,3,6,1
u04944,small_biz,99348.71,0.4531,-0.1297,0.0683,0.2422,1.22,-0.3706,1,4,1
u04945,salaried,58844.15,0.0353,0.008,-0.0055,0.5332,-0.9,-0.5743,3,6,1
u04946,salaried,87913.83,0.0549,0.0101,0.0038,0.2869,3.27,-0.0076,0,1,0
u04947,salaried,88835.92,0.0419,0.0101,0.0127,0.2284,2.84,-0.1941,0,6,0
u04948,freelancer,66643.06,0.1713,-0.0333,0.0131,0.0603,4.07,0.3271,1,1,1
u04949,freelancer,49918.46,0.2557,0.0147,0.0888,0.0864,2.03,0.1366,1,2,0
u04950,salaried,49608.59,0.0411,0.0093,-0.0235,0.4585,-1.46,-1.193,2,6,1
u04951,salaried,80056.14,0.0214,0.0006,0.0441,0.219,0.73,-0.199,3,6,1
u04952,salaried,100724.54,0.0242,0.0043,0.2265,0.3011,3.15,0.1527,0,0,0
u04953,small_biz,128970.49,0.2079,0.0548,0.0751,0.2232,2.91,0.0339,3,3,0
u04954,small_biz,134968.7,0.2694,-0.034,-0.0347,0.1053,2.05,-0.0472,0,2,0
u04955,freelancer,57819.47,0.6239,0.1114,0.0402,0.0098,5.69,0.42,2,2,0
u04956,small_biz,137033.72,0.5287,0.0324,-0.0127,0.2174,1.16,-0.1261,3,4,0
u04957,salaried,117056.89,0.0347,-0.0148,0.0264,0.1899,5.46,0.4024,0,0,0
u04958,salaried,115443.9,0.0839,-0.0229,0.0425,0.2728,3.35,0.208,0,0,0
u04959,small_biz,141659.91,0.2981,-0.0292,0.0226,0.1779,2.82,0.0381,1,3,0
u04960,freelancer,73136.62,0.2824,-0.0992,0.1085,0.0014,8.7,0.5695,0,0,0
u04961,salaried,72283.01,0.0367,0.0151,0.0378,0.4525,2.44,-0.1403,4,6,0
u04962,small_biz,130118.67,0.1943,-0.0322,0.0573,0.087,4.28,0.241,0,1,0
u04963,freelancer,57804.78,0.1185,0.0074,0.0469,0.1157,3.79,0.3002,0,0,0
u04964,salaried,89923.79,0.057,0.0139,0.0066,0.2988,2.92,0.028,1,3,0
u04965,small_biz,134928.43,0.3237,-0.0481,0.0077,0.1991,3.02,0.0246,0,3,0
u04966,small_biz,209469.04,0.2468,0.06,-0.025,0.072,3.43,0.2494,0,0,0
u04967,freelancer,100055.1,0.1249,-0.0603,0.0033,0.071,10.21,0.6138,0,0,0
u04968,small_biz,158858.31,0.2213,-0.0012,0.0748,0.1098,5.43,0.3154,0,1,0
u04969,small_biz,109479.04,0.5752,-0.2317,0.0643,0.1287,0.33,-0.4986,1,5,1
u04970,small_biz,215509.79,0.3722,-0.0411,0.015,0.1024,5.18,0.3318,0,1,0
u04971,salaried,102238.16,0.078,-0.034,0.0355,0.2335,3.82,0.2934,0,0,0
u04972,freelancer,30989.33,0.506,-0.1399,0.1245,0.1304,-0.27,-0.3932,3,4,1
u04973,salaried,62956.99,0.0361,0.0035,0.0081,0.3148,0.53,-0.617,4,6,1
u04974,salaried,99066.03,0.0773,0.0196,0.1749,0.3509,1.75,-0.0377,1,4,1
u04975,freelancer,49660.11,0.3541,0.1065,0.025,0.0486,3.74,0.3002,1,1,0
u04976,salaried,71099.88,0.065,-0.0129,0.0163,0.3684,1.41,-0.2402,1,6,1
u04977,small_biz,216798.57,0.3774,0.2016,0.0241,0.1213,5.09,0.3705,1,1,0
u04978,freelancer,71042.67,0.2451,0.0221,-0.0182,0.0558,5.33,0.4113,1,1,0
u04979,freelancer,37645.59,0.1119,0.0084,0.0404,0.1978,-1.62,-0.523,5,6,1
u04980,salaried,101903.82,0.0738,0.0288,0.0152,0.1423,4.81,0.3017,0,0,0
u04981,small_biz,210123.8,0.1977,-0.0618,0.0375,0.0542,7.73,0.4681,0,0,0
u04982,freelancer,81232.89,0.3057,-0.1233,0.0819,0.0435,8.57,0.5587,0,0,0
u04983,salaried,106622.31,0.0244,0.001,0.0402,0.0943,4.0,0.2476,0,0,0
u04984,small_biz,151851.79,0.3267,0.0024,-0.0042,0.1526,1.69,-0.0754,1,4,1
u04985,freelancer,76450.6,0.3634,0.035,0.0203,0.0143,4.75,0.2783,0,2,0
u04986,freelancer,58280.43,0.1596,0.0157,0.0508,0.0611,1.72,0.079,0,2,1
u04987,freelancer,36360.82,0.3411,-0.022,-0.0135,0.1209,0.49,-0.065,2,4,1
u04988,small_biz,212007.9,0.2829,-0.0911,0.0246,0.117,7.79,0.4913,0,1,0
u04989,small_biz,136972.1,0.2622,-0.0303,0.0663,0.1143,3.83,0.1568,0,2,0
u04990,freelancer,36443.1,0.0684,0.0152,0.0097,0.1059,1.14,-0.0423,1,4,1
u04991,freelancer,84664.52,0.22,-0.0655,0.0736,0.0218,4.98,0.3563,1,1,0
u04992,small_biz,180057.15,0.2246,-0.0734,-0.0239,0.131,2.55,0.0563,0,2,0
u04993,freelancer,56674.06,0.2399,-0.0001,0.0186,0.1163,1.7,0.0787,0,2,1
u04994,freelancer,65178.3,0.2517,0.0353,0.0373,0.0859,4.95,0.4331,0,0,0
u04995,small_biz,205234.46,0.2515,0.0532,0.0094,0.0896,4.04,0.1606,1,2,0
u04996,freelancer,47750.66,0.4958,0.0232,-0.0226,0.149,-0.15,-0.2191,2,4,1
u04997,salaried,74997.81,0.055,0.0048,0.1743,0.4073,-0.23,-0.3923,1,6,1
u04998,small_biz,231878.44,0.1118,0.0349,-0.0026,0.0746,5.17,0.3382,0,0,0
u04999,salaried,54491.14,0.0653,-0.0068,0.0542,0.3345,1.04,-0.34,2,6,1
u05000,salaried,57846.87,0.0567,-0.0108,0.1319,0.3537,0.12,-0.8303,1,6,1
u05001,freelancer,77594.58,0.4398,-0.0254,0.0098,0.0515,2.52,0.2519,2,3,0
u05002,freelancer,69011.08,0.3463,-0.1368,0.0794,0.0387,4.73,0.3685,1,1,0
u05003,small_biz,206333.98,0.2974,0.1296,0.0612,0.1112,5.06,0.3047,1,1,0
u05004,freelancer,33628.86,0.2064,-0.0322,-0.0041,0.155,-1.14,-0.6491,3,6,1
u05005,salaried,75118.2,0.0607,0.0324,0.01,0.2841,1.39,-0.4897,3,6,1
u05006,salaried,59148.37,0.044,-0.006,0.0027,0.303,1.8,-0.444,1,6,1
u05007,small_biz,206146.46,0.2781,0.1004,0.0499,0.1265,5.71,0.3624,0,1,0
u05008,freelancer,71035.26,0.206,-0.0546,0.042,0.0124,4.06,0.3379,1,1,0
u05009,salaried,62858.81,0.0247,-0.0014,0.0459,0.1963,1.47,-0.042,1,6,0
u05010,salaried,116702.35,0.0782,0.0273,0.2184,0.2765,3.29,0.2498,0,0,0
u05011,freelancer,95088.42,0.1762,-0.007,0.0263,0.0037,13.91,0.6932,0,0,0
u05012,salaried,84894.36,0.0434,0.0216,-0.0209,0.1281,1.24,0.0177,1,2,0
u05013,freelancer,49697.2,0.2996,-0.0415,0.0217,0.1238,2.63,0.28,2,2,0
u05014,freelancer,50436.76,0.5617,0.0985,0.1307,0.0079,1.89,0.125,2,4,0
u05015,freelancer,31729.65,0.5283,-0.2551,0.0472,0.1328,-2.73,-0.9757,2,6,1
u05016,salaried,82092.46,0.0279,-0.003,0.1935,0.266,0.28,-0.1975,2,6,1
u05017,freelancer,38500.0,0.234,-0.1171,0.0444,0.0857,-0.73,-0.3227,2,5,1
u05018,salaried,90268.11,0.0401,0.0012,0.1005,0.2445,5.06,0.2398,0,0,0
u05019,salaried,71274.37,0.0898,-0.0181,0.1376,0.3886,0.04,-0.4896,2,6,1
u05020,small_biz,155887.95,0.2305,-0.1109,0.0509,0.1337,3.49,0.1784,1,2,0
u05021,freelancer,64401.13,0.1976,0.0084,0.0555,0.0045,6.93,0.4729,0,0,0
u05022,freelancer,66423.92,0.2742,0.0273,0.0442,0.1018,2.47,0.1539,1,2,0
u05023,salaried,88467.36,0.0338,-0.0018,-0.0174,0.143,1.73,-0.133,3,6,0
u05024,small_biz,163445.8,0.6262,-0.0737,0.0125,0.0734,2.38,0.0919,3,3,0
u05025,small_biz,130134.14,0.4243,0.0288,0.0535,0.2127,0.88,-0.046,3,3,0
u05026,small_biz,145647.18,0.2744,-0.042,0.0272,0.1252,2.06,0.0247,1,2,0
u05027,freelancer,65152.14,0.2083,-0.0331,0.0378,0.0989,3.7,0.326,0,0,0
u05028,small_biz,234816.43,0.288,-0.0652,0.0363,0.0803,4.61,0.3094,1,1,0
u05029,small_biz,211357.26,0.1578,0.0604,0.0737,0.1182,7.07,0.4319,0,0,0
u05030,salaried,60982.44,0.0347,0.0037,0.0367,0.3901,2.02,-0.298,1,6,0
u05031,freelancer,45527.16,0.3089,-0.0608,0.0827,0.0604,0.94,-0.0484,1,3,1
u05032,small_biz,197606.17,0.1484,-0.0159,0.0127,0.1174,4.87,0.3607,0,0,0
u05033,freelancer,84673.16,0.233,0.0436,-0.0161,0.0745,5.37,0.4028,0,0,0
u05034,freelancer,65093.31,0.1874,0.0293,0.0752,0.0128,6.17,0.4865,0,0,0
u05035,small_biz,119958.74,0.4338,0.0225,0.073,0.1067,0.09,-0.1863,0,3,1
u05036,salaried,114765.62,0.0606,-0.0014,-0.016,0.245,2.42,0.1479,0,1,0
u05037,salaried,112180.66,0.0409,-0.0107,0.0357,0.2689,4.97,0.2104,0,0,0
u05038,small_biz,89168.86,0.4896,0.0622,0.0332,0.1831,-0.01,-0.6819,1,6,1
u05039,freelancer,62503.89,0.1343,-0.0199,0.0148,0.1129,3.94,0.3179,0,0,0
u05040,freelancer,70985.75,0.281,0.0662,0.0492,0.0106,5.32,0.4378,0,0,0
u05041,small_biz,147224.84,0.1373,0.0173,0.0153,0.1531,2.28,-0.0144,1,3,0
u05042,salaried,86311.33,0.0516,0.0154,0.0672,0.1325,3.74,0.062,1,1,0
u05043,salaried,68786.24,0.0409,0.0033,-0.0008,0.2937,1.5,-0.0233,3,4,0
u05044,salaried,77486.46,0.0196,0.0034,0.0644,0.4429,2.09,-0.2539,4,6,0
u05045,freelancer,43467.07,0.3859,0.0709,0.0665,0.0807,1.83,0.1146,0,2,1
u05046,freelancer,67901.19,0.2939,0.0702,0.0053,0.0658,0.55,-0.0506,1,3,0
u05047,small_biz,155332.32,0.3996,-0.0529,0.0026,0.1867,2.74,0.0458,0,2,0
u05048,salaried,118474.9,0.09,0.0311,0.0652,0.1217,5.33,0.2826,0,0,0
u05049,freelancer,58735.49,0.5132,-0.0971,-0.0188,0.0771,3.04,0.2772,0,1,0
u05050,freelancer,82557.47,0.4512,-0.2484,0.0592,0.0026,8.39,0.5745,0,0,0
u05051,small_biz,120509.11,0.3175,-0.1111,0.0559,0.118,2.9,-0.0055,1,2,0
u05052,small_biz,162274.08,0.1808,-0.0499,0.0135,0.1168,3.75,0.2852,1,1,0
u05053,freelancer,68945.37,0.1233,-0.0124,0.114,0.0596,4.43,0.3718,0,0,0
u05054,small_biz,202210.61,0.5221,-0.0425,0.0114,0.1267,4.21,0.1931,1,2,0
u05055,freelancer,36967.8,0.2931,-0.0477,0.0495,0.0562,-1.25,-0.3337,2,4,1
u05056,freelancer,45478.52,0.4212,-0.1711,-0.0237,0.1355,0.05,-0.0389,1,3,1
u05057,freelancer,61314.12,0.2081,-0.0409,0.0944,0.0197,3.4,0.2036,0,1,0
u05058,small_biz,94138.25,0.3993,0.1899,0.0552,0.2574,1.37,-0.1747,1,4,0
u05059,freelancer,38340.28,0.3603,-0.1956,-0.0202,0.1218,1.28,0.0794,1,2,1
u05060,freelancer,58200.97,0.3173,-0.048,0.0696,0.1009,2.34,0.2281,2,2,0
u05061,small_biz,204008.35,0.2875,-0.1358,0.0311,0.1333,3.48,0.1322,0,2,0
u05062,salaried,88578.48,0.0523,-0.0229,-0.0078,0.3538,3.36,-0.0406,3,5,0
u05063,small_biz,86468.21,0.2213,0.0173,0.0264,0.1924,0.09,-0.7183,2,6,1
u05064,freelancer,49212.86,0.3899,-0.1067,0.0614,0.0255,-0.26,-0.089,0,3,1
u05065,salaried,118562.12,0.0331,0.011,-0.0102,0.1724,3.08,0.1826,1,1,0
u05066,salaried,95713.73,0.0721,-0.0097,0.172,0.2866,1.85,-0.0375,2,4,1
u05067,small_biz,207408.39,0.1804,-0.062,0.0529,0.1145,6.8,0.4573,0,0,0
u05068,freelancer,57191.68,0.1606,0.0117,0.0311,0.055,3.45,0.2854,0,1,0
u05069,salaried,98321.67,0.0428,0.0003,0.0178,0.2005,3.71,0.1225,0,0,0
u05070,freelancer,44930.1,0.369,-0.1421,0.1079,0.1629,2.27,0.2156,2,2,0
u05071,freelancer,66736.61,0.2653,-0.1345,0.0107,0.0998,2.96,0.2226,1,1,0
u05072,freelancer,58160.28,0.2732,-0.1347,-0.0034,0.0797,3.54,0.2983,1,1,0
u05073,freelancer,44263.53,0.348,-0.0045,0.0029,0.0378,0.19,-0.0326,0,3,1
u05074,salaried,74193.26,0.0314,-0.0013,0.0238,0.4099,0.56,-0.3788,6,6,1
u05075,freelancer,52942.45,0.3125,-0.01,0.0712,0.0709,1.17,0.0919,1,3,0
u05076,freelancer,33983.34,0.2238,-0.0013,0.1287,0.025,-2.04,-0.6026,2,6,1
u05077,salaried,104905.42,0.0501,-0.0157,-0.0315,0.1996,3.67,0.2387,0,0,0
u05078,salaried,51158.45,0.0415,0.0075,0.0253,0.329,1.54,-0.6469,2,6,1
u05079,small_biz,123679.34,0.3352,0.0049,0.0378,0.1536,2.01,-0.0583,1,3,1
u05080,small_biz,123802.6,0.4384,0.0536,0.0698,0.1878,-0.38,-0.4987,2,5,1
u05081,small_biz,131456.43,0.3265,-0.07,0.0516,0.1062,4.5,0.2419,0,1,0
u05082,freelancer,64658.8,0.3049,0.0454,0.0065,0.0116,4.99,0.3559,0,1,0
u05083,freelancer,51180.57,0.3701,0.0748,0.1178,0.0816,-0.91,-0.338,2,5,1
u05084,salaried,113277.38,0.0232,0.0053,-0.0148,0.1373,3.31,0.1731,0,1,0
u05085,freelancer,45502.06,0.3312,0.1425,0.0723,0.0668,0.12,-0.19,1,5,1
u05086,small_biz,113468.0,0.1994,0.04,-0.011,0.2235,1.61,-0.1445,1,5,1
u05087,small_biz,122387.3,0.2636,-0.1195,0.0545,0.2428,0.42,-0.1504,1,4,1
u05088,small_biz,173111.01,0.2862,0.0942,0.0615,0.117,5.4,0.3161,0,1,0
u05089,small_biz,129559.03,0.2987,0.1013,0.0608,0.1215,0.8,-0.1253,2,3,1
u05090,small_biz,165961.6,0.1099,0.0123,0.0117,0.1022,5.93,0.4334,0,0,0
u05091,freelancer,61172.28,0.5483,-0.1357,0.0614,0.0871,5.59,0.4513,1,1,0
u05092,freelancer,72897.17,0.674,0.0071,0.0497,0.0226,10.1,0.6171,1,1,0
u05093,small_biz,109991.41,0.1679,0.0497,-0.0323,0.1014,2.06,-0.0589,1,4,0
u05094,small_biz,162584.99,0.2819,0.0069,0.0399,0.1115,2.35,-0.1181,2,4,0
u05095,salaried,122135.77,0.0973,-0.0243,0.135,0.2343,4.54,0.2303,0,0,0
u05096,small_biz,176725.33,0.154,0.0287,0.0255,0.0596,2.61,0.1248,0,1,0
u05097,small_biz,179169.03,0.3869,0.1353,0.012,0.0917,3.64,0.1259,1,3,0
u05098,salaried,72926.94,0.1002,0.0369,-0.0254,0.3085,1.83,-0.0582,3,5,0
u05099,salaried,105874.89,0.0716,-0.0111,0.0867,0.2406,3.72,-0.0733,3,4,0
u05100,salaried,96336.32,0.0841,-0.0328,0.0485,0.3586,1.45,-0.1527,0,5,0
u05101,salaried,75062.55,0.0269,-0.0041,0.0526,0.156,0.26,-0.3331,3,6,1
u05102,small_biz,158745.35,0.4697,0.1753,0.0521,0.1251,1.75,-0.1149,1,3,0
u05103,small_biz,125145.2,0.2206,-0.0969,0.0355,0.1585,1.85,-0.0538,2,3,0
u05104,freelancer,44691.89,0.11,-0.03,0.011,0.0055,0.19,-0.1129,2,5,1
u05105,small_biz,235775.9,0.2423,-0.0295,0.0512,0.1105,5.59,0.3402,0,1,0
u05106,freelancer,67413.03,0.1776,-0.0736,0.0639,0.1138,1.26,0.0594,1,3,1
u05107,salaried,73891.3,0.0439,0.0034,-0.0285,0.2826,0.39,-0.3057,1,6,1
u05108,salaried,69896.25,0.068,0.0086,0.1686,0.2941,2.16,-0.2921,3,6,1
u05109,salaried,53707.69,0.0403,0.0159,0.0697,0.3687,0.43,-0.3143,1,6,1
u05110,freelancer,52819.34,0.3996,-0.1684,0.0008,0.0396,4.19,0.3413,0,1,0
u05111,small_biz,147274.07,0.259,-0.0062,0.0609,0.1228,1.95,-0.0175,2,2,0
u05112,freelancer,66390.91,0.4308,-0.0558,0.0406,0.0673,5.23,0.347,0,1,0
u05113,salaried,53154.05,0.0219,0.0061,-0.015,0.3396,-1.31,-0.8567,4,6,1
u05114,salaried,50835.67,0.0434,-0.015,0.1521,0.6593,-1.65,-1.1025,2,6,1
u05115,freelancer,60622.58,0.1642,0.0183,0.0578,0.0557,4.34,0.3683,0,0,0
u05116,salaried,50178.11,0.0816,0.0041,0.003,0.3086,0.36,-0.701,3,6,1
u05117,freelancer,73136.07,0.2892,-0.0909,0.0116,0.1,3.41,0.2103,1,1,0
u05118,small_biz,148610.71,0.3581,-0.069,0.0049,0.1504,2.28,0.038,1,3,0
u05119,salaried,113800.33,0.0577,0.0174,0.1103,0.2852,4.8,0.1993,0,1,0
u05120,salaried,78387.41,0.0496,0.0204,0.05,0.3829,1.1,-0.4632,3,6,1
u05121,salaried,93204.94,0.0291,-0.0053,0.0956,0.1352,4.67,0.1717,0,0,0
u05122,freelancer,61880.41,0.0675,0.0082,0.075,0.1181,4.99,0.4008,0,0,0
u05123,freelancer,62380.06,0.4915,0.112,0.0342,0.0996,2.92,0.2255,2,2,0
u05124,salaried,84859.29,0.0477,0.0131,-0.0331,0.3731,1.96,-0.2174,2,6,0
u05125,freelancer,45510.9,0.3524,0.0696,0.0595,0.1406,1.64,0.1407,1,2,1
u05126,salaried,112197.28,0.0258,0.0024,0.0575,0.1245,4.45,0.2568,0,0,0
u05127,freelancer,48476.92,0.4407,0.1519,0.0461,0.1183,0.92,-0.0444,2,5,1
u05128,small_biz,195922.5,0.2053,0.0423,0.0411,0.0754,2.09,0.1511,0,1,0
u05129,freelancer,38234.36,0.3387,-0.1569,0.0985,0.1159,-0.6,-0.25,1,3,1
u05130,freelancer,64009.18,0.2091,0.0314,-0.0029,0.0662,5.6,0.4119,0,0,0
u05131,freelancer,59659.75,0.3008,-0.0842,0.0192,0.1204,2.87,0.2146,0,1,0
u05132,salaried,80410.57,0.0344,0.0133,0.0651,0.2381,3.1,0.032,1,1,0
u05133,small_biz,295307.85,0.2191,0.0642,0.0246,0.0535,5.64,0.4261,0,0,0
u05134,salaried,61443.64,0.0466,0.0219,0.0152,0.5657,0.15,-0.4361,1,6,1
u05135,small_biz,132229.78,0.0914,0.0008,-0.0083,0.1069,1.72,-0.0368,2,3,0
u05136,freelancer,78689.32,0.3055,-0.0496,0.1072,0.0003,3.8,0.3258,0,1,0
u05137,freelancer,47941.85,0.2215,-0.0204,0.0771,0.0797,1.95,0.1749,0,1,0
u05138,salaried,68993.29,0.0552,0.023,-0.0438,0.2235,2.98,0.109,0,0,0
u05139,freelancer,41774.12,0.4019,0.0509,0.0552,0.0114,2.51,0.1548,1,2,1
u05140,salaried,71440.98,0.0612,0.0245,0.0073,0.1918,1.84,-0.0369,1,4,0
u05141,small_biz,103531.91,0.1247,-0.0157,0.0487,0.2289,-0.65,-0.7915,1,6,1
u05142,salaried,77715.15,0.0594,0.0069,0.013,0.1669,3.02,-0.029,0,4,0
u05143,small_biz,145472.74,0.1703,0.035,0.0227,0.1208,3.03,0.2421,0,0,0
u05144,small_biz,91276.76,0.2627,-0.0929,0.0471,0.1865,1.06,-0.4255,3,6,1
u05145,small_biz,178316.44,0.3142,0.0262,0.0231,0.1675,2.59,0.106,1,2,0
u05146,small_biz,109994.35,0.4834,0.0853,0.0311,0.0994,2.65,0.1498,2,3,0
u05147,salaried,117465.83,0.039,0.0205,0.0228,0.2406,4.73,0.2482,0,1,0
u05148,salaried,84013.48,0.0439,0.0172,0.0401,0.1798,1.69,-0.2017,3,6,0
u05149,small_biz,97221.56,0.2826,-0.0497,0.0226,0.2371,-0.64,-0.6063,1,6,1
u05150,freelancer,40071.93,0.2908,-0.1276,0.0829,0.1215,0.65,-0.1251,3,3,1
u05151,salaried,74401.14,0.055,0.0069,0.014,0.3194,2.8,-0.0454,4,4,0
u05152,salaried,87997.0,0.0496,0.0227,0.004,0.3805,2.16,-0.2677,2,6,0
u05153,salaried,75022.11,0.0615,0.0294,-0.0105,0.3785,1.2,-0.0504,1,4,0
u05154,salaried,88230.52,0.0131,0.0006,0.1702,0.381,2.36,-0.0802,2,5,0
u05155,small_biz,176481.99,0.5178,0.0873,0.0124,0.1362,3.86,0.1424,0,3,0
u05156,freelancer,41328.59,0.4224,0.0923,0.0514,0.1255,-0.41,-0.3127,1,4,1
u05157,salaried,72936.62,0.0101,-0.0033,0.0223,0.4409,0.87,-0.1209,4,6,0
u05158,freelancer,49668.4,0.3941,0.0245,0.1165,0.1574,-0.08,-0.2563,2,4,1
u05159,small_biz,190283.36,0.2403,0.0608,0.0902,0.1001,6.68,0.3995,0,0,0
u05160,freelancer,64283.29,0.186,0.0327,-0.032,0.0661,6.76,0.4719,0,0,0
u05161,small_biz,148525.87,0.5096,-0.1602,0.0784,0.0761,3.75,0.1185,1,2,0
u05162,small_biz,190816.75,0.2457,0.0005,0.0761,0.1233,7.31,0.5076,0,0,0
u05163,freelancer,45230.7,0.3911,-0.1732,0.0009,0.0969,0.03,-0.1726,1,4,1
u05164,freelancer,67892.18,0.3399,-0.0276,0.0231,0.0983,2.71,0.1685,0,2,0
u05165,freelancer,65261.34,0.2729,0.0523,0.0752,0.0479,3.25,0.2862,1,1,0
u05166,small_biz,207793.39,0.161,-0.0624,0.0133,0.0637,5.55,0.3196,0,0,0
u05167,freelancer,55666.06,0.3765,0.0079,0.0139,0.1004,2.25,0.1415,3,3,0
u05168,salaried,87365.61,0.0744,0.0077,0.0142,0.1382,2.89,0.1262,0,0,0
u05169,small_biz,127333.0,0.2302,-0.0294,0.0291,0.1154,1.09,-0.4372,3,6,1
u05170,freelancer,57859.18,0.3595,-0.1054,-0.0416,0.0344,6.35,0.486,0,1,0
u05171,small_biz,139722.57,0.3311,0.0818,0.0562,0.0736,2.15,-0.0339,3,3,0
u05172,freelancer,70251.47,0.2356,-0.0202,0.0487,0.0401,6.72,0.5045,0,0,0
u05173,freelancer,62517.98,0.7178,-0.3557,0.0789,0.0606,6.34,0.4346,0,2,0
u05174,freelancer,23020.27,0.2637,-0.0741,0.0847,0.153,-3.34,-1.4705,3,6,1
u05175,salaried,92416.06,0.0574,0.0047,0.0666,0.1201,5.21,0.2558,0,0,0
u05176,freelancer,51713.64,0.6069,0.0933,-0.0261,0.048,2.23,0.1354,1,3,0
u05177,small_biz,129718.74,0.4244,-0.1862,0.0938,0.2105,2.59,-0.0226,1,4,0
u05178,salaried,107574.28,0.0408,0.0044,0.0752,0.2425,4.93,0.1403,0,1,0
u05179,freelancer,45789.79,0.3036,-0.1102,0.0518,0.0919,-0.21,-0.096,1,4,1
u05180,freelancer,66622.59,0.3641,0.0764,0.0564,0.0089,11.46,0.6444,0,0,0
u05181,freelancer,47383.54,0.4033,0.0744,0.0207,0.0583,2.22,0.195,1,2,0
u05182,freelancer,73553.74,0.2724,-0.1367,0.1096,0.0818,4.52,0.3725,0,0,0
u05183,freelancer,45276.26,0.3435,-0.1116,0.0224,0.0923,0.08,-0.0913,2,4,1
u05184,small_biz,161646.99,0.3329,0.0421,0.0135,0.1035,5.47,0.3067,1,2,0
u05185,freelancer,59817.61,0.2088,-0.0536,0.0396,0.0219,6.43,0.4719,0,1,0
u05186,salaried,112814.98,0.061,0.0289,0.0685,0.2395,2.46,-0.0409,1,4,0
u05187,salaried,57575.84,0.0587,-0.0068,0.0283,0.6024,-0.15,-0.5164,2,6,1
u05188,freelancer,54926.57,0.2392,-0.0139,0.1065,0.044,2.46,0.162,1,2,0
u05189,salaried,51983.64,0.0302,0.0033,0.0774,0.3599,-2.39,-1.1535,3,6,1
u05190,small_biz,213204.21,0.3917,-0.0275,0.0186,0.0713,5.12,0.3481,1,2,0
u05191,salaried,62010.39,0.0372,0.0157,0.0384,0.5222,0.65,-0.5989,2,6,1
u05192,small_biz,234191.96,0.3232,-0.0744,0.0227,0.0921,3.15,0.1232,2,3,0
u05193,freelancer,66723.15,0.2786,-0.0413,0.0459,0.0299,6.46,0.4649,0,1,0
u05194,salaried,85557.74,0.0529,0.0001,0.1043,0.3752,1.86,-0.0856,2,5,0
u05195,salaried,84701.86,0.0313,0.0095,0.0553,0.2632,1.46,-0.2152,3,6,0
u05196,freelancer,57142.69,0.1779,0.0048,0.0632,0.1168,3.48,0.2833,0,0,0
u05197,freelancer,61863.26,0.2434,0.0215,-0.0091,0.1279,4.5,0.3408,1,1,0
u05198,freelancer,38653.98,0.3373,0.0203,0.0747,0.0295,1.8,0.2008,2,2,0
u05199,freelancer,53075.26,0.3895,0.1996,0.0478,0.009,0.77,0.0492,1,3,0
u05200,salaried,92916.61,0.0435,-0.0064,0.0097,0.1869,4.11,0.1291,1,1,0
u05201,freelancer,59537.1,0.3787,-0.0,0.0217,0.0574,2.15,0.1668,0,2,0
u05202,salaried,91152.99,0.0166,-0.0024,-0.0632,0.1414,5.52,0.2126,1,1,0
u05203,small_biz,193675.9,0.2527,0.1072,0.015,0.0896,5.65,0.2864,1,1,0
u05204,small_biz,241825.34,0.1601,-0.0004,0.0278,0.0597,13.06,0.6292,0,0,0
u05205,freelancer,61402.95,0.3884,0.1453,0.0011,0.1282,0.99,0.0503,1,4,1
u05206,freelancer,67090.07,0.5872,-0.1255,0.0173,0.1081,1.59,0.0704,1,3,0
u05207,small_biz,116644.62,0.6232,0.0444,0.04,0.1743,0.43,-0.5878,3,5,1
u05208,small_biz,231990.77,0.2099,-0.0459,0.0578,0.0476,5.1,0.3087,0,0,0
u05209,small_biz,86887.51,0.441,0.0621,0.056,0.2273,-2.17,-0.8894,1,6,1
u05210,small_biz,140194.32,0.3064,0.0422,0.058,0.1442,2.04,0.0496,2,3,0
u05211,salaried,101640.33,0.1181,0.0097,0.1558,0.2618,2.06,-0.3621,5,6,1
u05212,freelancer,68025.49,0.5552,0.0679,0.0711,0.0593,8.43,0.573,1,1,0
u05213,small_biz,101450.1,0.2848,0.1045,0.0109,0.2324,0.81,-0.0409,1,3,1
u05214,salaried,102531.9,0.0478,-0.0016,0.1751,0.1136,6.41,0.3602,0,0,0
u05215,salaried,93460.07,0.064,0.0227,0.054,0.3437,3.0,0.0809,0,0,0
u05216,freelancer,47268.89,0.1777,-0.0718,0.0256,0.0177,1.99,0.1891,1,1,0
u05217,small_biz,212733.04,0.16,0.0128,0.0637,0.0837,3.92,0.1954,1,2,0
u05218,small_biz,82361.62,0.2328,-0.0445,-0.0026,0.1317,1.39,-0.1427,3,4,0
u05219,salaried,88444.01,0.0521,-0.0156,0.0613,0.2382,1.95,0.1207,0,0,0
u05220,freelancer,88407.99,0.2035,-0.0214,0.0188,0.0612,9.02,0.5722,0,0,0
u05221,small_biz,198098.53,0.2217,0.0546,0.0146,0.1471,2.92,0.2158,1,1,0
u05222,salaried,60496.39,0.0458,0.0004,0.1814,0.3905,0.12,-0.4032,5,6,1
u05223,small_biz,222084.32,0.2744,-0.0296,0.0414,0.1165,5.59,0.3731,0,1,0
u05224,salaried,113708.52,0.0211,0.0094,0.1672,0.2468,2.08,0.1257,1,1,0
u05225,freelancer,41665.02,0.555,0.0874,0.0533,0.1703,0.41,-0.0296,3,4,1
u05226,freelancer,71204.56,0.2442,0.0512,0.0401,0.0236,4.5,0.3721,0,1,0
u05227,freelancer,77262.55,0.326,-0.0965,0.0887,0.094,5.96,0.3544,1,2,0
u05228,small_biz,168127.54,0.3139,-0.07,0.0923,0.0845,5.64,0.3689,1,1,0
u05229,freelancer,55247.28,0.2203,0.0734,-0.003,0.0844,1.0,-0.0293,1,5,0
u05230,small_biz,178924.75,0.2758,-0.1245,0.0296,0.1489,3.8,0.2675,1,2,0
u05231,freelancer,48336.87,0.444,0.102,0.0193,0.0893,2.26,0.1516,2,3,0
u05232,small_biz,139547.42,0.0867,-0.0299,-0.0068,0.1981,0.58,-0.0973,2,5,1
u05233,small_biz,180551.8,0.2265,0.0768,0.0427,0.0812,2.46,0.0134,1,3,0
u05234,freelancer,69685.33,0.2852,0.1288,0.0334,0.0396,4.94,0.4276,0,0,0
u05235,freelancer,56148.82,0.5513,0.0656,0.0792,0.0681,0.83,0.0301,2,3,0
u05236,small_biz,143679.34,0.2114,-0.0828,-0.014,0.0727,2.94,0.0185,1,1,0
u05237,small_biz,207455.46,0.2337,-0.0844,0.0153,0.1315,5.54,0.3614,0,0,0
u05238,salaried,72591.75,0.0366,-0.0165,-0.0058,0.415,0.17,-0.2493,5,6,1
u05239,freelancer,64357.92,0.3341,-0.0623,-0.0526,0.0496,6.0,0.3927,1,1,0
u05240,freelancer,60462.85,0.2783,-0.0802,-0.0083,0.084,4.21,0.3058,0,1,0
u05241,small_biz,109307.12,0.3217,0.0018,0.0973,0.1385,0.23,-0.2026,2,4,1
u05242,salaried,58867.08,0.0335,0.0111,0.0168,0.4164,1.46,-0.3144,5,6,1
u05243,small_biz,149111.99,0.3307,-0.0309,0.0289,0.1294,2.89,0.1211,1,2,0
u05244,freelancer,40333.45,0.4964,0.08,0.0623,0.1663,0.66,-0.1012,0,4,1
u05245,freelancer,38915.55,0.2448,-0.0374,-0.0072,0.1383,-0.39,-0.2601,2,5,1
u05246,freelancer,58549.91,0.3585,0.1407,0.0712,0.079,2.4,0.1455,0,1,0
u05247,freelancer,75396.74,0.0755,0.0146,0.0198,0.0378,6.69,0.4688,0,0,0
u05248,salaried,114761.43,0.0833,0.0245,0.0032,0.2698,4.56,0.2167,0,0,0
u05249,small_biz,128672.71,0.2461,0.0926,-0.0055,0.1135,2.54,0.1576,1,1,0
u05250,salaried,74219.3,0.0368,-0.0013,0.0379,0.3386,2.51,0.0078,2,3,0
u05251,salaried,74220.92,0.0554,0.0254,0.0408,0.4578,-0.36,-0.5273,2,6,1
u05252,freelancer,51908.05,0.2384,0.0257,0.0996,0.005,2.21,0.1688,1,2,0
u05253,salaried,78809.84,0.0635,-0.0264,0.0706,0.3227,1.04,-0.2625,3,6,1
u05254,freelancer,55838.79,0.2644,0.0265,0.0139,0.0953,2.03,0.1531,0,2,0
u05255,small_biz,214845.86,0.3308,-0.1078,0.0496,0.0552,5.44,0.36,1,2,0
u05256,freelancer,58509.6,0.2692,-0.0113,0.0673,0.0834,3.44,0.3102,0,0,0
u05257,small_biz,124590.57,0.1878,-0.0058,0.0353,0.0963,4.14,0.2226,0,1,0
u05258,freelancer,46700.38,0.5034,-0.0239,0.0551,0.0539,-0.93,-0.3264,1,5,1
u05259,salaried,63148.02,0.0275,0.0079,0.0601,0.1824,1.08,-0.2008,1,6,0
u05260,small_biz,188752.47,0.2242,0.0488,0.075,0.0765,2.12,0.1491,0,1,0
u05261,salaried,104943.4,0.0364,0.0127,0.0364,0.2079,6.49,0.3441,0,0,0
u05262,freelancer,49957.54,0.1005,0.0339,0.0359,0.1404,0.98,0.0273,0,2,1
u05263,salaried,74183.97,0.0606,0.0145,0.0638,0.3737,-0.73,-0.6165,1,6,1
u05264,freelancer,31170.39,0.3794,-0.1215,-0.0051,0.2433,-0.68,-0.4941,2,5,1
u05265,small_biz,178395.15,0.3473,-0.0753,0.0777,0.1254,6.48,0.3798,1,1,0
u05266,small_biz,152320.06,0.3504,-0.0431,0.047,0.1386,1.86,0.0302,1,3,0
u05267,freelancer,61343.71,0.4637,0.0019,0.0709,0.1292,2.47,0.1823,1,3,0
u05268,small_biz,161593.4,0.3063,-0.086,0.0095,0.1106,4.37,0.2834,0,2,0
u05269,small_biz,199874.94,0.2507,-0.1258,0.025,0.1314,3.44,0.193,2,2,0
u05270,salaried,56481.57,0.0716,-0.0109,0.0054,0.4669,1.47,-0.4866,5,6,0
u05271,small_biz,116190.02,0.3032,-0.0431,-0.0129,0.2337,0.4,-0.2263,3,4,1
u05272,salaried,72785.74,0.0573,-0.0286,0.0929,0.2832,0.62,-0.0951,0,5,1
u05273,freelancer,59997.77,0.1888,-0.0657,0.0721,0.0095,3.75,0.2587,1,1,0
u05274,small_biz,80589.82,0.4047,-0.0765,-0.0032,0.3655,-0.22,-0.9787,3,6,1
u05275,small_biz,92573.4,0.2567,-0.0534,0.0152,0.2776,-0.88,-0.461,5,6,1
u05276,salaried,121784.13,0.0364,0.0064,0.2208,0.0962,6.34,0.3567,1,1,0
u05277,freelancer,60699.82,0.1282,-0.0315,-0.0172,0.0553,5.37,0.3861,0,0,0
u05278,salaried,58173.32,0.0722,-0.0106,-0.046,0.5941,-0.64,-1.1287,0,6,1
u05279,salaried,62160.67,0.0534,0.0025,0.0048,0.447,2.41,-0.214,3,6,0
u05280,freelancer,58175.38,0.4198,0.0426,-0.0739,0.1165,3.05,0.2011,0,2,0
u05281,salaried,71720.4,0.0442,-0.0145,0.2018,0.3203,1.28,-0.6105,2,6,1
u05282,small_biz,119194.46,0.2976,-0.0445,-0.0318,0.2195,-0.02,-0.4458,1,5,1
u05283,salaried,95125.15,0.0328,0.0097,0.0108,0.3448,3.98,0.0189,0,3,0
u05284,freelancer,44245.85,0.3605,-0.0996,0.0697,0.0198,2.06,0.2095,0,1,0
u05285,small_biz,104006.79,0.46,-0.1749,0.0421,0.1397,0.99,-0.0202,2,4,0
u05286,salaried,119988.89,0.0497,0.0046,0.1442,0.1558,3.06,0.2372,0,0,0
u05287,freelancer,68369.76,0.3156,-0.0441,0.0846,0.0346,5.24,0.3528,0,1,0
u05288,small_biz,102306.94,0.3057,-0.0168,0.0043,0.1811,0.2,-0.489,3,5,1
u05289,freelancer,56911.24,0.2773,-0.0297,0.1246,0.0375,1.96,0.1139,1,2,0
u05290,small_biz,198431.53,0.3017,-0.1339,0.0591,0.0682,4.08,0.2588,0,1,0
u05291,salaried,86750.64,0.0486,0.0138,0.0302,0.3417,4.53,0.1156,0,0,0
u05292,freelancer,44884.57,0.4458,0.1371,0.0017,0.0964,1.11,0.0073,2,2,0
u05293,small_biz,228786.05,0.1758,0.0345,0.0216,0.1143,6.74,0.3795,0,0,0
u05294,freelancer,72200.11,0.4399,-0.0468,0.0054,0.0424,7.81,0.5162,1,1,0
u05295,salaried,58260.54,0.0501,0.0166,0.2078,0.392,-1.0,-0.5717,2,6,1
u05296,salaried,107671.47,0.0412,0.0,0.1818,0.2108,2.93,0.0477,2,2,0
u05297,small_biz,201891.07,0.0748,-0.0284,0.0209,0.0812,8.55,0.4117,0,0,0
u05298,salaried,94124.84,0.0558,-0.013,0.0659,0.2377,3.86,0.1149,0,1,0
u05299,salaried,107556.27,0.07,-0.0269,0.0639,0.1025,1.95,0.0584,0,1,0
u05300,salaried,64306.73,0.0201,0.0034,0.0408,0.4629,2.26,-0.4502,1,6,1
u05301,freelancer,37739.94,0.3602,-0.1801,-0.0316,0.0794,0.52,-0.1623,0,3,1
u05302,small_biz,182114.88,0.2765,0.0153,0.0152,0.1134,3.33,0.0404,2,3,0
u05303,freelancer,62571.42,0.3855,-0.1273,0.1054,0.0479,1.75,0.1097,0,3,0
u05304,salaried,87670.85,0.0492,-0.0016,0.032,0.3653,0.55,-0.3988,2,6,1
u05305,salaried,98684.49,0.0361,0.0117,0.0429,0.3416,2.78,0.1708,0,0,0
u05306,small_biz,218804.54,0.1862,-0.0515,0.0165,0.1074,4.61,0.321,0,0,0
u05307,small_biz,145728.66,0.159,0.0189,0.0552,0.1802,1.69,-0.0784,2,4,0
u05308,freelancer,47634.19,0.2297,-0.0221,0.0453,0.0529,0.18,-0.0771,1,4,1
u05309,salaried,68439.37,0.0381,-0.0025,0.0044,0.2687,2.44,-0.0361,0,4,0
u05310,freelancer,98015.07,0.1967,0.0935,0.0234,0.0633,10.19,0.5728,0,0,0
u05311,small_biz,181645.83,0.2875,0.0006,0.0318,0.0885,3.11,0.0457,1,2,0
u05312,small_biz,120022.42,0.2843,0.0528,0.0189,0.2046,0.95,-0.3163,1,5,0
u05313,freelancer,51637.49,0.3985,0.1641,0.0068,0.1253,3.77,0.3313,0,1,0
u05314,freelancer,42442.97,0.194,-0.0335,0.0805,0.0319,4.66,0.3782,0,0,0
u05315,salaried,82696.16,0.0251,0.0084,0.0802,0.3711,0.57,-0.0865,2,4,0
u05316,small_biz,182602.42,0.602,0.2117,0.0351,0.0967,5.24,0.359,1,2,0
u05317,freelancer,61902.77,0.4872,-0.0522,0.0834,0.031,4.09,0.3016,0,1,0
u05318,salaried,85571.63,0.0634,0.0135,0.0473,0.31,3.34,-0.0231,2,4,0
u05319,freelancer,51762.73,0.3211,-0.0831,0.0741,0.0059,4.72,0.406,0,1,0
u05320,freelancer,55585.23,0.3066,-0.1223,0.0556,0.0848,4.37,0.3761,0,1,0
u05321,freelancer,37767.81,0.5359,0.1185,0.0647,0.1316,-2.37,-0.8266,3,5,1
u05322,salaried,66554.91,0.025,0.0071,0.0701,0.5148,2.16,-0.3453,2,6,0
u05323,freelancer,40340.61,0.1573,-0.0465,0.0833,0.0192,-1.35,-0.3847,0,5,1
u05324,freelancer,79159.49,0.2436,0.0198,0.1128,0.0724,3.48,0.3072,1,1,0
u05325,salaried,112339.92,0.0706,0.0035,0.1682,0.1926,1.91,0.0375,2,4,0
u05326,freelancer,40139.62,0.1921,-0.0894,-0.0103,0.1412,2.67,0.2299,0,1,0
u05327,small_biz,198058.09,0.464,0.0054,-0.0103,0.1015,4.96,0.3789,1,1,0
u05328,freelancer,70500.57,0.2449,0.0568,0.0637,0.0145,6.51,0.5023,0,0,0
u05329,salaried,70004.66,0.0379,0.013,0.1772,0.478,0.43,-0.525,3,6,1
u05330,freelancer,89787.6,0.2811,0.0091,0.0458,0.0068,6.67,0.4892,0,0,0
u05331,small_biz,172934.77,0.3188,0.1098,0.0171,0.0936,1.31,0.0405,1,2,1
u05332,freelancer,75292.69,0.1761,0.0184,0.0792,0.061,6.14,0.4645,0,0,0
u05333,freelancer,48640.49,0.3336,-0.1099,0.0753,0.1097,-1.32,-0.3068,1,4,1
u05334,small_biz,167892.1,0.5298,-0.1513,0.0126,0.0754,2.81,0.1053,3,3,0
u05335,freelancer,46283.54,0.304,-0.1497,0.0688,0.1342,1.49,0.087,1,3,0
u05336,salaried,87487.33,0.0276,-0.0102,0.0626,0.1671,3.06,-0.0143,1,5,0
u05337,salaried,104041.03,0.0864,0.0142,0.0677,0.1595,4.2,0.3077,0,0,0
u05338,freelancer,60385.8,0.4355,0.0632,0.0517,0.0634,4.22,0.3192,0,1,0
u05339,freelancer,42066.15,0.2181,0.0539,0.0267,0.0982,0.74,-0.0016,2,4,0
u05340,small_biz,96337.44,0.2241,0.003,0.0798,0.1987,0.9,-0.3313,2,5,1
u05341,salaried,88412.51,0.0974,0.0445,0.0214,0.2093,4.65,0.2039,0,0,0
u05342,small_biz,136284.48,0.2641,0.0302,0.0083,0.1255,-0.23,-0.3071,2,4,1
u05343,salaried,83467.96,0.026,0.0006,0.0013,0.1881,2.39,-0.0724,2,3,0
u05344,small_biz,186514.87,0.3433,0.0409,-0.0115,0.0646,8.06,0.5154,0,1,0
u05345,freelancer,53442.19,0.4606,-0.2459,0.1016,0.0783,1.09,-0.0264,2,4,1
u05346,small_biz,137812.16,0.3599,0.1422,-0.0156,0.2156,1.77,-0.0546,1,3,0
u05347,small_biz,233562.29,0.0975,-0.0183,0.0018,0.0438,10.1,0.4958,0,0,0
u05348,small_biz,257701.74,0.0616,0.0113,0.043,0.0721,9.03,0.4812,0,1,0
u05349,salaried,81413.95,0.0428,-0.0006,0.061,0.299,1.45,0.0326,1,1,0
u05350,freelancer,38835.29,0.4257,0.1065,0.0674,0.0408,0.01,-0.3185,0,4,0
u05351,freelancer,46657.89,0.0919,0.0211,0.0004,0.0851,1.92,0.1352,1,1,0
u05352,salaried,55664.6,0.0438,0.0003,0.0228,0.5914,1.42,-0.5126,2,6,1
u05353,salaried,109948.42,0.0228,-0.0062,0.007,0.2225,5.87,0.2161,0,0,0
u05354,salaried,71282.6,0.0305,0.0134,0.067,0.2833,-0.85,-0.604,3,6,1
u05355,freelancer,53350.69,0.4709,0.0914,0.0122,0.0744,4.74,0.4249,0,1,0
u05356,small_biz,192816.37,0.1906,0.0408,0.0224,0.0842,3.35,0.1903,1,1,0
u05357,salaried,115975.97,0.0244,-0.0069,0.028,0.1475,5.52,0.311,0,0,0
u05358,freelancer,60365.95,0.4014,-0.2079,0.1117,0.0527,1.28,0.0121,0,3,1
u05359,freelancer,59082.73,0.3901,-0.1798,0.0381,0.1132,3.77,0.2809,0,1,0
u05360,salaried,79681.2,0.0394,-0.0129,0.1378,0.2116,-0.24,-0.2952,1,6,1
u05361,freelancer,52926.45,0.1916,0.0775,0.0817,0.125,3.05,0.2604,0,0,0
u05362,freelancer,71384.34,0.2061,0.0498,0.0394,0.0857,3.3,0.2853,1,1,0
u05363,salaried,56397.46,0.0777,0.0153,-0.0285,0.4643,-1.15,-0.5917,0,6,1
u05364,freelancer,53854.99,0.2344,0.019,0.0046,0.1026,2.21,0.1086,0,2,0
u05365,freelancer,71568.89,0.2863,-0.0678,0.0224,0.0861,4.12,0.3024,0,1,0
u05366,salaried,115296.67,0.0493,0.0082,0.059,0.2374,4.12,0.2646,0,1,0
u05367,freelancer,47425.79,0.2083,-0.0713,0.0772,0.0007,4.17,0.303,0,1,0
u05368,freelancer,45610.75,0.3115,-0.0879,0.1059,0.0142,1.6,0.1535,1,2,1
u05369,salaried,57144.61,0.0465,-0.0217,0.191,0.3857,-1.39,-1.0722,1,6,1
u05370,salaried,95238.02,0.0389,-0.0136,0.0011,0.2972,1.43,-0.0014,0,1,0
u05371,salaried,115523.42,0.0353,0.0018,0.0345,0.1531,6.97,0.4251,0,0,0
u05372,salaried,117132.3,0.0611,-0.0101,0.0654,0.2886,3.76,0.1215,0,1,0
u05373,salaried,71551.29,0.0603,-0.017,0.0032,0.4475,0.8,-0.4259,1,6,1
u05374,freelancer,76978.85,0.342,0.0876,0.1305,0.0436,3.86,0.3106,1,1,0
u05375,freelancer,67253.04,0.2445,0.001,0.0138,0.0513,3.83,0.3396,0,0,0
u05376,small_biz,204318.17,0.2315,0.0348,-0.0039,0.0666,6.08,0.3732,0,1,0
u05377,salaried,61797.61,0.0642,-0.0078,0.1366,0.211,1.4,-0.0631,1,4,0
u05378,salaried,82774.94,0.0306,0.0071,0.0287,0.2812,4.47,0.0898,0,0,0
u05379,salaried,80820.63,0.0511,-0.019,0.0127,0.2581,2.46,-0.0536,1,5,0
u05380,freelancer,41388.02,0.1874,-0.0168,-0.0264,0.105,0.09,-0.265,3,6,1
u05381,freelancer,50888.0,0.4209,0.2111,0.0265,0.0182,1.54,0.1665,1,2,0
u05382,freelancer,43410.75,0.4941,-0.0396,0.0412,0.1345,1.3,0.1444,1,2,0
u05383,freelancer,53350.54,0.2536,0.0032,0.0654,0.1455,2.54,0.1981,1,1,0
u05384,salaried,54786.66,0.059,0.014,0.0741,0.2043,0.66,-0.1253,3,6,1
u05385,small_biz,147754.95,0.2416,0.041,0.0698,0.1082,2.61,0.18,1,1,0
u05386,freelancer,66840.57,0.2604,-0.0585,0.123,0.022,7.09,0.495,0,0,0
u05387,freelancer,52114.04,0.188,0.0281,0.0261,0.0205,1.41,0.1138,1,2,0
u05388,freelancer,57302.88,0.2346,-0.067,0.0865,0.0698,2.05,0.1806,0,2,0
u05389,small_biz,204992.12,0.2448,0.0389,0.048,0.0835,5.65,0.3097,2,2,0
u05390,freelancer,39273.11,0.1616,0.046,0.0819,0.108,1.33,0.0839,0,1,1
u05391,salaried,114251.36,0.0742,0.0253,0.0359,0.2995,4.26,0.123,0,1,0
u05392,freelancer,72027.81,0.274,0.0427,0.1403,0.0945,5.26,0.4213,0,1,0
u05393,freelancer,33461.15,0.716,-0.3567,0.0684,0.1198,-0.85,-0.6117,2,4,1
u05394,freelancer,49873.46,0.248,-0.0013,0.05,0.1584,3.01,0.2099,1,1,0
u05395,freelancer,78790.11,0.2846,-0.0534,-0.0488,0.073,3.84,0.2531,0,2,0
u05396,freelancer,34967.22,0.4608,0.2247,0.069,0.1654,-1.29,-0.3137,2,5,1
u05397,freelancer,58531.08,0.3335,-0.1782,0.0351,0.117,0.94,0.05,1,2,1
u05398,small_biz,100272.0,0.4577,-0.1038,0.0518,0.2454,0.23,-0.4143,2,5,1
u05399,small_biz,128373.22,0.2702,0.0175,0.0203,0.1544,4.23,0.1689,2,3,0
u05400,salaried,57180.78,0.0525,0.014,0.1024,0.2429,2.66,-0.1626,3,6,0
u05401,freelancer,53807.31,0.2071,-0.0453,0.0173,0.1133,-0.18,-0.1078,1,3,1
u05402,freelancer,30696.49,0.6365,-0.077,0.0709,0.229,-2.85,-1.2523,3,6,1
u05403,freelancer,38674.85,0.3406,0.0761,0.0029,0.0771,1.92,0.1822,1,2,0
u05404,freelancer,64869.83,0.3132,-0.0628,0.0023,0.0936,4.15,0.3525,0,1,0
u05405,small_biz,96209.88,0.358,0.0777,0.0253,0.3083,0.21,-0.6452,2,6,1
u05406,salaried,56048.6,0.0543,0.0148,0.1547,0.5275,0.76,-0.8036,1,6,1
u05407,salaried,107584.84,0.0297,0.0149,-0.004,0.3153,1.72,0.0291,1,1,0
u05408,salaried,116978.54,0.0267,0.0041,0.0793,0.2247,7.26,0.4236,0,0,0
u05409,freelancer,68231.1,0.2723,-0.0648,0.0467,0.0643,4.89,0.3733,0,1,0
u05410,freelancer,52575.26,0.1502,-0.0355,-0.0054,0.0982,0.66,-0.051,0,3,1
u05411,freelancer,46948.33,0.2136,0.0159,0.1325,0.0507,3.68,0.271,1,1,0
u05412,small_biz,91513.61,0.2356,0.1312,0.0346,0.2704,-0.15,-0.5192,2,6,1
u05413,small_biz,207623.3,0.129,0.0042,0.0511,0.0836,2.39,0.125,0,1,0
u05414,freelancer,46588.98,0.3631,-0.1057,0.0556,0.1116,1.6,0.0607,2,3,0
u05415,freelancer,49834.79,0.4801,0.152,0.0807,0.0229,1.45,0.1306,2,2,1
u05416,small_biz,103767.32,0.2434,-0.024,0.0546,0.1837,0.42,-0.3307,1,5,1
u05417,freelancer,64313.75,0.2941,-0.0865,0.0344,0.1061,2.01,0.1302,0,2,0
u05418,salaried,49301.36,0.0409,-0.0141,0.0382,0.4462,1.21,-0.7007,3,6,1
u05419,freelancer,89289.46,0.224,0.0249,0.0495,0.0259,7.78,0.5328,0,0,0
u05420,freelancer,75089.15,0.3359,-0.058,0.071,0.0169,6.53,0.4853,0,0,0
u05421,freelancer,39731.87,0.2074,0.048,0.0767,0.0625,-0.14,-0.1587,0,5,1
u05422,small_biz,115578.58,0.1434,-0.0237,0.0436,0.113,-0.33,-0.5043,1,6,1
u05423,freelancer,47867.52,0.1845,0.0161,0.006,0.0504,0.76,-0.0462,1,3,0
u05424,salaried,107815.87,0.0518,-0.0186,-0.0066,0.1294,6.79,0.3404,0,0,0
u05425,freelancer,53890.1,0.2407,-0.0264,0.0739,0.1211,2.27,0.1603,0,1,0
u05426,freelancer,58961.14,0.3825,-0.1113,0.0622,0.1064,2.4,0.1978,0,2,0
u05427,salaried,55666.31,0.0925,0.0253,0.0386,0.4974,0.77,-0.3202,3,6,1
u05428,salaried,53330.4,0.0477,-0.0028,0.07,0.5363,-1.02,-0.7924,3,6,1
u05429,freelancer,51283.07,0.0904,-0.0089,0.0428,0.0993,-0.22,-0.1868,3,6,1
u05430,freelancer,48733.8,0.7105,-0.2085,0.0806,0.0496,0.17,-0.0756,2,3,1
u05431,salaried,93873.03,0.0408,-0.0007,-0.0056,0.3644,4.5,0.1316,0,0,0
u05432,freelancer,64618.48,0.2062,0.0612,0.101,0.077,1.17,0.0573,1,3,0
u05433,small_biz,204894.54,0.1392,-0.0016,0.0685,0.1253,3.09,0.1699,1,1,0
u05434,salaried,90389.92,0.02,0.0089,0.1226,0.1239,0.88,-0.1812,2,6,1
u05435,small_biz,203723.89,0.2941,0.0356,0.1049,0.1257,6.95,0.4,0,1,0
u05436,freelancer,43255.3,0.3024,-0.1419,0.0817,0.1358,0.58,-0.0321,0,3,1
u05437,freelancer,77236.36,0.1055,-0.0333,0.1251,0.0272,10.76,0.6297,0,0,0
u05438,freelancer,44478.11,0.6629,0.0078,0.0037,0.0967,3.12,0.2438,4,4,0
u05439,freelancer,53283.64,0.411,0.0242,0.0537,0.0898,0.48,-0.1232,3,3,0
u05440,salaried,51428.04,0.0434,-0.0001,-0.023,0.4429,-0.24,-0.4692,1,6,1
u05441,small_biz,127022.73,0.1963,-0.0078,-0.0005,0.1027,3.87,0.242,0,1,0
u05442,salaried,61597.28,0.0669,0.0178,-0.0118,0.5128,1.86,-0.4447,5,6,0
u05443,freelancer,54327.68,0.3562,-0.097,0.0429,0.1145,0.53,-0.0674,1,4,1
u05444,freelancer,83412.4,0.3225,0.0491,0.0261,0.056,5.44,0.4299,0,1,0
u05445,freelancer,43034.58,0.3952,-0.0384,0.0358,0.1429,-0.38,-0.2125,1,4,1
u05446,small_biz,201625.25,0.2665,0.1358,0.0011,0.1214,2.71,0.1624,1,1,0
u05447,freelancer,62034.08,0.3415,-0.0511,0.0895,0.0197,3.8,0.3354,0,1,0
u05448,freelancer,51411.51,0.3215,0.094,0.05,0.0044,3.16,0.2862,1,2,0
u05449,salaried,70317.21,0.041,0.0103,0.1808,0.4101,1.04,-0.814,2,6,1
u05450,salaried,52168.29,0.0691,-0.0026,0.1077,0.3976,0.53,-0.6603,3,6,1
u05451,salaried,113091.31,0.0452,-0.0037,0.0419,0.2551,2.46,0.0161,0,2,0
u05452,salaried,110430.72,0.0568,0.0114,0.0105,0.198,6.67,0.3186,0,0,0
u05453,salaried,113920.27,0.0321,-0.0018,0.011,0.1485,2.14,0.0413,0,1,0
u05454,small_biz,86003.29,0.3209,0.1478,-0.0074,0.1808,-1.0,-0.6798,2,6,1
u05455,small_biz,86874.8,0.3408,-0.1479,0.0451,0.1873,0.87,-0.413,1,5,0
u05456,salaried,55798.18,0.0445,0.005,0.1856,0.3494,-1.89,-0.9191,2,6,1
u05457,freelancer,33201.26,0.5418,-0.0356,0.0315,0.1054,-0.71,-0.4707,3,5,1
u05458,salaried,85971.6,0.0305,0.0157,0.0975,0.2001,5.18,0.3199,0,0,0
u05459,small_biz,93258.57,0.3514,-0.0193,0.006,0.285,0.53,-0.4065,4,5,1
u05460,small_biz,232540.42,0.2604,-0.128,0.0314,0.0694,5.31,0.2551,0,1,0
u05461,small_biz,87798.58,0.2602,-0.0224,0.0355,0.3046,-1.28,-0.6246,4,6,1
u05462,freelancer,33270.82,0.2659,-0.132,0.0379,0.0844,-1.83,-0.5612,3,6,1
u05463,small_biz,185654.48,0.4138,-0.0235,0.0515,0.1204,5.82,0.3403,2,2,0
u05464,freelancer,78319.47,0.4038,0.0972,0.0586,0.007,8.04,0.4809,1,1,0
u05465,salaried,111723.86,0.0357,-0.0049,-0.0304,0.0976,4.86,0.3286,0,0,0
u05466,salaried,76802.82,0.0414,0.0109,0.0449,0.3868,3.46,-0.0396,2,5,0
u05467,small_biz,167943.43,0.3459,0.0022,0.0512,0.0819,5.48,0.2974,1,1,0
u05468,salaried,114975.4,0.0759,0.027,-0.013,0.1262,5.8,0.3957,0,0,0
u05469,salaried,111515.9,0.0342,-0.0073,0.0418,0.289,4.0,0.1486,0,0,0
u05470,freelancer,45768.04,0.4131,0.0697,0.0405,0.0046,2.38,0.205,0,1,0
u05471,freelancer,44439.78,0.4616,-0.2336,0.0813,0.0389,1.0,-0.008,1,2,0
u05472,freelancer,45683.86,0.1265,-0.0203,-0.0036,0.0372,2.46,0.1874,0,0,0
u05473,freelancer,49064.32,0.363,-0.1957,-0.0026,0.0072,2.33,0.166,0,2,1
u05474,small_biz,79662.83,0.6085,0.0948,0.012,0.3076,-0.17,-0.6993,2,5,1
u05475,freelancer,57246.92,0.2479,0.0613,-0.0259,0.063,1.32,0.0888,1,3,0
u05476,small_biz,144381.67,0.3764,-0.1901,0.0393,0.133,1.15,-0.2749,4,5,1
u05477,freelancer,71467.6,0.5545,-0.0676,0.1225,0.0105,5.54,0.4609,0,1,0
u05478,small_biz,205594.0,0.169,0.069,0.0179,0.0988,3.71,0.1223,0,1,0
u05479,freelancer,69202.28,0.4763,-0.1069,0.0663,0.1047,3.64,0.3504,0,1,0
u05480,freelancer,53750.85,0.1891,0.008,0.0977,0.042,3.03,0.2136,0,1,0
u05481,small_biz,178461.81,0.4526,-0.0291,0.0427,0.064,3.07,0.2151,1,2,0
u05482,salaried,120429.69,0.11,0.015,0.0471,0.1035,5.28,0.3172,0,0,0
u05483,salaried,74674.86,0.0675,0.0106,0.0165,0.2801,1.32,0.0129,1,2,0
u05484,salaried,78950.71,0.0415,0.0117,0.0051,0.2175,1.93,0.0002,2,3,0
u05485,freelancer,26845.0,0.7908,0.0018,0.0034,0.1815,-1.76,-0.5433,1,4,1
u05486,salaried,78766.55,0.0879,0.0178,0.0107,0.3675,0.52,-0.0887,1,5,1
u05487,small_biz,166766.96,0.2463,-0.0199,0.0162,0.1596,4.47,0.3628,0,1,0
u05488,salaried,62195.72,0.0935,0.0328,0.0182,0.2882,0.3,-0.294,1,6,1
u05489,salaried,110242.82,0.0242,-0.0087,0.0233,0.2464,3.37,0.1666,0,0,0
u05490,freelancer,66779.04,0.386,-0.1474,0.1332,0.0846,3.73,0.3481,0,2,0
u05491,freelancer,40061.47,0.5984,-0.2761,0.0686,0.0957,-0.4,-0.0964,1,3,1
u05492,freelancer,67566.23,0.2513,0.0777,-0.0491,0.1061,4.63,0.3998,0,1,0
u05493,small_biz,177396.0,0.4161,0.0082,0.0648,0.1401,2.98,0.1217,1,3,0
u05494,salaried,92825.18,0.0374,0.0111,0.1777,0.1519,5.84,0.2526,1,1,0
u05495,salaried,58830.88,0.0205,-0.0027,-0.0388,0.5357,-0.71,-0.4885,1,6,1
u05496,small_biz,191665.57,0.3628,-0.1013,0.0186,0.0823,6.31,0.4243,0,1,0
u05497,salaried,97063.25,0.0208,0.0041,0.1422,0.2514,1.14,-0.0049,0,1,1
u05498,small_biz,115280.9,0.3192,-0.0494,0.0114,0.1846,0.2,-0.6715,1,6,1
u05499,freelancer,63996.94,0.1599,-0.0012,0.0244,0.1105,0.88,0.0416,0,2,0
u05500,freelancer,47212.27,0.5695,0.0457,-0.035,0.1183,-0.3,-0.1458,2,4,1
u05501,small_biz,120266.03,0.3723,-0.193,-0.01,0.2131,-1.09,-0.5855,5,6,1
u05502,salaried,71394.04,0.0399,0.0072,0.1486,0.2769,2.39,-0.1444,3,6,1
u05503,small_biz,208430.5,0.2903,-0.037,0.0415,0.0878,4.13,0.3078,0,1,0
u05504,small_biz,147967.37,0.286,-0.0871,0.0473,0.1629,1.28,-0.2711,3,4,0
u05505,freelancer,55212.5,0.1978,-0.0013,0.091,0.0898,0.72,0.0224,1,2,0
u05506,salaried,92967.6,0.0307,0.0105,0.0714,0.3033,4.18,0.056,0,0,0
u05507,freelancer,44387.93,0.3885,0.0517,0.0916,0.1491,1.64,0.1533,1,1,0
u05508,small_biz,118739.54,0.296,0.1374,0.0177,0.0849,1.21,-0.1065,0,4,0
u05509,small_biz,106577.84,0.3161,0.1349,0.0125,0.2231,0.29,-0.1884,2,4,0
u05510,freelancer,53444.54,0.2389,0.0688,0.036,0.0,3.32,0.2739,0,1,0
u05511,freelancer,73356.06,0.3301,-0.1651,0.0469,0.0214,6.07,0.375,1,2,0
u05512,small_biz,107548.05,0.2024,0.073,-0.0023,0.0946,3.86,0.205,1,1,0
u05513,freelancer,86791.51,0.3784,-0.0336,-0.017,0.0267,9.14,0.5372,0,0,0
u05514,freelancer,64948.03,0.3105,-0.0902,0.0811,0.0328,3.7,0.3154,0,1,0
u05515,salaried,61727.02,0.0277,0.0098,0.0292,0.2707,0.33,-0.2792,1,6,1
u05516,freelancer,51687.12,0.3374,0.0123,0.0225,0.0741,3.3,0.3178,0,2,0
u05517,small_biz,146758.16,0.3365,-0.1542,0.036,0.148,0.67,-0.1861,0,4,1
u05518,salaried,96312.15,0.0392,-0.0105,-0.0088,0.2605,5.22,0.1469,0,0,0
u05519,salaried,101780.96,0.0451,0.0141,0.1999,0.198,1.78,-0.0443,2,4,1
u05520,salaried,79992.64,0.0631,0.0145,0.0798,0.3406,2.13,-0.3102,1,6,0
u05521,small_biz,151967.52,0.3891,0.1011,0.0686,0.0932,4.53,0.1964,1,3,0
u05522,freelancer,63130.72,0.3393,-0.0556,-0.0214,0.0286,4.73,0.3877,0,1,0
u05523,salaried,80725.64,0.0679,0.0193,0.0001,0.2788,1.06,-0.1528,3,6,1
u05524,salaried,71134.7,0.0474,-0.0098,0.0198,0.2346,2.3,-0.213,1,6,0
u05525,freelancer,57689.14,0.3973,0.1228,0.1082,0.0014,2.59,0.1775,1,3,0
u05526,freelancer,53872.49,0.3906,0.0023,0.0498,0.0839,0.54,-0.063,1,4,0
u05527,salaried,68081.85,0.0635,0.0206,-0.0001,0.3954,2.22,-0.283,3,6,0
u05528,small_biz,197069.68,0.2485,-0.0325,0.1055,0.0881,3.12,0.2507,1,1,0
u05529,salaried,61617.71,0.0278,-0.0025,0.0281,0.3638,1.23,-0.3057,2,6,1
u05530,freelancer,73104.16,0.2257,-0.0364,0.0732,0.066,7.45,0.5079,0,0,0
u05531,salaried,72598.31,0.051,0.0186,0.0461,0.4743,2.03,-0.3345,2,6,0
u05532,salaried,75373.95,0.0546,-0.0011,0.0101,0.1872,1.19,-0.3556,4,6,1
u05533,small_biz,137253.35,0.3799,-0.1917,0.0512,0.2009,-0.7,-0.3629,1,3,1
u05534,small_biz,226320.29,0.2391,0.1055,0.0495,0.0745,7.68,0.3561,1,1,0
u05535,salaried,58695.88,0.0354,-0.0142,0.099,0.2023,-0.76,-0.4615,3,6,1
u05536,freelancer,39510.64,0.14,0.0021,0.0246,0.0536,0.37,-0.0767,3,3,1
u05537,small_biz,95619.56,0.3646,-0.0434,0.0048,0.1931,1.44,-0.3385,3,5,0
u05538,freelancer,68247.11,0.2487,-0.0474,0.0113,0.0647,1.34,0.0285,2,2,0
u05539,small_biz,213625.71,0.1833,0.0194,0.0117,0.0568,7.39,0.4859,0,0,0
u05540,freelancer,95358.54,0.2223,0.0249,0.037,0.0707,11.32,0.6338,0,0,0
u05541,salaried,119576.15,0.0536,-0.0137,0.0198,0.1693,6.54,0.3579,0,0,0
u05542,freelancer,70184.48,0.5499,-0.2536,0.0297,0.0446,3.89,0.3375,2,2,0
u05543,salaried,84538.93,0.0379,-0.0147,0.2283,0.3978,0.23,-0.151,2,5,1
u05544,small_biz,150375.85,0.2949,-0.0173,0.0514,0.1912,0.44,-0.12,2,4,0
u05545,freelancer,53757.64,0.151,0.0281,-0.0237,0.1268,1.6,0.1491,1,1,1
u05546,freelancer,57358.23,0.2522,0.067,-0.0008,0.0081,1.28,0.0263,1,2,0
u05547,salaried,60166.68,0.0877,0.0433,0.1487,0.4857,-1.86,-1.2605,3,6,1
u05548,freelancer,65806.72,0.2614,0.0941,0.0475,0.0525,6.67,0.5108,0,0,0
u05549,salaried,63502.24,0.0391,0.0181,0.0411,0.3199,1.66,-0.0019,4,4,0
u05550,small_biz,90327.09,0.269,-0.066,0.0687,0.1927,-0.89,-0.9733,2,6,1
u05551,freelancer,75976.8,0.4433,0.1058,0.0182,0.1008,4.61,0.4174,0,1,0
u05552,freelancer,64208.62,0.5043,0.1918,0.0284,0.0564,2.83,0.282,0,1,0
u05553,small_biz,140747.65,0.4206,0.0194,0.0568,0.0892,1.1,-0.0888,1,4,0
u05554,freelancer,77790.79,0.1776,0.0607,0.049,0.0227,7.99,0.52,0,0,0
u05555,small_biz,238302.6,0.1452,0.0616,-0.0102,0.0775,8.49,0.4826,0,0,0
u05556,small_biz,225419.29,0.2042,-0.0043,-0.03,0.1188,4.1,0.2781,0,1,0
u05557,salaried,117010.16,0.0351,-0.0066,0.0534,0.0971,6.8,0.3437,0,0,0
u05558,freelancer,62778.94,0.4047,0.034,0.0164,0.1124,5.68,0.4198,0,1,0
u05559,freelancer,73892.02,0.284,0.1296,0.0884,0.0156,7.53,0.5424,0,0,0
u05560,freelancer,40427.64,0.4468,-0.212,0.0846,0.0273,1.13,-0.0216,0,2,0
u05561,freelancer,75858.49,0.2456,-0.061,-0.0199,0.0134,9.87,0.5786,0,0,0
u05562,salaried,96392.57,0.0307,0.0054,-0.0148,0.3206,4.47,0.2178,0,0,0
u05563,freelancer,65734.19,0.13,0.0292,-0.0029,0.1152,5.95,0.4799,0,0,0
u05564,salaried,59704.5,0.0794,0.0393,-0.0079,0.2781,2.08,-0.4946,3,6,0
u05565,salaried,58888.58,0.0194,0.0032,0.0404,0.2573,0.19,-0.2799,0,6,1
u05566,freelancer,59487.26,0.4597,0.0215,0.0681,0.0303,6.39,0.4957,0,0,0
u05567,small_biz,199973.7,0.1082,0.0065,0.0048,0.08,8.35,0.5503,0,0,0
u05568,salaried,98210.18,0.0394,0.0123,0.0296,0.1317,6.17,0.2599,0,1,0
u05569,small_biz,118015.48,0.4163,0.0615,0.0395,0.0948,2.06,0.0882,0,2,0
u05570,freelancer,51184.98,0.2577,0.0424,0.046,0.0795,1.06,0.017,0,4,0
u05571,small_biz,191332.71,0.3304,-0.025,-0.003,0.1484,6.23,0.3945,1,1,0
u05572,salaried,82973.38,0.034,0.0174,0.0348,0.3301,3.92,0.0556,1,1,0
u05573,salaried,101736.19,0.0407,0.0022,0.0806,0.2385,5.24,0.2475,0,0,0
u05574,freelancer,63548.46,0.1245,0.0235,0.0494,0.0356,4.19,0.3901,0,0,0
u05575,salaried,85965.4,0.0297,0.0041,0.0255,0.3502,-0.51,-0.3638,2,6,1
u05576,salaried,71730.73,0.0502,-0.0189,-0.016,0.2238,1.34,-0.1054,1,6,0
u05577,salaried,83914.35,0.021,0.005,0.0461,0.3132,-0.07,-0.2873,2,6,1
u05578,freelancer,65850.01,0.2633,0.0978,0.0427,0.1214,4.43,0.3255,0,1,0
u05579,freelancer,65975.68,0.1413,0.0526,0.0027,0.0025,2.84,0.255,0,1,0
u05580,freelancer,47066.5,0.3043,-0.0785,0.1123,0.0903,3.95,0.3167,1,1,0
u05581,small_biz,125993.32,0.2649,-0.0056,-0.0074,0.1628,1.58,-0.2326,2,4,0
u05582,small_biz,119611.02,0.3988,0.1942,0.0038,0.2284,1.1,-0.4065,3,5,0
u05583,freelancer,75294.69,0.1101,-0.0361,0.1103,0.0578,0.66,0.0372,1,2,0
u05584,freelancer,52104.03,0.2742,-0.1077,0.0457,0.078,-0.83,-0.2297,2,5,1
u05585,freelancer,47992.31,0.4241,-0.2061,0.0421,0.075,1.6,0.0533,1,2,1
u05586,salaried,83890.08,0.0439,0.0236,-0.0264,0.3561,1.76,0.0601,0,1,0
u05587,freelancer,63073.07,0.2128,-0.0747,-0.0,0.0201,6.37,0.4526,0,0,0
u05588,freelancer,61111.51,0.2992,0.0025,-0.0595,0.1185,4.3,0.3353,1,1,0
u05589,salaried,91938.7,0.0629,-0.0148,0.0711,0.1563,1.14,-0.0566,0,4,0
u05590,small_biz,200005.6,0.3734,-0.055,0.0094,0.0609,4.88,0.2862,0,2,0
u05591,small_biz,134623.84,0.3188,-0.0372,-0.0092,0.2134,1.4,0.0149,3,3,0
u05592,freelancer,53927.81,0.3051,-0.0071,0.0082,0.0797,2.82,0.2614,0,1,0
u05593,freelancer,76293.82,0.1647,-0.0454,-0.008,0.0117,8.03,0.4417,0,0,0
u05594,salaried,70957.64,0.0556,0.0245,0.1517,0.2534,0.63,-0.3971,1,6,1
u05595,freelancer,84327.82,0.181,0.0801,0.0897,0.0913,5.88,0.4158,0,0,0
u05596,small_biz,139005.99,0.3737,0.0323,0.0588,0.0747,1.64,0.0175,0,3,0
u05597,salaried,69508.7,0.03,0.0112,0.0679,0.2699,-0.36,-0.2959,3,6,1
u05598,freelancer,39145.42,0.4795,0.185,0.0423,0.0503,-1.95,-0.7129,4,6,1
u05599,small_biz,191545.69,0.1129,-0.0203,0.0267,0.1036,5.71,0.4394,0,0,0
u05600,freelancer,59209.74,0.1454,-0.0071,-0.0191,0.0185,7.77,0.516,0,0,0
u05601,salaried,73447.58,0.0597,0.0234,-0.0202,0.3172,0.91,-0.6282,2,6,1
u05602,salaried,78249.08,0.0346,0.0127,0.0161,0.2172,2.22,0.0613,0,1,0
u05603,freelancer,59889.4,0.3015,-0.0192,0.0188,0.0286,5.13,0.355,0,1,0
u05604,small_biz,89703.99,0.3978,0.0261,0.0403,0.1732,-0.39,-0.4793,2,5,1
u05605,freelancer,41260.6,0.037,-0.0123,0.0104,0.1013,-0.13,-0.3113,4,6,1
u05606,salaried,112448.64,0.0308,-0.0092,-0.021,0.1219,4.48,0.3507,0,0,0
u05607,salaried,107086.48,0.0279,0.0015,0.0923,0.1285,5.08,0.3425,0,0,0
u05608,small_biz,132959.12,0.3225,-0.0386,-0.0192,0.1026,2.09,-0.1114,1,3,0
u05609,salaried,73614.43,0.024,0.0076,0.0291,0.2724,1.83,-0.1211,3,6,0
u05610,small_biz,239253.08,0.0889,-0.0241,0.0212,0.0497,7.12,0.4128,0,0,0
u05611,salaried,101973.12,0.0673,-0.0226,0.0413,0.2754,3.33,0.0625,0,1,0
u05612,freelancer,54707.08,0.1915,0.0458,0.0458,0.0088,4.36,0.3507,0,0,0
u05613,freelancer,52775.04,0.2503,0.059,0.0237,0.0852,1.03,0.0844,0,1,0
u05614,freelancer,47433.85,0.3679,-0.1287,0.0045,0.0046,5.09,0.3464,0,1,0
u05615,freelancer,72835.46,0.3442,-0.144,0.169,0.0405,8.39,0.5357,0,0,0
u05616,salaried,85605.23,0.0444,0.0042,0.0967,0.3773,-0.52,-0.3576,1,6,1
u05617,salaried,74679.89,0.0778,0.0278,0.0573,0.4125,1.78,-0.1439,2,6,1
u05618,small_biz,154504.0,0.4581,0.1865,-0.027,0.1523,2.72,0.1639,1,2,0
u05619,salaried,53374.67,0.0605,0.0192,0.0274,0.4111,-0.1,-0.3517,3,6,1
u05620,salaried,68185.18,0.0225,-0.0048,0.1348,0.4473,1.19,-0.4131,3,6,1
u05621,small_biz,171402.25,0.2127,0.0181,-0.0214,0.0634,6.96,0.409,0,1,0
u05622,freelancer,59593.92,0.2977,-0.1142,0.0207,0.0114,2.87,0.2301,1,1,0
u05623,small_biz,70246.68,0.4351,0.1231,0.042,0.3777,-1.16,-1.3841,4,6,1
u05624,freelancer,50454.19,0.1708,0.0269,0.0606,0.0032,4.46,0.3246,0,1,0
u05625,freelancer,64178.28,0.3025,-0.1628,0.0545,0.0906,1.21,0.0417,1,3,0
u05626,salaried,71689.71,0.028,-0.0114,-0.0186,0.3801,1.16,-0.3557,3,6,1
u05627,freelancer,81539.93,0.1039,-0.0219,0.0181,0.0313,3.74,0.3325,1,1,0
u05628,freelancer,78256.38,0.2707,-0.0926,-0.0164,0.0378,7.78,0.4732,0,0,0
u05629,salaried,73941.11,0.0513,-0.0168,0.1349,0.2914,0.96,-0.5208,3,6,1
u05630,salaried,70178.64,0.0243,0.008,0.031,0.3727,-0.46,-0.5511,0,6,1
u05631,freelancer,43020.26,0.3288,-0.1853,0.0103,0.0791,-0.27,-0.2281,1,4,1
u05632,small_biz,221332.26,0.3708,-0.051,0.0069,0.0613,6.82,0.3976,0,0,0
u05633,freelancer,56412.77,0.2452,-0.0915,0.0462,0.0968,2.11,0.1079,1,2,0
u05634,small_biz,87930.1,0.3061,0.017,0.019,0.3148,-0.77,-0.5878,2,6,1
u05635,freelancer,49700.12,0.5976,-0.0647,0.0904,0.0221,1.3,0.1032,0,2,1
u05636,freelancer,76760.05,0.2901,-0.0841,0.0604,0.0925,1.4,0.0813,1,3,1
u05637,small_biz,91275.38,0.2155,0.0495,0.0754,0.2601,-0.0,-0.318,4,6,1
u05638,salaried,63356.2,0.0538,-0.0075,-0.0042,0.4142,2.45,-0.0718,3,5,0
u05639,small_biz,237781.05,0.2485,0.0006,0.0146,0.0827,8.24,0.4768,0,0,0
u05640,small_biz,84543.47,0.3343,0.0874,0.0136,0.1401,-0.04,-0.4647,4,6,1
u05641,small_biz,75880.71,0.4814,-0.0092,0.067,0.1336,-0.94,-0.9641,3,6,1
u05642,small_biz,190534.69,0.3291,-0.095,0.0579,0.0632,3.83,0.2382,0,2,0
u05643,salaried,62268.48,0.0637,0.015,0.0489,0.4281,2.05,-0.2896,1,6,0
u05644,small_biz,168311.83,0.3475,-0.1102,-0.0115,0.1008,2.08,-0.0895,0,3,0
u05645,small_biz,140069.16,0.3813,0.0135,0.072,0.1027,2.3,0.0989,3,3,0
u05646,small_biz,81477.42,0.3965,-0.1371,0.0195,0.2176,-0.53,-1.3385,4,6,1
u05647,salaried,126480.82,0.0875,0.0447,0.0745,0.1405,6.19,0.4143,0,1,0
u05648,salaried,62909.96,0.0159,0.0073,0.0359,0.3547,0.71,-0.7025,2,6,1
u05649,salaried,61237.54,0.0581,0.02,-0.016,0.3767,1.4,-0.4716,4,6,1
u05650,small_biz,132244.74,0.2584,-0.0723,0.069,0.103,2.69,0.134,0,2,0
u05651,salaried,117912.5,0.1036,0.0266,0.1344,0.1505,4.66,0.2645,1,1,0
u05652,freelancer,59415.1,0.3112,-0.077,0.0012,0.0665,2.17,0.1051,1,1,0
u05653,freelancer,63161.95,0.3023,0.1286,0.0075,0.111,2.12,0.119,1,2,0
u05654,freelancer,48488.68,0.2195,-0.0351,0.0742,0.0118,1.04,-0.0462,2,3,1
u05655,small_biz,104111.94,0.2243,0.0925,0.0512,0.2479,1.29,-0.1309,2,4,0
u05656,salaried,118210.75,0.0221,-0.0043,0.0385,0.1422,6.97,0.3473,0,0,0
u05657,freelancer,63335.51,0.3643,-0.041,0.0853,0.0461,2.4,0.1935,2,3,0
u05658,freelancer,74321.77,0.326,0.1402,0.0224,0.0287,7.67,0.5183,0,0,0
u05659,salaried,77458.47,0.0368,0.0062,0.0632,0.2635,2.46,-0.2532,1,6,0
u05660,salaried,108274.22,0.0294,0.0099,0.0078,0.114,2.68,0.0843,0,1,0
u05661,small_biz,84246.34,0.5172,0.0443,0.0043,0.158,-0.2,-0.6099,1,5,1
u05662,salaried,61591.62,0.0776,-0.0024,0.1605,0.177,-0.96,-0.54,2,6,1
u05663,freelancer,64135.99,0.3381,-0.1646,0.035,0.1102,2.38,0.252,1,1,0
u05664,freelancer,49384.13,0.3138,-0.0435,0.0487,0.1393,0.26,-0.0726,2,3,1
u05665,small_biz,210248.36,0.256,-0.0116,0.0213,0.0799,3.48,0.1401,2,3,0
u05666,freelancer,52370.99,0.3324,-0.0508,0.0789,0.0885,1.82,0.0728,0,1,0
u05667,freelancer,33690.87,0.47,0.118,0.1046,0.0314,0.44,-0.0113,0,2,1
u05668,small_biz,168219.49,0.3652,0.016,-0.0007,0.1206,6.76,0.4804,0,0,0
u05669,small_biz,111382.9,0.2624,-0.077,-0.0034,0.249,-0.95,-0.5867,3,6,1
u05670,freelancer,61218.82,0.3473,-0.0028,0.0683,0.1031,3.65,0.3204,0,1,0
u05671,freelancer,58196.96,0.222,-0.0973,0.0275,0.0792,3.95,0.2709,1,1,0
u05672,small_biz,116125.77,0.3252,-0.0374,0.0005,0.1477,1.84,-0.1434,1,2,0
u05673,freelancer,47016.93,0.2706,-0.1031,0.009,0.0653,-0.85,-0.2189,1,4,1
u05674,freelancer,73145.16,0.343,0.0956,0.0529,0.0908,0.87,0.0541,0,3,0
u05675,freelancer,61432.81,0.3016,-0.1007,0.1169,0.0744,3.52,0.3377,1,1,0
u05676,small_biz,144647.08,0.4464,0.157,-0.004,0.1732,2.06,-0.0673,0,2,0
u05677,salaried,82288.3,0.0446,0.0099,0.0266,0.1876,1.96,-0.1307,3,6,0
u05678,freelancer,41807.47,0.2688,-0.0811,0.0486,0.0451,0.56,-0.0632,1,4,1
u05679,salaried,94231.55,0.0649,0.0145,-0.0303,0.2402,5.32,0.2477,1,1,0
u05680,small_biz,206029.86,0.323,-0.0438,0.0005,0.119,3.41,0.2487,1,2,0
u05681,salaried,111520.31,0.0507,0.0205,0.0475,0.1355,8.17,0.4524,0,0,0
u05682,salaried,57703.4,0.0272,0.0098,0.0269,0.1771,-0.01,-0.5127,3,6,1
u05683,small_biz,119730.26,0.2748,-0.0321,0.0708,0.2024,1.56,0.0156,1,3,0
u05684,freelancer,57415.07,0.283,-0.0575,0.0439,0.0832,3.24,0.2804,1,1,0
u05685,freelancer,62959.68,0.3161,-0.0631,0.0625,0.0765,1.95,0.1248,1,2,0
u05686,small_biz,124881.81,0.4003,0.0435,0.0207,0.1774,3.28,0.1489,0,2,0
u05687,small_biz,151874.35,0.3886,-0.072,-0.0141,0.1033,5.61,0.3555,1,2,0
u05688,small_biz,126423.8,0.3386,0.016,-0.02,0.0864,1.49,-0.2719,3,4,1
u05689,freelancer,83614.74,0.4066,-0.1346,0.0719,0.0492,6.67,0.4799,0,1,0
u05690,salaried,101854.47,0.0425,0.0011,0.0779,0.3357,3.38,0.2048,0,1,0
u05691,small_biz,161122.7,0.2095,0.0252,-0.0177,0.0919,4.01,0.1497,0,1,0
u05692,freelancer,58413.26,0.4546,0.1384,0.1025,0.0089,2.84,0.1956,2,3,0
u05693,freelancer,88042.01,0.3083,-0.1292,0.1008,0.0187,10.94,0.63,0,0,0
u05694,freelancer,52351.44,0.408,-0.0426,0.0238,0.1124,4.89,0.3694,0,1,0
u05695,freelancer,48814.39,0.2662,0.0971,0.0715,0.019,2.6,0.1392,1,1,0
u05696,small_biz,147082.46,0.3881,-0.0862,0.0592,0.1435,2.31,0.1659,2,2,1
u05697,salaried,112038.0,0.0396,-0.0011,-0.0043,0.2721,5.13,0.107,0,0,0
u05698,salaried,56188.2,0.0842,0.0139,0.0088,0.2274,-0.21,-0.3729,1,6,1
u05699,freelancer,64019.81,0.3918,-0.0848,0.0457,0.0126,2.69,0.1813,0,2,0
u05700,freelancer,71561.45,0.3598,0.1385,0.0646,0.0671,4.77,0.3722,0,2,0
u05701,salaried,96485.16,0.027,0.0068,0.1261,0.2934,2.85,0.0933,0,0,0
u05702,small_biz,151801.22,0.5152,0.1207,0.0289,0.1791,2.37,0.0416,1,3,0
u05703,small_biz,74017.25,0.4915,-0.2147,0.012,0.3073,-1.32,-0.6311,1,5,1
u05704,freelancer,41763.03,0.2558,-0.0964,0.0989,0.0352,2.57,0.2363,0,1,0
u05705,small_biz,180695.63,0.2766,0.0527,0.0563,0.1545,3.31,0.1487,0,2,0
u05706,small_biz,236499.27,0.1774,-0.0303,0.0126,0.1223,6.47,0.4708,0,0,0
u05707,small_biz,145847.47,0.1675,0.0568,0.0028,0.1221,3.08,0.1568,0,1,0
u05708,small_biz,106795.64,0.1826,-0.0095,-0.0027,0.2236,0.43,-0.122,1,4,1
u05709,freelancer,98826.97,0.309,0.0485,0.06,0.037,9.54,0.4719,0,1,0
u05710,small_biz,150765.01,0.3815,-0.0756,0.0023,0.1218,2.39,0.0758,2,3,0
u05711,salaried,92388.56,0.0713,0.0313,0.0852,0.2432,1.82,-0.0206,0,2,0
u05712,freelancer,80043.0,0.3175,0.12,0.047,0.0583,3.09,0.2807,0,1,0
u05713,small_biz,164596.49,0.3048,0.0576,0.0288,0.0674,4.98,0.3833,0,1,0
u05714,freelancer,51797.77,0.3693,0.1555,0.0295,0.1184,1.78,0.1694,1,2,0
u05715,freelancer,59766.34,0.236,-0.0416,0.024,0.0539,5.09,0.3884,0,0,0
u05716,salaried,59841.85,0.0481,0.0153,0.0007,0.5215,1.95,-0.2129,3,6,0
u05717,freelancer,56427.9,0.297,0.032,0.0149,0.1402,4.44,0.3829,0,1,0
u05718,small_biz,206749.31,0.136,0.0143,0.0428,0.061,6.45,0.4044,0,0,0
u05719,salaried,81970.03,0.0876,0.0127,0.0365,0.2254,0.5,-0.1033,0,5,1
u05720,freelancer,84361.0,0.1757,-0.0376,0.0782,0.0536,8.11,0.5416,0,0,0
u05721,salaried,108006.29,0.0604,0.0021,0.0374,0.2174,2.42,0.1305,0,1,0
u05722,freelancer,64739.41,0.3734,0.1349,0.0787,0.1088,4.72,0.3764,1,1,0
u05723,freelancer,75493.14,0.1657,-0.0075,0.001,0.0461,4.34,0.3726,0,0,0
u05724,small_biz,168560.09,0.2826,0.1426,0.0252,0.0791,2.54,0.137,1,2,0
u05725,salaried,118776.41,0.0891,0.0107,0.0633,0.2812,5.69,0.3275,0,0,0
u05726,salaried,100816.61,0.0183,-0.0068,0.0032,0.3278,3.77,0.0706,0,0,0
u05727,freelancer,64567.87,0.1791,0.0201,0.0247,0.0524,1.88,0.0628,1,2,0
u05728,small_biz,101407.22,0.3235,-0.041,0.0867,0.15,0.92,-0.3307,3,4,1
u05729,salaried,101357.84,0.0548,0.0056,0.0464,0.2905,0.94,-0.1023,1,6,1
u05730,salaried,112998.5,0.0373,-0.0135,-0.0057,0.2162,4.04,0.2665,0,0,0
u05731,salaried,77348.62,0.0309,-0.0093,0.1318,0.1879,2.99,0.2363,0,0,0
u05732,small_biz,239091.03,0.282,-0.0809,0.0353,0.0787,7.77,0.5056,1,1,0
u05733,salaried,64030.48,0.0625,0.0022,-0.0029,0.2967,1.97,-0.3741,2,6,0
u05734,salaried,89317.03,0.0537,-0.0281,0.0361,0.1663,5.36,0.2231,0,0,0
u05735,freelancer,45255.19,0.1121,-0.011,-0.0061,0.153,-0.11,-0.1987,0,5,0
u05736,freelancer,77494.32,0.4016,-0.1163,0.031,0.0823,3.93,0.3227,0,1,0
u05737,freelancer,69618.33,0.2394,0.0189,-0.0164,0.0333,4.29,0.3333,0,0,0
u05738,small_biz,175572.99,0.3618,0.0304,0.001,0.1095,6.15,0.3847,1,2,0
u05739,freelancer,53200.15,0.3497,-0.103,-0.0159,0.0352,3.35,0.2462,2,2,0
u05740,small_biz,133177.08,0.3318,-0.0318,0.0177,0.1004,1.01,-0.3661,1,5,1
u05741,small_biz,164702.38,0.3769,-0.0314,-0.0003,0.1543,3.45,0.1715,0,3,0
u05742,small_biz,120690.84,0.3254,0.128,-0.035,0.1073,1.13,-0.1311,2,4,0
u05743,salaried,77782.53,0.0419,-0.0126,0.085,0.2505,3.73,-0.0242,0,3,0
u05744,salaried,51628.14,0.0558,0.0207,0.0008,0.3831,-0.71,-0.3783,3,6,1
u05745,small_biz,217009.34,0.2765,0.0445,0.0289,0.1193,4.85,0.3071,0,0,0
u05746,freelancer,82209.93,0.3861,-0.0766,0.0509,0.0087,8.97,0.5848,0,1,0
u05747,small_biz,116309.2,0.2539,-0.0231,0.0023,0.1261,0.95,-0.2292,1,5,1
u05748,small_biz,217757.33,0.2784,0.0892,0.051,0.0849,3.12,0.1549,0,1,0
u05749,freelancer,52756.18,0.1951,0.077,0.0439,0.0777,0.73,-0.0646,2,3,1
u05750,salaried,77745.67,0.0369,-0.0001,0.1705,0.2257,0.56,-0.0738,3,5,1
u05751,freelancer,40427.9,0.1974,0.081,0.1013,0.1217,2.7,0.2151,0,1,0
u05752,freelancer,46327.45,0.5335,0.1618,0.0205,0.168,0.74,-0.0032,1,3,0
u05753,small_biz,259113.67,0.0839,0.0368,0.0054,0.0988,6.23,0.3691,0,0,0
u05754,freelancer,75316.54,0.1637,-0.0711,0.0114,0.1049,4.85,0.3938,0,0,0
u05755,salaried,73704.31,0.0485,-0.0039,0.018,0.1625,4.06,0.2091,0,0,0
u05756,freelancer,40548.84,0.2799,-0.0479,0.1079,0.0182,0.49,-0.0031,1,3,1
u05757,salaried,111377.61,0.0228,0.004,0.0403,0.2162,2.83,0.0683,0,0,0
u05758,small_biz,133450.59,0.1505,0.0273,-0.0,0.0955,1.58,-0.1402,1,5,0
u05759,small_biz,110599.15,0.2322,-0.0905,-0.0199,0.2112,2.14,-0.058,1,4,1
u05760,salaried,106667.97,0.02,-0.0096,0.2547,0.117,5.99,0.3926,0,0,0
u05761,small_biz,150761.48,0.2595,-0.0829,0.0172,0.1925,3.79,0.1243,0,1,0
u05762,salaried,54694.06,0.0606,0.0144,0.0085,0.388,1.8,-0.0601,4,5,0
u05763,freelancer,64175.13,0.2891,0.0286,0.0252,0.0227,6.03,0.4537,0,0,0
u05764,small_biz,181094.77,0.2317,0.0485,0.0252,0.1293,4.21,0.303,0,1,0
u05765,freelancer,66450.8,0.3848,0.1269,0.0417,0.1154,2.97,0.3044,1,1,0
u05766,freelancer,82148.7,0.1529,0.028,0.0003,0.096,5.2,0.397,0,0,0
u05767,freelancer,56192.36,0.3448,0.0848,0.0972,0.0385,3.65,0.2779,1,2,0
u05768,salaried,68644.99,0.0288,-0.0018,0.0006,0.3104,1.29,-0.0902,3,4,0
u05769,freelancer,55672.61,0.4668,-0.0062,0.0056,0.1167,4.35,0.3965,0,1,0
u05770,salaried,110473.61,0.0864,-0.0157,0.0929,0.2192,4.63,0.1985,0,0,0
u05771,freelancer,56254.07,0.3071,0.1043,0.0245,0.032,3.21,0.2821,1,1,0
u05772,freelancer,46485.27,0.4083,-0.1051,0.0545,0.1438,1.27,-0.0311,1,4,1
u05773,salaried,77367.52,0.0505,0.0005,0.1495,0.2189,1.92,0.1055,0,1,0
u05774,salaried,65272.57,0.0715,-0.0089,0.0563,0.2799,-0.16,-0.2547,1,6,1
u05775,small_biz,132228.33,0.146,-0.0517,-0.0061,0.1918,1.97,-0.1503,2,5,1
u05776,salaried,88709.99,0.0537,-0.0015,0.2297,0.3813,2.34,-0.2321,3,6,1
u05777,salaried,76456.45,0.0305,-0.0009,0.0078,0.1686,3.68,0.0156,0,1,0
u05778,small_biz,158257.43,0.2301,-0.0272,-0.0489,0.1455,1.74,-0.0777,2,3,0
u05779,small_biz,182223.97,0.3354,-0.0528,0.0414,0.0889,5.66,0.3732,0,0,0
u05780,freelancer,46576.28,0.601,0.1769,0.0335,0.0774,0.71,-0.088,2,5,0
u05781,salaried,68697.42,0.0704,0.0168,0.1174,0.4876,-1.12,-0.4878,4,6,1
u05782,small_biz,176546.26,0.3353,0.0718,0.0718,0.1178,5.2,0.3155,0,1,0
u05783,freelancer,55183.83,0.448,0.0174,0.0668,0.0654,2.13,0.2064,1,2,0
u05784,salaried,55045.46,0.0659,-0.012,0.0698,0.2149,-0.64,-0.5285,1,6,1
u05785,freelancer,51236.55,0.2782,-0.1282,0.0626,0.1526,0.07,-0.079,1,4,1
u05786,small_biz,253832.72,0.2125,-0.0831,0.0321,0.0642,8.04,0.5105,0,0,0
u05787,small_biz,273460.96,0.1264,0.0116,0.1048,0.0707,8.91,0.5177,0,0,0
u05788,salaried,116393.61,0.0415,0.0091,0.0618,0.1538,3.15,0.1513,0,0,0
u05789,salaried,55324.82,0.0502,-0.0074,-0.0008,0.6116,-0.49,-0.4653,3,6,1
u05790,freelancer,45165.73,0.3775,0.1003,0.0951,0.0944,0.23,-0.1091,1,4,1
u05791,freelancer,73118.14,0.3744,-0.0016,-0.0139,0.0332,7.61,0.4532,0,0,0
u05792,freelancer,59943.32,0.1871,-0.0381,0.057,0.1108,2.75,0.2869,0,0,0
u05793,small_biz,186951.33,0.1884,0.0023,0.0506,0.1405,4.29,0.2383,0,1,0
u05794,small_biz,160279.09,0.3397,-0.1247,-0.0435,0.0835,0.61,-0.1663,1,3,0
u05795,salaried,82968.41,0.0954,0.0025,-0.0082,0.4042,1.86,-0.2739,2,6,0
u05796,freelancer,39510.19,0.3472,-0.1232,0.0285,0.1886,-1.4,-0.478,4,6,1
u05797,salaried,115290.14,0.0502,0.0227,0.0075,0.1417,7.47,0.3743,0,0,0
u05798,small_biz,98078.0,0.2938,-0.0933,0.0299,0.181,0.77,-0.1391,0,3,1
u05799,small_biz,185713.39,0.3009,-0.0075,0.0615,0.0795,6.23,0.3576,0,0,0
u05800,small_biz,201556.31,0.4149,-0.0309,0.0147,0.076,5.44,0.3767,0,1,0
u05801,freelancer,38185.5,0.2716,-0.0898,0.0512,0.1373,0.49,-0.1322,1,3,1
u05802,freelancer,61809.39,0.2379,0.0087,0.0626,0.1261,1.26,0.0826,1,2,1
u05803,freelancer,51911.19,0.4926,-0.0081,0.021,0.0732,-0.19,-0.1815,1,3,1
u05804,small_biz,217294.2,0.1425,0.0284,0.0532,0.1282,4.62,0.3185,0,0,0
u05805,salaried,105148.35,0.0567,0.0125,0.068,0.2415,2.1,0.155,0,0,0
u05806,freelancer,65153.26,0.3307,0.0306,0.0531,0.034,3.71,0.2756,1,2,0
u05807,salaried,76238.49,0.0208,0.0018,0.0039,0.4512,2.2,-0.06,2,3,0
u05808,salaried,100609.42,0.0403,-0.0085,0.0282,0.2923,2.19,0.0916,1,1,0
u05809,freelancer,51195.92,0.341,-0.014,0.078,0.1325,2.46,0.2084,1,2,0
u05810,freelancer,64609.94,0.4081,-0.0426,0.0726,0.1091,5.11,0.3948,1,1,0
u05811,salaried,105151.25,0.0688,0.0258,0.0467,0.2515,2.94,0.2159,0,0,0
u05812,small_biz,222983.77,0.1597,0.049,0.0141,0.0699,6.24,0.3515,0,0,0
u05813,freelancer,32661.75,0.4891,-0.2146,0.0624,0.0185,-0.54,-0.3694,3,5,1
u05814,salaried,98546.3,0.0442,-0.014,0.1955,0.1094,5.36,0.2863,0,0,0
u05815,freelancer,39047.99,0.2155,-0.0933,0.0171,0.0109,1.09,0.042,0,2,1
u05816,salaried,80441.41,0.0413,-0.0104,0.0025,0.1251,1.43,-0.189,2,6,0
u05817,salaried,113222.17,0.0293,-0.003,0.002,0.2439,3.93,0.2794,0,0,0
u05818,small_biz,165342.08,0.2971,0.0273,0.0404,0.0855,3.94,0.2376,2,2,0
u05819,salaried,55595.93,0.0364,-0.007,0.1737,0.2056,1.54,-0.2709,1,5,1
u05820,freelancer,63771.77,0.2581,0.0907,0.0591,0.0821,4.43,0.3591,0,0,0
u05821,salaried,91725.22,0.0774,-0.0006,0.184,0.1246,3.56,0.2115,0,0,0
u05822,small_biz,167271.89,0.3548,0.042,0.0275,0.1625,2.41,0.0886,1,2,0
u05823,freelancer,46622.18,0.1246,0.0467,0.1015,0.0768,3.04,0.2263,0,0,0
u05824,freelancer,48879.28,0.1833,-0.0282,0.0008,0.1453,2.2,0.2104,0,1,0
u05825,freelancer,71311.84,0.4575,-0.2501,0.0598,0.0085,7.66,0.5163,1,1,0
u05826,freelancer,58117.4,0.2977,-0.0753,-0.0045,0.0662,1.74,0.1279,1,1,0
u05827,salaried,71832.23,0.0339,-0.0124,-0.0458,0.4049,2.0,-0.3476,3,6,1
u05828,small_biz,190988.29,0.4122,-0.0646,-0.0211,0.1246,4.11,0.304,1,2,0
u05829,salaried,107510.6,0.0487,0.0042,0.0104,0.2053,6.0,0.2912,0,0,0
u05830,salaried,74794.12,0.0442,0.0152,0.0983,0.1494,4.41,0.145,0,0,0
u05831,freelancer,81719.58,0.3596,-0.1249,0.0516,0.036,5.09,0.3354,1,1,0
u05832,freelancer,50540.29,0.273,0.0996,0.0279,0.0012,5.86,0.4423,0,0,0
u05833,small_biz,157977.66,0.238,-0.0935,0.0387,0.0666,3.3,0.1721,0,1,0
u05834,freelancer,54142.72,0.3061,0.0812,0.0096,0.0459,2.68,0.2108,1,2,0
u05835,small_biz,143024.48,0.443,0.0953,0.0082,0.1091,1.09,-0.0905,2,3,0
u05836,salaried,104943.56,0.0202,0.0071,0.0186,0.1765,3.36,-0.0013,1,3,0
u05837,small_biz,197725.35,0.1777,-0.0644,-0.0046,0.1094,8.69,0.4894,0,0,0
u05838,freelancer,61831.51,0.2282,0.1039,0.0217,0.0125,2.12,0.1617,0,2,0
u05839,freelancer,40732.47,0.3177,0.0041,0.0679,0.0238,1.26,0.114,0,3,0
u05840,salaried,104284.88,0.0334,-0.0029,0.0413,0.1816,5.02,0.1969,0,0,0
u05841,salaried,107388.72,0.0739,0.0034,0.0417,0.2222,4.99,0.2606,0,0,0
u05842,freelancer,41518.38,0.3158,0.0462,0.0264,0.0596,1.71,0.093,1,3,0
u05843,small_biz,194965.54,0.1849,0.0282,0.0613,0.147,3.74,0.2136,1,2,0
u05844,freelancer,50614.54,0.1278,-0.0675,0.0616,0.1381,2.25,0.1549,1,1,1
u05845,small_biz,155249.35,0.2909,0.0095,-0.0179,0.1329,3.82,0.1938,0,1,0
u05846,small_biz,158270.23,0.364,-0.1109,0.0155,0.1881,1.36,-0.149,1,3,0
u05847,small_biz,212746.92,0.0907,-0.0317,0.026,0.0863,6.18,0.4201,0,0,0
u05848,freelancer,41185.37,0.3149,-0.0406,0.0155,0.1006,-0.55,-0.3292,1,4,1
u05849,small_biz,168369.61,0.2797,0.097,-0.0092,0.1758,2.11,0.1513,1,3,0
u05850,freelancer,57835.06,0.3367,0.0642,0.0343,0.0084,1.35,0.078,1,3,0
u05851,freelancer,61640.56,0.2626,-0.0984,0.0178,0.0323,2.7,0.1263,0,2,0
u05852,freelancer,83029.1,0.3155,0.0234,0.0439,0.0548,4.35,0.3756,0,1,0
u05853,freelancer,42599.15,0.3933,-0.0667,0.1186,0.0558,-0.86,-0.2512,2,5,1
u05854,small_biz,188860.0,0.2764,-0.0774,-0.0098,0.0763,3.01,0.1358,1,2,0
u05855,small_biz,206573.12,0.2627,-0.1003,0.0041,0.0955,9.76,0.579,0,0,0
u05856,salaried,120611.18,0.0369,-0.0177,0.0235,0.1641,6.53,0.3062,0,0,0
u05857,salaried,86761.46,0.0814,0.0003,-0.0205,0.1569,2.42,0.1747,1,1,0
u05858,salaried,102649.81,0.1091,0.004,0.014,0.178,5.04,0.2349,0,1,0
u05859,salaried,112605.69,0.0548,-0.0237,0.0163,0.2327,3.74,0.2525,0,0,0
u05860,freelancer,66396.24,0.2549,-0.0769,0.0267,0.0347,5.95,0.4214,0,1,0
u05861,small_biz,130294.72,0.2379,-0.0223,0.0707,0.17,0.7,-0.1143,1,4,1
u05862,freelancer,47518.03,0.5162,0.0743,0.1005,0.0965,0.96,-0.0697,0,2,1
u05863,salaried,116492.05,0.0421,-0.0072,0.0493,0.2829,4.03,0.2857,0,0,0
u05864,salaried,102589.44,0.0615,-0.0055,0.0143,0.3353,2.47,0.0735,1,2,0
u05865,freelancer,87633.05,0.3561,-0.1884,-0.0064,0.0844,2.05,0.1263,1,2,0
u05866,small_biz,114171.88,0.1634,-0.0643,0.0138,0.2375,-0.8,-0.6691,1,6,1
u05867,small_biz,95788.72,0.2633,-0.05,0.0273,0.2492,-1.53,-0.9087,2,6,1
u05868,freelancer,29613.76,0.287,0.0152,0.1492,0.2089,-1.52,-0.8467,1,6,1
u05869,small_biz,148301.92,0.4559,-0.0257,-0.0117,0.1851,1.45,-0.1131,0,4,0
u05870,salaried,64758.23,0.0502,0.015,0.0805,0.2219,-1.18,-0.5433,3,6,1
u05871,freelancer,68492.66,0.3012,-0.1279,0.1091,0.0825,4.76,0.4201,0,0,0
u05872,freelancer,62625.97,0.4046,0.0573,0.1012,0.0126,1.39,0.0954,1,3,0
u05873,freelancer,69348.85,0.2254,-0.0209,0.0191,0.0024,7.1,0.5238,0,0,0
u05874,freelancer,74942.66,0.1774,-0.0567,0.0506,0.0469,5.22,0.3553,1,1,0
u05875,salaried,120906.18,0.0414,-0.0087,0.0576,0.1883,3.82,0.0916,0,0,0
u05876,small_biz,184030.94,0.292,0.0118,0.0104,0.1438,3.83,0.2668,0,1,0
u05877,freelancer,69432.32,0.2964,0.0311,-0.0245,0.0824,6.99,0.5255,0,0,0
u05878,salaried,98062.82,0.0478,0.004,0.0119,0.2512,3.18,0.0569,0,1,0
u05879,salaried,90253.23,0.0857,0.0284,-0.0226,0.1516,2.28,-0.0693,2,3,0
u05880,salaried,118276.59,0.0418,-0.0032,0.1639,0.1562,4.81,0.3219,0,0,0
u05881,small_biz,194777.28,0.4255,0.0453,0.0137,0.1384,3.76,0.2501,2,3,0
u05882,small_biz,208971.68,0.2772,0.0072,0.0716,0.0555,6.92,0.4056,0,1,0
u05883,small_biz,148351.52,0.245,-0.0682,0.0369,0.1639,3.05,0.2372,0,0,0
u05884,small_biz,235522.24,0.2257,-0.0071,0.0307,0.0943,4.07,0.261,0,1,0
u05885,small_biz,135868.38,0.3548,0.0754,0.0349,0.1768,-0.03,-0.4953,4,6,1
u05886,small_biz,153295.73,0.1536,0.0526,-0.018,0.0957,2.13,0.1248,0,1,0
u05887,salaried,90054.57,0.0375,-0.0143,0.05,0.1534,3.61,-0.0623,2,4,0
u05888,freelancer,61497.57,0.3032,-0.0853,0.0424,0.0289,5.05,0.3367,0,1,0
u05889,freelancer,55938.68,0.3659,0.019,0.0557,0.1172,4.2,0.331,0,2,0
u05890,small_biz,101855.22,0.4172,0.0336,0.0252,0.1397,0.99,-0.3006,1,4,0
u05891,salaried,110524.67,0.037,0.0036,0.0643,0.1402,4.03,0.2088,0,0,0
u05892,small_biz,219682.88,0.2336,0.0454,0.0191,0.0522,7.54,0.4355,0,0,0
u05893,small_biz,92920.97,0.4346,0.2003,0.0272,0.2938,-1.63,-0.7657,2,6,1
u05894,freelancer,76168.64,0.3854,-0.1091,0.0511,0.0325,3.43,0.2288,1,2,0
u05895,small_biz,159860.77,0.308,-0.0488,0.0282,0.1722,5.38,0.3413,0,1,0
u05896,freelancer,45712.76,0.375,-0.0177,0.0705,0.0116,2.91,0.2771,1,1,0
u05897,small_biz,157626.74,0.234,-0.0386,0.0266,0.1729,1.49,-0.1117,1,3,0
u05898,freelancer,47813.57,0.3366,0.1353,0.1064,0.1314,-0.81,-0.2665,0,3,1
u05899,freelancer,91342.29,0.2513,-0.113,0.0825,0.0455,6.26,0.493,0,0,0
u05900,small_biz,150462.3,0.2676,0.0985,0.0114,0.1095,4.16,0.2787,0,2,0
u05901,small_biz,118309.34,0.4073,0.1667,0.0072,0.1703,1.14,-0.1797,2,5,0
u05902,salaried,68331.63,0.0274,-0.009,0.0412,0.1696,1.33,-0.2102,2,6,0
u05903,salaried,107842.43,0.0338,-0.0022,0.1525,0.1321,6.13,0.2937,0,0,0
u05904,salaried,87793.31,0.0473,0.0277,0.0174,0.3941,1.8,0.0984,0,0,0
u05905,freelancer,48828.08,0.258,-0.0442,0.0881,0.1288,1.2,0.0333,4,4,1
u05906,freelancer,51324.04,0.4097,-0.0133,0.033,0.151,1.51,0.0704,2,2,0
u05907,small_biz,118427.81,0.254,0.1097,0.0556,0.2309,1.49,-0.0749,1,4,0
u05908,freelancer,38756.22,0.4086,-0.1591,-0.0248,0.2054,-0.92,-0.4558,0,6,1
u05909,salaried,50710.55,0.0625,-0.0022,0.0341,0.5561,0.02,-0.7838,3,6,1
u05910,salaried,82169.89,0.0494,0.009,0.027,0.1685,3.86,0.1024,0,0,0
u05911,salaried,51406.72,0.0881,0.0332,-0.037,0.3421,0.83,-0.6075,1,6,1
u05912,freelancer,80388.15,0.1918,0.1004,-0.0019,0.0049,4.45,0.3119,1,1,0
u05913,salaried,97984.42,0.0257,-0.0134,0.1499,0.1106,3.1,0.0897,1,1,0
u05914,small_biz,137469.28,0.3456,-0.0381,0.0058,0.1739,3.62,0.0772,1,3,0
u05915,salaried,60633.33,0.0199,-0.0064,0.0239,0.3301,1.93,-0.2418,3,6,1
u05916,freelancer,82183.52,0.4376,0.0469,-0.0037,0.0112,8.86,0.5553,0,1,0
u05917,freelancer,47053.51,0.3936,0.0896,0.1051,0.1403,-0.13,-0.1544,1,3,1
u05918,freelancer,39939.8,0.3093,0.1513,0.0644,0.1598,1.39,0.0326,2,3,0
u05919,freelancer,43728.92,0.5108,0.1177,0.0024,0.1724,1.98,0.0951,2,3,0
u05920,salaried,112548.77,0.0366,-0.0018,0.0311,0.1763,2.26,0.1098,0,1,0
u05921,freelancer,60569.87,0.2945,-0.121,0.0698,0.0146,4.91,0.434,0,0,0
u05922,freelancer,51786.0,0.2899,0.0493,0.061,0.1001,3.12,0.2244,0,1,0
u05923,freelancer,56560.06,0.419,0.0307,0.0387,0.0377,8.68,0.5521,0,0,0
u05924,small_biz,131701.69,0.3053,0.002,0.0228,0.1007,3.5,0.1605,2,3,0
u05925,salaried,99542.49,0.046,0.0053,0.0104,0.1216,4.86,0.2655,1,1,0
u05926,salaried,83437.38,0.0165,-0.0053,0.0198,0.2584,0.59,-0.1723,0,2,1
u05927,freelancer,56178.4,0.3426,0.0028,0.0501,0.0108,2.73,0.242,1,1,0
u05928,small_biz,116430.78,0.2993,-0.0521,0.0711,0.2572,0.23,-0.7246,4,6,1
u05929,freelancer,43660.08,0.1584,-0.0609,0.1311,0.0135,0.26,-0.0416,2,4,1
u05930,salaried,86564.82,0.067,0.0075,0.058,0.3614,1.66,0.0155,1,2,0
u05931,small_biz,117376.42,0.1472,-0.009,0.0379,0.1085,0.48,-0.4816,2,6,1
u05932,freelancer,58584.65,0.2818,-0.1205,0.0058,0.0346,2.45,0.1727,2,2,0
u05933,small_biz,111677.0,0.1421,-0.0261,0.0775,0.1528,1.38,-0.0817,2,4,1
u05934,freelancer,47144.35,0.0616,-0.0018,0.0258,0.1395,0.51,-0.0129,1,3,1
u05935,freelancer,56108.28,0.2909,0.1422,-0.0108,0.0245,1.8,0.1499,2,3,0
u05936,small_biz,146487.63,0.2128,0.0753,0.0238,0.1454,4.7,0.2573,1,1,0
u05937,salaried,68335.74,0.0516,-0.0251,0.0438,0.3143,1.84,-0.3873,2,6,1
u05938,freelancer,74654.86,0.347,-0.1224,0.0511,0.0985,4.91,0.3662,0,1,0
u05939,freelancer,55511.89,0.1747,-0.0658,0.0484,0.1396,2.78,0.1955,1,2,0
u05940,small_biz,109352.49,0.5825,-0.1072,0.072,0.1788,1.58,-0.1641,0,4,1
u05941,small_biz,188545.97,0.1697,-0.0411,0.0269,0.148,3.88,0.3092,0,0,0
u05942,small_biz,95706.76,0.4262,0.0147,0.0437,0.19,0.46,-0.3965,3,6,1
u05943,freelancer,73358.24,0.2799,-0.1194,0.1589,0.0436,4.36,0.3565,0,1,0
u05944,freelancer,74553.14,0.1793,-0.0425,0.0314,0.0381,3.05,0.2042,1,1,0
u05945,salaried,60752.46,0.0349,0.0104,-0.0212,0.4047,2.39,-0.4786,3,6,0
u05946,freelancer,53076.6,0.5682,-0.2723,0.0361,0.0185,4.01,0.3477,0,2,0
u05947,small_biz,120994.54,0.2912,-0.0324,0.027,0.2432,1.43,-0.1432,2,4,0
u05948,salaried,61328.14,0.0524,0.014,0.1476,0.2848,0.97,-0.4288,0,6,1
u05949,salaried,80581.45,0.06,-0.0215,0.1348,0.3514,0.69,-0.1406,2,6,1
u05950,small_biz,89640.01,0.26,0.0212,0.0327,0.2356,1.01,-0.3868,3,6,1
u05951,salaried,51968.76,0.0704,-0.0203,0.0749,0.2951,-0.96,-0.7635,3,6,1
u05952,small_biz,105334.35,0.412,0.0585,0.0127,0.2775,0.4,-0.3676,2,4,1
u05953,small_biz,175591.5,0.1058,0.0263,0.0252,0.1531,5.53,0.3011,0,0,0
u05954,small_biz,194279.1,0.1493,0.0528,0.0283,0.0798,7.32,0.4275,0,0,0
u05955,freelancer,55317.85,0.3501,0.0254,0.1427,0.0296,2.42,0.1942,1,3,1
u05956,salaried,101210.9,0.0555,0.0153,-0.0139,0.1061,3.81,0.2202,0,0,0
u05957,freelancer,61233.49,0.2614,0.0169,0.0967,0.1252,1.12,0.1103,0,2,0
u05958,freelancer,66852.6,0.2009,-0.0621,0.0813,0.0501,7.18,0.528,0,0,0
u05959,freelancer,29616.19,0.5761,0.0236,0.0656,0.1159,-1.46,-0.6779,2,5,1
u05960,salaried,114204.92,0.0447,0.0203,-0.0195,0.1248,6.95,0.4005,0,0,0
u05961,small_biz,163656.23,0.2975,-0.0903,0.0506,0.1177,2.56,0.0746,1,2,0
u05962,freelancer,61630.92,0.2084,-0.0761,0.1175,0.024,4.47,0.4101,0,1,0
u05963,salaried,77198.66,0.0328,-0.0034,-0.0327,0.2005,4.12,0.109,0,0,0
u05964,small_biz,218743.16,0.2879,0.0121,0.005,0.1283,4.93,0.306,1,1,0
u05965,salaried,74376.41,0.0298,-0.0066,0.1916,0.3735,2.07,-0.2193,4,5,0
u05966,freelancer,52250.74,0.1655,-0.0523,0.0891,0.0415,3.04,0.2827,0,0,1
u05967,small_biz,134348.47,0.447,0.1366,0.0397,0.0984,4.77,0.3782,1,2,0
u05968,freelancer,75891.99,0.1555,0.0729,0.0434,0.0246,4.15,0.3709,0,0,0
u05969,small_biz,97645.61,0.5215,0.0237,0.0221,0.1422,-0.09,-0.3437,0,4,1
u05970,salaried,96750.2,0.046,-0.0108,0.0231,0.1582,5.63,0.2267,0,0,0
u05971,freelancer,66619.08,0.2303,-0.0332,0.0404,0.0084,4.25,0.3704,0,1,0
u05972,freelancer,72138.86,0.2331,-0.0443,-0.0074,0.056,10.07,0.5498,0,1,0
u05973,freelancer,47070.24,0.3904,-0.1647,0.0191,0.0719,-0.55,-0.211,2,3,1
u05974,freelancer,53202.64,0.1379,0.0333,0.0682,0.1492,1.82,0.1105,1,2,0
u05975,freelancer,44682.08,0.4959,0.1233,0.0256,0.0219,3.14,0.2351,1,2,0
u05976,freelancer,85779.77,0.203,-0.066,0.0149,0.0646,7.66,0.5115,1,1,0
u05977,small_biz,110701.89,0.2849,-0.0895,0.0515,0.2127,2.08,-0.0923,0,4,0
u05978,freelancer,70502.32,0.3827,0.2107,0.0489,0.0796,2.16,0.0849,1,4,0
u05979,freelancer,76699.45,0.1471,-0.0755,0.0552,0.0573,8.55,0.5477,0,0,0
u05980,small_biz,211417.57,0.2214,-0.0232,0.026,0.0957,5.29,0.3835,1,1,0
u05981,salaried,60884.01,0.0363,-0.0087,0.0603,0.1902,1.1,-0.0983,2,5,1
u05982,freelancer,65617.39,0.1585,0.0387,0.0442,0.0935,5.72,0.446,0,0,0
u05983,small_biz,152371.97,0.1884,-0.061,0.0482,0.1368,3.42,0.2006,1,1,0
u05984,freelancer,50351.88,0.4324,-0.0596,0.06,0.0091,3.32,0.2627,1,2,0
u05985,freelancer,39000.67,0.3857,-0.2191,0.0889,0.0695,0.59,0.0153,0,3,1
u05986,freelancer,66835.13,0.5709,0.0416,0.0114,0.0545,4.36,0.3149,0,2,0
u05987,small_biz,142827.16,0.2773,0.1104,0.0587,0.104,2.26,0.0453,1,2,0
u05988,freelancer,41571.9,0.2779,-0.0874,0.0925,0.0054,-0.51,-0.2445,3,5,1
u05989,freelancer,65123.3,0.4859,-0.0537,0.0816,0.0338,7.68,0.5499,1,1,0
u05990,freelancer,55225.89,0.3617,-0.1818,-0.0067,0.0058,3.69,0.3123,0,1,0
u05991,small_biz,246152.69,0.2733,0.0444,0.0177,0.056,7.33,0.4869,0,0,0
u05992,freelancer,59486.75,0.1661,0.0597,0.0127,0.0695,7.45,0.5128,0,0,0
u05993,small_biz,161053.82,0.2839,-0.0298,0.0718,0.0633,1.88,0.0555,1,2,0
u05994,salaried,106101.53,0.0493,-0.0027,0.0533,0.272,3.83,0.0347,1,2,0
u05995,freelancer,48682.57,0.3092,0.0996,0.0588,0.0676,4.32,0.3369,0,1,0
u05996,salaried,53865.92,0.0761,-0.0124,0.0928,0.6458,-1.47,-0.9996,3,6,1
u05997,salaried,60759.36,0.0648,0.0119,-0.028,0.4925,-1.65,-0.7608,2,6,1
u05998,freelancer,92432.69,0.1529,0.0483,0.0903,0.085,8.44,0.5684,0,0,0
u05999,small_biz,303097.78,0.1535,-0.073,0.0421,0.089,5.91,0.441,0,0,0
u06000,small_biz,172586.77,0.1993,0.0569,0.0352,0.1361,1.23,-0.0196,1,3,0
u06001,freelancer,42200.36,0.1666,0.0634,0.0436,0.0802,1.96,0.0761,0,3,0
u06002,freelancer,64455.08,0.1879,-0.0799,0.0041,0.1083,1.76,0.1583,0,1,0
u06003,salaried,73038.03,0.0677,0.0081,0.0575,0.289,0.19,-0.5114,2,6,1
u06004,salaried,94737.43,0.0428,0.009,0.0347,0.2464,2.21,-0.0864,3,5,0
u06005,small_biz,143007.01,0.3158,0.1395,0.0378,0.1252,1.5,-0.0987,3,4,1
u06006,salaried,67290.54,0.0345,0.0018,0.0523,0.389,-0.39,-0.3323,3,6,1
u06007,salaried,97472.71,0.1037,-0.007,0.0247,0.2108,3.69,0.1948,0,0,0
u06008,freelancer,90730.64,0.4196,0.1722,0.0397,0.0226,11.18,0.6326,0,0,0
u06009,salaried,60081.57,0.0242,0.0004,0.0419,0.4816,-0.84,-0.5507,4,6,1
u06010,freelancer,90503.28,0.4198,-0.1627,0.1067,0.0299,9.14,0.5932,0,0,0
u06011,freelancer,36866.71,0.2169,0.0618,0.0129,0.1636,-0.79,-0.3689,3,6,1
u06012,salaried,61896.95,0.0387,-0.0113,0.0629,0.3016,0.54,-0.7877,4,6,1
u06013,freelancer,65543.15,0.4459,-0.0145,0.0565,0.0006,5.21,0.3503,0,1,0
u06014,freelancer,41145.37,0.2557,-0.0364,0.0584,0.1312,-0.23,-0.1101,1,4,1
u06015,small_biz,213497.86,0.3385,0.0381,0.0444,0.0939,9.23,0.5249,0,0,0
u06016,small_biz,166740.9,0.2479,0.046,0.0274,0.0846,4.41,0.2045,0,1,0
u06017,small_biz,186244.13,0.3811,-0.1644,0.0443,0.0869,6.17,0.4582,0,2,0
u06018,freelancer,40727.53,0.1417,-0.0746,0.0478,0.107,0.51,-0.1989,3,5,0
u06019,small_biz,157860.22,0.379,-0.0087,0.0275,0.1422,0.73,-0.0811,0,3,1
u06020,small_biz,166417.39,0.4322,0.157,0.0007,0.0888,2.67,0.1305,0,3,0
u06021,small_biz,213161.32,0.0946,0.0011,-0.016,0.1236,2.76,0.1808,0,0,0
u06022,salaried,77166.33,0.0768,0.0136,0.1303,0.192,0.56,-0.208,1,6,1
u06023,small_biz,186266.56,0.3062,0.0951,-0.0177,0.1134,5.11,0.266,1,2,0
u06024,small_biz,173355.98,0.3716,-0.0906,0.0682,0.1721,2.26,0.1537,0,2,0
u06025,freelancer,68142.64,0.1725,0.0029,0.0066,0.0188,3.49,0.2961,0,0,0
u06026,salaried,105886.69,0.0784,-0.0224,0.0382,0.1957,0.86,-0.0593,0,2,0
u06027,small_biz,102737.6,0.2384,-0.1129,0.0203,0.2514,1.1,-0.2145,2,4,0
u06028,small_biz,167855.11,0.2353,-0.0403,0.0558,0.1302,3.15,0.193,1,1,0
u06029,salaried,118346.17,0.0253,-0.0008,0.1891,0.1174,6.47,0.4346,0,0,0
u06030,freelancer,60742.67,0.5388,-0.0195,-0.0412,0.1042,5.81,0.4463,0,2,0
u06031,freelancer,41902.05,0.4097,0.0395,0.0233,0.116,-0.17,-0.2423,1,4,0
u06032,freelancer,53753.32,0.5149,0.0346,0.0936,0.0677,1.87,0.1542,0,2,0
u06033,freelancer,72373.84,0.2249,-0.0284,0.0227,0.086,2.85,0.2511,2,2,0
u06034,small_biz,150028.71,0.2911,-0.0045,-0.027,0.1801,3.83,0.2756,0,1,0
u06035,salaried,70191.41,0.0487,-0.0252,0.0575,0.1572,1.06,-0.5345,4,6,1
u06036,small_biz,118103.92,0.2888,-0.0946,0.0554,0.2535,2.47,-0.0699,1,3,0
u06037,small_biz,138776.42,0.2397,0.0479,-0.0014,0.1464,2.7,0.1246,0,1,0
u06038,freelancer,52801.17,0.5406,-0.1285,0.0668,0.1141,-0.17,-0.1029,1,2,1
u06039,small_biz,133740.31,0.2687,0.0283,0.0107,0.1494,2.36,0.0719,2,2,0
u06040,freelancer,84650.0,0.2476,0.0437,0.0555,0.0359,7.92,0.5275,0,0,0
u06041,small_biz,116105.46,0.2395,-0.0887,0.0161,0.1373,1.29,0.0032,3,3,1
u06042,small_biz,104348.63,0.4146,0.0544,0.0119,0.1104,1.08,-0.0041,2,3,0
u06043,freelancer,77492.6,0.1169,0.0056,-0.0176,0.0828,1.83,0.1566,0,0,0
u06044,freelancer,51581.61,0.4023,-0.0921,0.0539,0.1363,0.47,0.0108,1,3,0
u06045,small_biz,108863.08,0.2137,0.0585,0.0171,0.2624,0.4,-0.2523,3,5,1
u06046,freelancer,64595.14,0.3614,-0.1912,0.0127,0.008,6.37,0.4632,0,1,0
u06047,salaried,80205.34,0.0177,0.0028,0.0563,0.3025,2.28,0.0328,0,1,0
u06048,freelancer,56298.83,0.2462,0.1101,0.0571,0.0557,5.17,0.4406,0,0,0
u06049,freelancer,46259.5,0.3618,-0.1064,0.0513,0.0501,0.45,0.0041,1,3,1
u06050,freelancer,38800.75,0.5205,0.1032,-0.0204,0.0443,0.02,-0.2526,0,4,1
u06051,small_biz,143396.42,0.2855,0.1075,0.0127,0.1275,1.37,0.0033,1,3,0
u06052,freelancer,43700.99,0.2584,0.1051,0.0331,0.1217,0.43,-0.0735,0,3,1
u06053,freelancer,48894.49,0.098,-0.0278,0.039,0.1126,0.1,-0.0882,1,4,1
u06054,small_biz,111942.54,0.3271,0.1701,0.0202,0.0919,2.82,0.2008,1,1,0
u06055,small_biz,78921.26,0.2924,-0.0381,0.0318,0.1892,-1.26,-0.6914,2,6,1
u06056,small_biz,127810.87,0.2362,0.0186,0.0637,0.1652,1.46,-0.1924,2,4,0
u06057,salaried,110610.68,0.0622,0.0175,0.0408,0.2327,6.18,0.3005,0,0,0
u06058,salaried,84110.43,0.0411,0.0112,-0.0453,0.3873,3.58,-0.0164,1,2,0
u06059,freelancer,44782.86,0.3867,0.0023,0.0914,0.0008,2.76,0.2429,2,2,0
u06060,freelancer,53515.07,0.2897,0.0611,0.049,0.0121,4.2,0.3768,1,1,0
u06061,freelancer,65600.0,0.1371,0.0064,0.0399,0.0945,0.67,-0.0106,1,3,0
u06062,salaried,104441.05,0.064,0.0132,0.0639,0.1086,7.72,0.4219,0,0,0
u06063,small_biz,152692.05,0.1989,0.0242,0.0651,0.0698,4.53,0.3213,0,1,0
u06064,salaried,51211.04,0.047,0.024,-0.0452,0.3656,-0.88,-0.4762,1,6,1
u06065,salaried,99276.34,0.0204,-0.001,0.0232,0.1493,4.15,0.0774,0,0,0
u06066,freelancer,57211.59,0.2799,0.0628,0.0072,0.0468,3.73,0.3029,0,1,0
u06067,small_biz,248615.49,0.217,0.107,0.0236,0.0907,5.1,0.3999,0,1,0
u06068,small_biz,215921.12,0.1856,-0.0931,0.0063,0.1212,5.07,0.3744,0,0,0
u06069,small_biz,91144.21,0.3193,0.0761,-0.0138,0.2594,1.22,-0.3911,2,6,0
u06070,salaried,54223.13,0.1119,-0.0087,0.0913,0.4686,0.99,-0.9279,4,6,1
u06071,salaried,58074.48,0.0528,0.0191,0.0743,0.2786,1.01,-0.5232,4,6,1
u06072,small_biz,138435.42,0.2664,0.0782,0.0571,0.0935,5.13,0.2875,0,1,0
u06073,salaried,98734.21,0.0192,-0.0038,0.0268,0.2088,4.02,0.2442,0,0,0
u06074,small_biz,215544.42,0.251,0.0455,0.0448,0.0929,9.1,0.5538,0,0,0
u06075,freelancer,32804.16,0.2811,-0.0715,0.1234,0.1207,0.53,-0.028,0,1,0
u06076,freelancer,66189.52,0.4297,0.0758,0.0568,0.0593,2.02,0.164,1,1,0
u06077,salaried,54588.53,0.0634,0.0212,0.0929,0.5369,-1.79,-0.896,3,6,1
u06078,small_biz,232471.17,0.1635,-0.0812,0.0086,0.0448,3.79,0.2508,1,1,0
u06079,small_biz,155624.97,0.2594,-0.0465,-0.0076,0.1893,2.67,0.1818,0,3,0
u06080,salaried,103519.6,0.0531,0.0089,0.0524,0.2696,5.34,0.2711,0,0,0
u06081,freelancer,66010.73,0.3197,-0.0622,0.0881,0.0948,1.83,0.1309,1,1,0
u06082,small_biz,179518.49,0.2567,0.0039,0.0889,0.0724,4.35,0.1873,0,1,0
u06083,salaried,82490.34,0.0545,0.0024,0.0927,0.3992,2.99,0.0009,0,1,0
u06084,salaried,58681.72,0.0247,0.0109,-0.0363,0.1716,-1.34,-0.6974,0,6,1
u06085,salaried,68881.73,0.0415,0.006,0.0445,0.3476,0.23,-0.4376,3,6,1
u06086,freelancer,53358.29,0.2841,-0.0265,0.0029,0.1186,2.84,0.2718,0,1,0
u06087,small_biz,132674.98,0.3001,0.0817,0.0883,0.1026,2.02,0.0931,0,2,0
u06088,freelancer,34221.36,0.361,0.0681,0.028,0.0468,-1.08,-0.312,1,4,1
u06089,freelancer,64818.93,0.3219,-0.1002,0.1057,0.1186,2.24,0.1598,2,2,0
u06090,small_biz,89785.49,0.414,-0.1239,0.0275,0.2438,1.42,-0.3272,3,4,1
u06091,salaried,63697.15,0.0453,0.0049,0.0355,0.2649,3.2,0.0215,0,2,0
u06092,salaried,60822.41,0.0354,-0.0143,0.0072,0.5086,-1.23,-0.664,4,6,1
u06093,small_biz,100342.88,0.3708,-0.0596,0.0368,0.2559,0.57,-0.4869,2,5,1
u06094,small_biz,126229.37,0.3905,0.0242,0.0205,0.2171,0.85,-0.2166,2,4,0
u06095,salaried,106994.45,0.0706,-0.0296,0.1403,0.3267,1.88,-0.2102,1,6,0
u06096,small_biz,122775.57,0.2907,-0.0701,0.0489,0.2434,0.81,-0.2883,1,5,1
u06097,salaried,60794.78,0.0115,-0.0014,0.0217,0.3586,1.69,-0.2319,3,6,0
u06098,freelancer,66367.71,0.2181,-0.0701,0.0179,0.0791,3.64,0.3175,0,0,0
u06099,freelancer,43645.47,0.3387,0.1022,0.0565,0.0538,1.07,0.0206,0,2,0
u06100,freelancer,50820.72,0.6596,-0.2353,0.0994,0.0074,4.92,0.3687,2,3,0
u06101,salaried,106769.38,0.076,-0.0076,0.0358,0.1893,2.85,-0.0189,1,1,0
u06102,small_biz,140812.5,0.1268,-0.0396,0.0195,0.1346,3.26,0.255,0,0,0
u06103,small_biz,129116.92,0.3995,0.0888,0.1169,0.1125,1.07,-0.076,1,3,0
u06104,freelancer,44050.77,0.2921,0.1433,-0.0026,0.0722,-0.18,-0.0949,2,3,1
u06105,small_biz,115964.85,0.302,-0.1297,0.0422,0.1938,1.5,-0.1268,2,3,0
u06106,small_biz,226116.61,0.255,-0.1159,0.0007,0.088,5.98,0.366,0,1,0
u06107,salaried,83297.96,0.0252,0.0069,0.0407,0.3117,3.28,0.1305,0,0,0
u06108,small_biz,134770.78,0.3798,0.1473,0.056,0.1722,2.81,-0.0209,1,3,0
u06109,freelancer,78141.2,0.2257,-0.0867,0.0651,0.0037,6.64,0.4626,0,0,0
u06110,freelancer,97557.75,0.1556,0.0257,0.112,0.0613,7.85,0.51,1,1,0
u06111,small_biz,155971.0,0.3364,0.0005,-0.0122,0.1236,5.24,0.3379,1,2,0
u06112,small_biz,237258.57,0.2666,-0.1441,0.0403,0.1047,6.8,0.4493,1,1,0
u06113,salaried,55164.79,0.0536,-0.0066,0.2093,0.2199,-0.82,-0.7109,2,6,1
u06114,freelancer,77802.83,0.3828,0.0362,0.0428,0.0227,6.5,0.4677,0,0,0
u06115,salaried,89865.35,0.0405,-0.0005,0.0965,0.2333,0.76,-0.0611,1,5,1
u06116,freelancer,63753.66,0.3352,-0.0953,0.0228,0.0999,4.64,0.4065,0,0,0
u06117,salaried,113721.94,0.0369,-0.0006,-0.0287,0.1863,3.13,0.2376,0,0,0
u06118,freelancer,48667.0,0.4514,-0.124,0.0512,0.0751,3.35,0.3068,2,2,0
u06119,freelancer,42191.23,0.1825,-0.0489,0.0091,0.0421,0.06,-0.1042,2,3,1
u06120,small_biz,179788.81,0.2757,-0.0122,0.0389,0.1256,2.19,0.1337,0,1,0
u06121,salaried,67531.39,0.0451,0.0099,0.003,0.1996,4.15,0.1695,0,0,0
u06122,small_biz,192307.3,0.1929,-0.014,0.0003,0.15,6.58,0.4289,0,0,0
u06123,small_biz,102634.83,0.155,-0.0675,0.0324,0.2549,-0.82,-0.8067,2,6,1
u06124,freelancer,75456.76,0.3845,0.1162,-0.0284,0.0356,5.44,0.4005,0,1,0
u06125,salaried,104464.54,0.0131,-0.0014,0.0356,0.1642,2.84,0.0844,0,0,0
u06126,salaried,99200.27,0.0259,-0.0043,0.1771,0.2897,0.51,-0.1239,2,6,1
u06127,small_biz,82692.79,0.5249,0.0054,0.0085,0.1918,0.99,-0.244,2,4,1
u06128,freelancer,79563.17,0.3937,0.1724,0.0373,0.0006,12.58,0.6117,0,0,0
u06129,freelancer,41013.83,0.1894,-0.036,0.0522,0.0378,-0.56,-0.2858,3,5,1
u06130,salaried,95539.25,0.0442,-0.0124,0.0287,0.3475,3.18,0.2007,0,0,0
u06131,freelancer,61760.2,0.5116,0.0518,0.0516,0.0531,2.5,0.1849,1,2,0
u06132,small_biz,225213.05,0.403,0.0772,0.0284,0.0577,6.98,0.3813,0,1,0
u06133,small_biz,101023.59,0.3511,-0.1743,0.0406,0.1326,1.84,0.1004,0,2,0
u06134,salaried,113283.33,0.0199,-0.0021,0.0862,0.1185,6.77,0.3872,0,0,0
u06135,freelancer,45257.62,0.376,0.1971,0.1047,0.0464,0.24,-0.0237,1,3,0
u06136,salaried,56317.42,0.0404,-0.0146,0.0313,0.476,0.79,-0.802,2,6,1
u06137,salaried,103742.34,0.0191,0.0076,-0.0074,0.1871,5.24,0.3883,0,0,0
u06138,freelancer,63895.36,0.3924,0.046,0.1156,0.0097,3.0,0.259,2,2,0
u06139,salaried,68578.88,0.0446,-0.0109,0.1282,0.221,2.38,-0.2597,0,6,0
u06140,salaried,78666.2,0.0473,-0.0181,0.0116,0.1958,3.54,0.0429,0,1,0
u06141,small_biz,203270.85,0.1242,0.0151,0.0148,0.0745,7.99,0.4644,0,0,0
u06142,small_biz,171152.19,0.1398,0.0086,-0.0353,0.0903,4.03,0.2146,0,0,0
u06143,freelancer,42233.13,0.291,-0.0273,0.0455,0.1551,1.82,0.0829,1,2,0
u06144,small_biz,199582.69,0.2532,-0.0129,0.0212,0.0718,1.57,0.0324,3,4,0
u06145,freelancer,63611.71,0.3194,-0.0863,0.0338,0.0258,2.85,0.2468,2,2,0
u06146,small_biz,141995.72,0.075,-0.0001,0.0142,0.1176,0.62,-0.0611,2,4,1
u06147,salaried,109350.72,0.0311,0.0078,-0.0228,0.2063,5.41,0.1711,0,0,0
u06148,small_biz,183756.33,0.3452,-0.0618,0.0152,0.115,5.31,0.2621,0,1,0
u06149,freelancer,56375.22,0.3003,-0.0204,0.0215,0.0913,3.25,0.2313,1,2,0
u06150,freelancer,70522.65,0.1813,0.008,0.0868,0.0951,2.28,0.1971,1,1,0
u06151,freelancer,60757.46,0.2456,0.0783,0.0598,0.1207,1.18,0.0551,1,3,0
u06152,salaried,54996.25,0.0999,0.0141,0.0771,0.389,0.96,-0.2493,3,6,1
u06153,small_biz,190292.39,0.3875,0.104,0.01,0.074,6.19,0.3121,0,1,0
u06154,freelancer,57846.9,0.1965,-0.0182,-0.0288,0.0283,4.72,0.315,1,1,0
u06155,salaried,101030.49,0.0584,0.0294,0.0869,0.1744,6.03,0.3176,0,0,0
u06156,small_biz,116877.34,0.3498,-0.0246,0.0791,0.1461,-0.22,-0.4951,2,5,1
u06157,salaried,99202.49,0.0536,-0.0225,-0.0051,0.2047,4.27,0.222,0,0,0
u06158,small_biz,254086.78,0.1383,-0.0064,0.0606,0.0584,8.15,0.4588,0,0,0
u06159,small_biz,213150.01,0.3348,0.1566,0.0102,0.1015,6.89,0.4579,0,2,0
u06160,freelancer,40078.34,0.4403,0.1265,0.0537,0.1091,1.01,0.1007,1,2,0
u06161,salaried,82212.12,0.0812,0.0033,0.0706,0.1307,2.62,0.0871,1,2,0
u06162,small_biz,104080.93,0.3671,-0.1114,0.0353,0.1998,2.24,-0.0347,2,3,0
u06163,small_biz,110074.92,0.1788,0.07,0.0432,0.0925,0.86,-0.3791,2,6,1
u06164,small_biz,119191.76,0.2189,-0.0524,0.0291,0.2024,0.77,-0.0389,0,2,0
u06165,small_biz,80045.42,0.4106,0.0093,0.032,0.3097,-0.43,-0.7264,2,6,1
u06166,small_biz,140372.84,0.2901,-0.0832,0.0523,0.1708,2.72,0.1821,1,2,0
u06167,salaried,116829.77,0.0342,-0.0142,0.1397,0.1614,3.69,0.2724,0,0,0
u06168,small_biz,164294.4,0.2868,-0.0678,0.0062,0.1315,2.28,0.0339,1,3,0
u06169,freelancer,52101.44,0.2332,0.0408,0.0142,0.0195,1.3,0.0583,2,3,0
u06170,freelancer,37945.52,0.1411,0.0241,0.0916,0.064,0.68,-0.08,2,3,1
u06171,small_biz,109123.62,0.4154,0.1106,0.0524,0.2402,1.8,-0.1318,1,3,0
u06172,freelancer,32748.77,0.5489,-0.1867,0.1288,0.1095,-0.85,-0.2921,3,4,1
u06173,freelancer,90111.06,0.4067,0.2022,0.0566,0.0416,10.53,0.5654,0,1,0
u06174,salaried,108084.21,0.036,-0.0043,0.042,0.2825,2.79,0.1789,0,0,0
u06175,freelancer,78707.13,0.2628,-0.1188,0.0556,0.0351,8.18,0.54,0,0,0
u06176,small_biz,115940.58,0.1101,-0.0141,0.0431,0.1,-0.12,-0.419,2,6,1
u06177,freelancer,56758.04,0.2563,0.0023,0.0484,0.1242,-0.6,-0.1732,0,3,1
u06178,freelancer,49041.1,0.3044,0.0735,0.0348,0.0913,0.37,-0.0654,2,3,0
u06179,salaried,56991.72,0.0193,0.0091,0.0114,0.5703,0.84,-1.1775,3,6,1
u06180,freelancer,49423.89,0.4716,-0.1136,0.0214,0.0857,1.73,0.1734,0,2,0
u06181,salaried,50981.03,0.0348,-0.0046,0.0316,0.6294,0.24,-0.6986,3,6,1
u06182,freelancer,84528.14,0.3273,-0.011,0.0919,0.0536,8.51,0.5414,0,0,0
u06183,freelancer,65282.14,0.5411,0.0005,0.0086,0.1077,3.37,0.2727,1,2,0
u06184,small_biz,124106.44,0.174,0.0286,0.0307,0.1141,5.33,0.2954,0,0,0
u06185,salaried,104624.96,0.0505,0.0172,0.0794,0.1456,4.19,0.2953,0,0,0
u06186,salaried,82864.54,0.1061,0.0178,0.0229,0.345,1.66,-0.3055,0,6,1
u06187,freelancer,76144.44,0.0992,-0.0003,0.0568,0.0938,7.3,0.5197,0,0,0
u06188,salaried,94736.29,0.0846,-0.0209,0.1324,0.1886,2.44,0.0039,0,2,0
u06189,freelancer,46549.3,0.3493,0.1277,0.0364,0.0606,3.22,0.2824,0,2,0
u06190,freelancer,52582.3,0.2695,-0.0793,0.0213,0.0559,4.34,0.268,1,1,0
u06191,freelancer,53266.6,0.2614,-0.0708,0.1054,0.0783,2.0,0.1321,1,3,0
u06192,freelancer,63403.77,0.1633,-0.0587,0.0404,0.1161,4.92,0.3935,0,0,0
u06193,salaried,119715.01,0.0228,0.0088,0.0443,0.269,4.13,0.2047,0,0,0
u06194,freelancer,73426.43,0.1702,-0.0443,0.1058,0.0358,3.73,0.3182,0,1,0
u06195,small_biz,151086.91,0.2296,0.0097,0.0231,0.1352,6.13,0.4413,1,1,0
u06196,freelancer,47454.48,0.4513,-0.11,0.0619,0.0709,1.09,0.0167,1,2,1
u06197,freelancer,45630.8,0.2657,0.0809,0.0929,0.0219,2.72,0.2402,0,0,0
u06198,freelancer,56864.52,0.212,-0.0539,0.0795,0.0604,1.66,0.1108,0,1,0
u06199,freelancer,50357.45,0.562,-0.0398,-0.0155,0.0298,2.09,0.1641,1,4,1
u06200,freelancer,84041.04,0.2963,-0.1204,0.0891,0.0005,6.5,0.466,0,0,0
u06201,freelancer,90715.91,0.3046,0.0134,0.0228,0.0552,9.6,0.6012,0,0,0
u06202,salaried,120521.98,0.0969,-0.0147,0.0018,0.1355,7.09,0.4412,0,0,0
u06203,small_biz,118023.57,0.3237,-0.0735,0.0387,0.2332,1.02,-0.2053,1,4,0
u06204,salaried,69126.6,0.02,-0.0004,0.0172,0.265,1.03,-0.2313,5,6,1
u06205,small_biz,183518.38,0.2661,-0.0353,0.0054,0.1457,4.49,0.2611,1,1,0
u06206,small_biz,227677.04,0.199,-0.0541,-0.0026,0.0966,7.04,0.4245,0,0,0
u06207,small_biz,183708.34,0.3747,-0.0439,0.0427,0.1101,4.55,0.3472,1,1,0
u06208,small_biz,190236.72,0.1493,-0.0481,0.0117,0.1549,2.65,0.128,1,2,0
u06209,small_biz,199236.8,0.2218,0.0045,-0.0152,0.0506,3.35,0.1504,1,2,0
u06210,salaried,88361.81,0.053,-0.0022,0.0412,0.2029,0.91,-0.0677,2,5,0
u06211,freelancer,91541.59,0.2114,-0.0162,0.0106,0.0143,10.92,0.5305,0,0,0
u06212,small_biz,220175.84,0.2568,-0.0271,0.0082,0.0818,3.05,0.0895,0,2,0
u06213,salaried,80570.01,0.0654,0.0177,0.0395,0.1641,-0.2,-0.3215,4,6,1
u06214,freelancer,87673.53,0.247,-0.0738,0.0918,0.04,7.56,0.4585,0,0,0
u06215,salaried,73641.8,0.019,0.0048,0.0891,0.3819,0.07,-0.2029,1,6,1
u06216,freelancer,68162.93,0.3029,-0.0276,0.1086,0.003,7.33,0.4889,0,1,0
u06217,small_biz,162893.96,0.3424,-0.003,0.0294,0.0886,5.42,0.3809,1,1,0
u06218,salaried,55439.95,0.0222,-0.0018,0.0733,0.4652,-0.16,-0.2892,2,6,1
u06219,salaried,70744.45,0.0179,-0.0015,0.0342,0.3218,1.55,-0.1805,3,6,0
u06220,freelancer,82463.8,0.1354,-0.0122,0.1024,0.0954,6.22,0.454,0,0,0
u06221,small_biz,124769.05,0.3462,-0.0913,0.0439,0.1906,2.17,-0.1391,0,3,0
u06222,freelancer,51103.09,0.343,0.034,0.025,0.1248,0.39,-0.0634,2,4,1
u06223,small_biz,153799.07,0.1329,0.0061,0.0537,0.158,4.31,0.2593,0,1,0
u06224,salaried,106844.19,0.0679,-0.0059,0.005,0.2495,3.69,0.1952,0,0,0
u06225,small_biz,96446.07,0.3559,0.0973,0.0052,0.2478,-0.88,-0.5457,3,5,1
u06226,small_biz,112101.99,0.1289,0.0699,-0.009,0.2223,2.24,-0.0341,2,3,0
u06227,salaried,91310.94,0.0317,-0.0006,0.0515,0.2291,3.97,-0.0164,2,3,0
u06228,freelancer,56066.9,0.2779,0.0818,0.0942,0.106,0.09,-0.0965,1,3,1
u06229,salaried,60398.07,0.0312,-0.0053,0.0366,0.55,-0.5,-0.4058,2,6,1
u06230,salaried,63683.07,0.0512,-0.0273,-0.012,0.4822,1.52,-0.3313,2,6,1
u06231,salaried,102243.02,0.059,-0.0143,0.0177,0.2997,4.43,0.1979,0,1,0
u06232,freelancer,45167.21,0.1617,0.0218,0.0494,0.031,1.39,0.0842,0,1,0
u06233,freelancer,64582.98,0.3811,-0.0279,0.0371,0.1033,2.45,0.2151,1,4,0
u06234,salaried,79458.13,0.0366,-0.0026,0.0291,0.2626,0.89,-0.0884,1,6,0
u06235,freelancer,59719.73,0.3801,-0.0994,-0.0155,0.0664,2.0,0.2137,2,2,0
u06236,salaried,57591.19,0.0351,0.005,0.0383,0.5301,0.83,-0.3344,1,6,1
u06237,salaried,69131.18,0.0176,0.0001,0.0469,0.4127,0.79,-0.1557,3,6,1
u06238,salaried,62289.75,0.0454,-0.0119,0.0383,0.3549,-0.04,-0.2723,0,6,1
u06239,freelancer,67747.52,0.3038,0.0875,0.043,0.0063,1.91,0.1302,1,1,0
u06240,salaried,83819.41,0.0372,-0.0034,0.0529,0.2755,0.96,-0.424,4,6,1
u06241,freelancer,44115.79,0.2642,-0.0723,0.0349,0.0471,0.23,-0.0169,1,3,1
u06242,salaried,58702.54,0.0505,-0.0089,0.0531,0.3016,3.15,-0.1917,3,6,0
u06243,small_biz,187939.64,0.3032,-0.1338,0.0654,0.1582,4.18,0.1514,2,3,0
u06244,freelancer,52627.74,0.1916,-0.0009,0.1055,0.0515,1.79,0.0786,1,3,0
u06245,salaried,75374.09,0.0766,-0.0236,0.1258,0.3621,-0.38,-0.4369,0,6,1
u06246,freelancer,55866.89,0.5621,-0.2707,0.0307,0.0737,4.53,0.3429,0,1,0
u06247,freelancer,75230.86,0.3475,-0.081,-0.0132,0.0757,3.62,0.314,0,1,0
u06248,small_biz,186091.08,0.2054,-0.0093,0.0729,0.1076,4.99,0.3225,0,1,0
u06249,freelancer,58016.13,0.2832,0.0968,0.0575,0.0689,1.4,0.0648,0,2,1
u06250,small_biz,212028.05,0.3684,0.0892,0.0122,0.0949,3.87,0.2201,0,1,0
u06251,small_biz,145354.49,0.2401,-0.0469,0.0398,0.1989,4.98,0.3296,0,0,0
u06252,small_biz,123771.51,0.1609,0.0544,0.0024,0.1578,0.5,-0.3431,2,5,1
u06253,small_biz,117814.41,0.2625,-0.0742,0.0207,0.1943,0.79,-0.361,4,6,1
u06254,small_biz,162393.5,0.3224,-0.1693,-0.0131,0.1307,3.86,0.2993,1,1,0
u06255,salaried,68374.63,0.0754,-0.0299,0.0838,0.2726,0.31,-0.3099,0,6,1
u06256,salaried,57085.04,0.0561,0.0114,0.0586,0.414,0.58,-0.9539,1,6,1
u06257,freelancer,46007.11,0.6606,-0.3469,0.0622,0.0181,1.83,0.1997,0,3,0
u06258,small_biz,161337.91,0.3765,0.021,-0.0022,0.1283,3.87,0.1897,0,2,0
u06259,salaried,97500.77,0.0809,0.0168,0.0079,0.1958,3.69,0.2498,0,0,0
u06260,salaried,98247.77,0.0528,-0.0149,0.0709,0.2239,1.21,-0.0611,3,6,0
u06261,salaried,69874.19,0.1039,0.021,0.0254,0.4439,2.17,-0.4888,2,6,0
u06262,small_biz,201012.77,0.2597,-0.1012,0.0301,0.0842,5.87,0.4033,0,1,0
u06263,small_biz,180841.85,0.3954,0.1241,-0.0066,0.1365,5.21,0.2849,1,1,0
u06264,freelancer,66958.93,0.5281,-0.1334,0.0529,0.0846,4.32,0.3158,0,2,0
u06265,salaried,93527.91,0.0314,0.001,0.0364,0.3132,3.13,-0.0577,3,5,0
u06266,freelancer,69582.75,0.1719,-0.0187,0.0434,0.0859,0.3,-0.1054,1,3,0
u06267,small_biz,82033.52,0.2115,0.0687,0.0151,0.3622,-1.12,-0.7261,3,6,1
u06268,freelancer,72954.09,0.2104,-0.0457,0.0001,0.0047,8.74,0.5547,0,0,0
u06269,salaried,55380.97,0.0803,-0.0018,0.0949,0.4805,0.78,-0.6943,2,6,1
u06270,freelancer,79128.37,0.166,-0.028,0.0869,0.0973,5.5,0.3624,0,1,0
u06271,salaried,73317.03,0.1074,0.0133,-0.0129,0.395,0.38,-0.2941,3,6,1
u06272,freelancer,65256.49,0.1691,-0.0136,0.1085,0.094,3.87,0.2732,1,2,0
u06273,freelancer,66045.13,0.311,-0.0445,-0.0273,0.1116,3.59,0.2822,1,1,0
u06274,small_biz,172914.14,0.3697,-0.045,0.0065,0.0827,3.76,0.1295,0,2,0
u06275,freelancer,60256.63,0.2874,0.1247,0.0976,0.0256,4.07,0.3021,0,2,0
u06276,freelancer,52203.03,0.2238,-0.0735,0.0787,0.053,1.31,-0.0175,1,2,0
u06277,freelancer,41438.16,0.1741,-0.0122,0.0693,0.0004,2.83,0.2749,0,1,0
u06278,small_biz,101660.5,0.4332,0.0687,0.0344,0.1608,0.83,-0.3211,2,4,1
u06279,salaried,53884.94,0.0469,-0.0013,0.0732,0.3303,1.39,-0.5622,2,6,1
u06280,small_biz,142114.86,0.4853,0.0858,0.0725,0.075,4.39,0.2483,1,3,0
u06281,small_biz,152620.62,0.1988,0.0317,0.0252,0.107,0.23,-0.2461,4,5,1
u06282,salaried,117914.91,0.0305,-0.0119,0.0034,0.2274,5.53,0.3401,0,0,0
u06283,salaried,72666.43,0.0509,-0.0013,0.0406,0.3801,2.01,-0.344,4,6,0
u06284,small_biz,216973.06,0.2462,0.1019,0.0026,0.1052,6.36,0.4289,0,1,0
u06285,salaried,89135.68,0.065,-0.0293,0.0965,0.1361,3.53,0.2525,0,0,0
u06286,small_biz,196940.83,0.2472,-0.0307,0.0627,0.0719,5.16,0.33,0,1,0
u06287,salaried,55901.7,0.0591,-0.0107,0.0503,0.5531,-0.22,-0.6539,2,6,1
u06288,salaried,67831.63,0.0469,0.0056,0.0881,0.3616,0.98,-0.0223,2,4,0
u06289,small_biz,186995.49,0.2022,0.0075,-0.0017,0.1285,3.41,0.1013,0,1,0
u06290,freelancer,69505.62,0.3276,0.1217,0.1013,0.0111,2.77,0.1829,2,2,0
u06291,small_biz,160564.18,0.2354,0.0528,-0.0269,0.0822,2.5,0.1083,2,2,0
u06292,small_biz,240764.25,0.1008,0.0179,-0.0035,0.0526,3.58,0.2073,0,1,0
u06293,small_biz,154476.11,0.3539,0.0848,0.0326,0.0671,5.22,0.3245,1,1,0
u06294,salaried,94132.84,0.0322,0.0138,0.0207,0.2368,3.75,0.2862,0,0,0
u06295,freelancer,62359.35,0.1835,-0.1037,0.0816,0.0001,3.3,0.2217,0,2,0
u06296,freelancer,61265.23,0.2785,0.0171,0.0225,0.0442,3.34,0.2496,0,2,0
u06297,freelancer,48945.97,0.402,0.1656,0.1077,0.0429,3.92,0.339,0,1,0
u06298,freelancer,47807.71,0.2534,0.0111,0.0278,0.0316,3.39,0.2082,0,1,0
u06299,freelancer,41305.15,0.4772,0.0109,0.0807,0.1823,1.95,0.0963,1,2,0
u06300,small_biz,97960.81,0.3475,0.1212,0.0471,0.3059,-0.59,-0.3646,4,5,1
u06301,salaried,117925.72,0.0394,0.0161,0.0096,0.1858,6.78,0.3414,0,0,0
u06302,freelancer,57603.73,0.3135,0.0389,0.0084,0.1011,1.26,0.1073,1,2,0
u06303,small_biz,91550.14,0.2917,0.0472,0.0709,0.3105,-0.01,-0.7938,3,6,1
u06304,small_biz,159805.88,0.3648,0.1111,0.0005,0.1081,4.94,0.2993,0,2,0
u06305,freelancer,70465.6,0.3882,0.0933,0.0301,0.0848,5.47,0.3573,1,1,0
u06306,small_biz,162563.08,0.311,0.075,0.0202,0.066,1.77,0.0485,0,2,0
u06307,salaried,54448.02,0.0443,-0.0012,0.0112,0.4413,-0.28,-0.6458,2,6,1
u06308,salaried,86823.44,0.082,-0.0122,0.1804,0.3378,-0.23,-0.3591,2,6,1
u06309,salaried,110199.31,0.0312,-0.0083,0.0512,0.1553,4.2,0.2206,0,0,0
u06310,salaried,68243.91,0.0272,0.0035,0.1561,0.4475,2.41,-0.2291,3,6,1
u06311,freelancer,58897.01,0.1883,0.012,-0.0022,0.0573,2.36,0.1439,1,1,0
u06312,salaried,109796.92,0.048,0.0041,0.0313,0.3005,3.77,0.2112,0,0,0
u06313,small_biz,179495.09,0.2916,-0.0024,0.0387,0.1475,2.7,0.1628,0,2,0
u06314,small_biz,144190.35,0.2114,0.0044,0.0157,0.1873,1.73,0.079,1,3,0
u06315,freelancer,55092.76,0.1933,-0.0672,-0.0106,0.1197,2.21,0.1476,0,3,0
u06316,freelancer,51739.75,0.2508,0.0339,0.0312,0.0297,2.77,0.206,1,1,0
u06317,freelancer,54345.99,0.1451,-0.0055,-0.0755,0.0547,6.76,0.4993,0,0,0
u06318,freelancer,30847.28,0.3248,-0.1443,-0.0158,0.1909,-0.69,-0.3353,3,5,1
u06319,salaried,66235.16,0.0483,0.0262,0.0883,0.1989,2.66,-0.047,2,5,0
u06320,salaried,85320.94,0.0366,-0.007,0.0064,0.3588,3.38,-0.0305,4,5,0
u06321,freelancer,51621.06,0.2807,0.0373,-0.0208,0.0827,4.88,0.413,0,1,0
u06322,salaried,92466.48,0.0339,0.0088,0.0317,0.1331,3.85,0.2536,0,0,0
u06323,freelancer,52561.31,0.443,0.0324,0.0735,0.1492,3.8,0.3158,0,2,0
u06324,freelancer,77659.46,0.1675,0.0212,0.0629,0.0403,8.5,0.5703,0,0,0
u06325,freelancer,62568.67,0.1679,-0.0308,0.0149,0.1244,1.35,0.1358,1,1,1
u06326,freelancer,63915.74,0.261,0.0467,0.0759,0.1151,3.32,0.328,0,1,0
u06327,freelancer,75917.23,0.5075,0.1998,0.0458,0.0922,4.99,0.3128,0,2,0
u06328,small_biz,178261.4,0.2455,-0.0178,0.0236,0.1259,3.45,0.2498,0,1,0
u06329,small_biz,266094.3,0.1069,-0.0086,0.0099,0.0534,9.55,0.5463,0,0,0
u06330,small_biz,148842.3,0.4235,0.1133,-0.007,0.0733,3.19,0.0587,2,3,0
u06331,freelancer,31580.65,0.3194,-0.0666,-0.0154,0.2333,-0.25,-0.2897,1,4,1
u06332,small_biz,132191.04,0.3966,-0.1561,-0.0128,0.1896,2.11,-0.0924,1,4,0
u06333,freelancer,45470.01,0.1928,-0.0641,0.0633,0.1002,3.14,0.3118,0,0,0
u06334,small_biz,189948.68,0.2158,-0.063,0.0766,0.1372,0.79,-0.0942,2,2,0
u06335,salaried,79350.33,0.0429,-0.0097,0.0188,0.3611,3.34,-0.1404,6,6,0
u06336,small_biz,190742.18,0.4266,-0.2208,-0.0099,0.1423,4.23,0.228,2,2,0
u06337,freelancer,68077.72,0.1895,-0.0601,-0.0025,0.1125,1.72,0.1549,0,1,0
u06338,small_biz,160968.16,0.35,0.1036,0.0409,0.14,3.62,0.1036,1,3,0
u06339,freelancer,71427.66,0.232,0.0004,0.1162,0.1093,0.77,0.0419,3,3,1
u06340,freelancer,52752.92,0.2437,-0.0252,-0.0183,0.0714,3.18,0.298,1,1,0
u06341,salaried,80129.22,0.0341,-0.008,0.0793,0.4235,2.48,0.0389,0,1,0
u06342,small_biz,153283.78,0.1778,0.0085,0.0701,0.1618,2.44,-0.0941,0,2,1
u06343,salaried,119782.92,0.0448,0.0094,0.0494,0.18,5.4,0.3706,0,0,0
u06344,salaried,91422.28,0.0324,0.0116,0.0475,0.17,4.88,0.2745,0,0,0
u06345,freelancer,53384.77,0.4891,0.0725,0.0608,0.0446,1.67,0.0719,3,3,0
u06346,freelancer,71140.14,0.2471,-0.0525,0.0305,0.1038,3.89,0.3008,1,1,0
u06347,salaried,116892.95,0.0524,0.0048,0.161,0.2251,2.23,0.0393,1,1,0
u06348,salaried,60113.45,0.0547,0.0198,0.0925,0.2389,2.44,-0.1885,3,6,0
u06349,freelancer,74774.84,0.2221,0.0764,0.0933,0.0233,7.91,0.4893,0,0,0
u06350,small_biz,104300.74,0.1656,0.0012,0.0095,0.0996,0.6,-0.3823,1,6,1
u06351,small_biz,111180.48,0.4506,-0.1724,0.081,0.1676,-0.77,-0.5633,4,5,1
u06352,freelancer,78906.33,0.4417,-0.2063,0.1366,0.0935,7.51,0.5212,1,1,0
u06353,freelancer,72944.63,0.1882,0.0563,0.0236,0.0434,6.94,0.4986,0,0,0
u06354,salaried,98690.13,0.0613,-0.0047,0.0521,0.1402,3.61,0.2349,0,0,0
u06355,small_biz,172004.19,0.2053,0.0342,0.0433,0.069,5.37,0.3599,0,1,0
u06356,freelancer,61470.23,0.2025,0.0105,0.0561,0.0282,1.78,0.1829,0,2,0
u06357,salaried,94382.28,0.0475,0.0194,0.1339,0.1322,1.76,-0.0267,1,4,1
u06358,small_biz,248941.88,0.3278,-0.0234,-0.0337,0.1155,5.46,0.2821,0,1,0
u06359,salaried,103917.36,0.0259,0.0034,-0.0104,0.3281,2.5,-0.022,2,5,0
u06360,small_biz,144316.57,0.229,0.0576,0.066,0.1821,1.04,-0.1413,0,5,0
u06361,salaried,92298.85,0.0225,-0.0077,0.1168,0.2262,3.63,0.0038,0,2,0
u06362,freelancer,39867.99,0.531,-0.1763,-0.0202,0.0664,2.57,0.2618,1,2,0
u06363,freelancer,74412.31,0.1559,-0.0418,0.1113,0.0751,3.66,0.351,0,0,0
u06364,freelancer,53385.52,0.3911,0.0664,0.0902,0.1071,2.48,0.1985,1,1,0
u06365,salaried,69139.43,0.0283,0.0075,0.0909,0.4492,1.96,-0.4623,2,6,1
u06366,salaried,114864.74,0.0608,0.0199,0.0036,0.1663,3.11,-0.0031,1,2,0
u06367,freelancer,31148.14,0.4061,-0.0122,0.0243,0.1752,-1.37,-0.3535,2,4,1
u06368,salaried,117336.75,0.0424,-0.0093,0.157,0.0903,5.56,0.4298,0,0,0
u06369,freelancer,48247.09,0.5365,0.075,0.0293,0.1278,0.97,-0.0146,0,3,1
u06370,salaried,71393.76,0.0471,0.0081,0.054,0.4155,0.6,-0.3561,2,6,1
u06371,salaried,56479.37,0.0679,-0.003,0.0064,0.3007,-0.26,-0.5376,3,6,1
u06372,freelancer,55882.93,0.2739,-0.0192,0.0074,0.005,2.48,0.153,1,1,0
u06373,freelancer,54088.63,0.3905,-0.0058,0.0136,0.1156,1.61,0.1191,2,3,0
u06374,salaried,65880.53,0.0377,-0.0104,0.0275,0.1562,0.75,-0.2589,2,6,1
u06375,salaried,72647.49,0.0338,0.0125,0.0257,0.2162,1.92,-0.0195,2,3,0
u06376,salaried,114336.31,0.0868,-0.0058,0.027,0.1309,6.59,0.4018,0,0,0
u06377,small_biz,174074.84,0.3796,-0.0577,0.054,0.0745,2.98,0.1439,2,3,0
u06378,salaried,55997.61,0.0411,-0.0033,0.0957,0.2394,0.88,-0.0933,2,6,1
u06379,freelancer,78319.6,0.2426,0.0085,0.0873,0.0014,5.31,0.3492,0,1,0
u06380,freelancer,48886.67,0.093,-0.0035,-0.0142,0.147,0.88,-0.1266,1,5,1
u06381,freelancer,56277.28,0.2383,0.0088,-0.0162,0.135,1.67,0.1718,1,2,0
u06382,small_biz,137943.36,0.4239,-0.061,0.0394,0.1109,3.9,0.154,2,3,0
u06383,small_biz,167930.66,0.2806,0.0765,0.0444,0.1106,5.9,0.3486,0,1,0
u06384,freelancer,70493.07,0.3681,0.1037,0.0351,0.095,5.78,0.4035,0,1,0
u06385,salaried,110943.64,0.0707,0.0164,0.0055,0.2208,6.64,0.3205,0,0,0
u06386,small_biz,179101.73,0.207,-0.066,0.0416,0.0809,5.3,0.3653,0,1,0
u06387,freelancer,76461.26,0.2031,-0.0521,0.0876,0.0604,2.52,0.2031,1,2,0
u06388,small_biz,160124.89,0.3854,-0.0718,0.0268,0.0845,0.37,-0.0785,2,3,1
u06389,small_biz,142431.36,0.2491,-0.035,0.0165,0.1059,3.95,0.2029,1,1,0
u06390,salaried,83566.55,0.0404,-0.0132,0.0491,0.2396,1.99,-0.0565,1,2,0
u06391,freelancer,45940.95,0.4138,-0.0013,0.1388,0.0767,0.93,0.0064,0,4,0
u06392,salaried,104702.55,0.0336,-0.0157,0.1398,0.123,1.23,-0.0722,0,4,1
u06393,small_biz,108630.1,0.2393,-0.0043,0.0201,0.1358,3.18,0.0374,1,2,0
u06394,freelancer,48969.81,0.5876,-0.1038,0.0812,0.08,2.32,0.2059,1,4,0
u06395,freelancer,73870.54,0.3402,-0.0858,0.1257,0.0842,3.47,0.3076,1,1,0
u06396,small_biz,132158.64,0.254,0.0241,0.0393,0.2001,1.09,-0.2119,0,3,0
u06397,small_biz,107496.02,0.3717,0.122,0.0394,0.0971,-1.09,-0.5389,1,5,1
u06398,salaried,98556.32,0.0585,0.0011,0.1596,0.3011,1.46,-0.0186,0,3,1
u06399,freelancer,85609.93,0.4615,-0.0229,-0.0201,0.0136,9.77,0.6052,0,1,0
u06400,freelancer,64421.6,0.302,-0.0386,0.04,0.0028,4.87,0.3713,1,1,0
u06401,freelancer,42963.44,0.3753,0.0341,0.0105,0.0479,1.56,0.1703,1,3,0
u06402,freelancer,54389.28,0.3584,0.0187,0.0435,0.1144,2.43,0.2087,1,2,0
u06403,freelancer,48158.23,0.3611,-0.0082,0.0832,0.1083,-0.17,-0.2707,1,4,1
u06404,salaried,75924.87,0.0531,0.0007,-0.0105,0.2981,3.08,0.1248,0,0,0
u06405,small_biz,134238.87,0.3342,0.0899,-0.013,0.1876,1.42,-0.3552,1,6,0
u06406,small_biz,187976.36,0.3699,0.1436,-0.0342,0.1393,4.44,0.3215,1,2,0
u06407,salaried,107178.29,0.0548,0.0111,0.0195,0.1365,4.67,0.296,0,0,0
u06408,small_biz,149962.77,0.0999,-0.0383,0.0812,0.1916,1.23,-0.0273,0,2,1
u06409,small_biz,114394.6,0.2224,-0.028,0.009,0.2252,-0.53,-0.6513,3,6,1
u06410,small_biz,105429.09,0.2736,-0.1043,-0.0092,0.1578,0.11,-0.2105,0,4,1
u06411,salaried,82857.94,0.0751,-0.0264,0.0545,0.1793,2.82,0.131,0,1,0
u06412,small_biz,133472.57,0.3971,0.0787,0.0219,0.2048,-0.72,-0.4408,2,4,1
u06413,freelancer,43235.76,0.3476,0.159,0.1071,0.0878,-0.41,-0.3586,2,6,1
u06414,salaried,103782.24,0.0677,-0.0254,-0.0036,0.3072,3.0,0.1876,0,0,0
u06415,small_biz,137631.12,0.3685,-0.1553,0.0091,0.1057,1.01,-0.2786,2,4,1
u06416,small_biz,253193.34,0.1713,0.0255,0.0571,0.0576,5.99,0.3293,0,0,0
u06417,salaried,82432.53,0.0639,0.016,0.0551,0.2744,1.95,-0.2113,4,6,1
u06418,salaried,95441.24,0.0436,0.0055,0.0761,0.1796,4.6,0.1488,0,0,0
u06419,small_biz,214459.18,0.3667,-0.1002,-0.0017,0.0678,7.35,0.5034,1,1,0
u06420,small_biz,239208.65,0.1184,0.0249,-0.0164,0.0935,3.46,0.2071,1,1,0
u06421,small_biz,139548.78,0.2028,-0.0356,0.0082,0.19,-0.32,-0.2515,3,4,1
u06422,salaried,77505.43,0.0543,-0.0204,0.0466,0.32,3.44,0.0265,1,1,0
u06423,small_biz,102793.22,0.3147,0.0528,-0.0214,0.1668,1.33,0.0222,1,3,0
u06424,freelancer,67734.24,0.1956,-0.0992,0.0323,0.0662,4.65,0.3985,0,0,0
u06425,small_biz,162931.21,0.3153,-0.1088,0.0438,0.107,1.19,-0.0447,1,3,1
u06426,salaried,109808.11,0.0254,-0.0091,-0.044,0.2904,4.37,0.2264,0,0,0
u06427,salaried,50510.86,0.0395,0.0072,0.0116,0.3829,-0.76,-0.7149,1,6,1
u06428,salaried,120231.74,0.0333,0.01,0.0573,0.2812,4.23,0.3288,0,0,0
u06429,small_biz,211607.89,0.1365,0.0518,0.0047,0.104,4.99,0.337,0,0,0
u06430,small_biz,239413.43,0.271,0.137,0.0165,0.0793,9.62,0.5669,0,0,0
u06431,small_biz,154762.89,0.3345,-0.102,0.0491,0.095,2.06,-0.0933,1,2,0
u06432,small_biz,109387.33,0.2666,0.102,0.0376,0.1809,0.57,-0.29,0,6,1
u06433,salaried,101246.96,0.0277,0.0145,0.0195,0.1773,3.25,0.1411,0,0,0
u06434,salaried,59711.4,0.0407,-0.0064,-0.0222,0.1931,0.5,-0.2619,1,6,1
u06435,salaried,125180.85,0.0872,-0.0052,0.0736,0.1841,6.02,0.3317,0,0,0
u06436,small_biz,149771.44,0.1678,0.0124,-0.0009,0.1346,4.34,0.3325,0,0,0
u06437,small_biz,124230.98,0.2196,-0.1014,0.0715,0.2233,0.33,-0.588,3,6,1
u06438,freelancer,48790.14,0.2651,-0.1014,0.0231,0.1502,1.91,0.0634,0,2,0
u06439,freelancer,45022.43,0.152,0.0561,0.0781,0.0078,-0.22,-0.1621,2,5,1
u06440,small_biz,177477.22,0.3437,0.0522,-0.0444,0.1513,1.54,-0.0863,3,4,0
u06441,salaried,104402.79,0.0483,-0.0233,0.0038,0.1124,3.46,0.0595,1,1,0
u06442,small_biz,119185.24,0.2137,-0.0062,0.0215,0.095,4.38,0.2538,0,1,0
u06443,salaried,70099.9,0.0452,-0.0046,0.0511,0.3095,0.33,-0.1769,0,5,1
u06444,freelancer,68640.62,0.4479,0.1363,0.0163,0.0517,6.95,0.4973,0,0,0
u06445,salaried,102957.72,0.0192,0.0006,-0.0039,0.123,4.47,0.1332,0,0,0
u06446,small_biz,187239.01,0.3571,-0.1116,0.0448,0.0886,7.96,0.4733,0,1,0
u06447,salaried,110544.88,0.0323,0.0145,0.0103,0.2503,3.2,-0.0367,2,5,0
u06448,freelancer,54927.86,0.3644,-0.137,-0.0199,0.0382,3.44,0.336,0,1,0
u06449,salaried,109946.23,0.0652,0.0015,-0.0065,0.1004,3.45,0.2024,1,1,0
u06450,freelancer,74049.47,0.3147,0.0291,0.0396,0.0429,7.08,0.4287,0,0,0
u06451,salaried,113109.1,0.0498,0.0172,-0.0385,0.0982,9.39,0.4608,0,0,0
u06452,salaried,97246.75,0.0576,-0.0131,-0.0501,0.2973,4.95,0.1728,0,0,0
u06453,salaried,60205.11,0.0461,-0.0098,-0.0156,0.5441,0.95,-0.4773,1,6,1
u06454,small_biz,169980.22,0.2886,-0.0365,0.0234,0.0602,5.21,0.3687,0,1,0
u06455,salaried,71451.87,0.0888,-0.0114,0.0272,0.3437,-0.21,-0.4106,1,6,1
u06456,freelancer,41337.42,0.1778,-0.0204,0.0069,0.0653,-0.44,-0.2105,1,5,1
u06457,freelancer,52740.76,0.1756,0.0738,0.1072,0.1001,1.82,0.1529,1,1,0
u06458,salaried,58701.02,0.0415,0.0162,-0.0649,0.1883,0.95,-0.1482,4,6,0
u06459,freelancer,51283.33,0.2565,0.0506,0.0601,0.1072,2.6,0.2109,0,1,0
u06460,salaried,90525.9,0.0517,-0.0154,0.165,0.2742,1.25,0.0346,1,1,0
u06461,freelancer,49734.21,0.2887,-0.0125,0.0215,0.0529,2.88,0.2261,0,1,0
u06462,small_biz,141115.35,0.2747,0.0074,0.0138,0.1127,1.88,-0.1938,0,4,0
u06463,salaried,91836.45,0.0653,0.0277,0.0144,0.2951,1.13,-0.1731,5,6,1
u06464,freelancer,64352.69,0.2268,0.1049,0.1532,0.11,3.93,0.361,0,0,0
u06465,salaried,69989.2,0.0696,0.0036,0.1196,0.2749,2.68,-0.1662,3,5,0
u06466,freelancer,44383.28,0.3769,-0.1156,0.049,0.1786,-1.84,-0.4576,2,5,1
u06467,salaried,64258.09,0.0438,0.0013,0.0887,0.3409,0.3,-0.3594,3,6,1
u06468,small_biz,94292.17,0.3314,-0.0349,0.0909,0.2589,0.55,-0.2907,2,4,0
u06469,freelancer,48226.53,0.1665,-0.0116,0.1035,0.1624,1.51,0.0179,1,1,0
u06470,freelancer,85347.02,0.2446,-0.0661,0.0628,0.0441,7.98,0.5593,0,0,0
u06471,small_biz,110442.84,0.221,0.0951,-0.0189,0.2419,-0.7,-0.5694,2,6,1
u06472,salaried,82903.93,0.0527,-0.0222,0.0183,0.1468,1.92,0.086,0,1,0
u06473,small_biz,250414.04,0.2829,0.0182,0.0142,0.0706,7.98,0.452,1,1,0
u06474,freelancer,48656.62,0.466,0.0758,0.0641,0.0556,2.21,0.2145,1,2,1
u06475,small_biz,112355.08,0.3863,0.0378,-0.0309,0.1372,-0.66,-0.478,1,6,1
u06476,freelancer,71973.85,0.4601,0.0511,0.0744,0.0469,4.36,0.3754,1,2,0
u06477,salaried,54383.67,0.0515,0.0228,0.0078,0.33,1.82,-0.3173,3,6,0
u06478,small_biz,67027.19,0.2715,-0.0997,0.0179,0.2836,-1.64,-0.9536,1,6,1
u06479,freelancer,45300.4,0.2136,0.0331,0.0696,0.0134,2.41,0.2477,0,1,0
u06480,salaried,81770.65,0.0542,0.0139,0.0958,0.1347,4.21,0.1317,0,0,0
u06481,salaried,60339.31,0.0467,0.0136,0.0564,0.3994,-0.78,-0.5312,3,6,1
u06482,freelancer,39501.94,0.2639,-0.0134,-0.0308,0.1672,-0.29,-0.2089,1,5,1
u06483,salaried,52524.0,0.0375,-0.0078,0.0644,0.2706,-1.49,-0.7974,2,6,1
u06484,freelancer,57523.62,0.3354,-0.1243,0.0208,0.0014,3.61,0.2835,1,1,0
u06485,freelancer,40861.56,0.397,-0.1244,0.0167,0.1593,-0.03,-0.2431,2,4,1
u06486,freelancer,44813.06,0.3075,0.1198,-0.01,0.0515,3.33,0.2867,0,1,0
u06487,salaried,97477.41,0.0195,0.0064,-0.0066,0.2124,4.11,0.0633,0,0,0
u06488,salaried,85237.67,0.0783,0.0077,0.0113,0.4075,1.98,-0.146,3,5,0
u06489,salaried,83405.99,0.0889,0.0166,0.1361,0.1296,3.83,0.2966,0,0,0
u06490,freelancer,57285.48,0.4809,0.0774,0.02,0.0783,3.49,0.2759,2,2,0
u06491,freelancer,42290.56,0.4805,-0.2372,-0.0047,0.0545,0.49,0.0015,2,4,1
u06492,freelancer,62307.91,0.2466,-0.0011,-0.0226,0.0483,4.84,0.3727,0,0,0
u06493,small_biz,98000.38,0.2533,-0.0584,0.081,0.1859,1.47,-0.1389,1,3,1
u06494,small_biz,197399.35,0.2633,0.0201,0.0295,0.1391,1.87,0.094,0,2,0
u06495,freelancer,32142.62,0.4849,-0.1514,0.0455,0.2182,-1.37,-0.7384,1,5,1
u06496,small_biz,170393.95,0.3152,-0.0654,0.0236,0.0715,1.74,0.0732,1,1,0
u06497,freelancer,34212.37,0.3113,-0.1325,0.038,0.1688,-2.03,-0.5866,2,6,1
u06498,freelancer,46947.35,0.2578,-0.1196,0.0212,0.0703,0.6,0.0466,1,3,1
u06499,small_biz,141269.41,0.2705,0.0624,0.0867,0.2105,1.06,-0.1082,0,3,1
u06500,small_biz,169695.47,0.1412,0.0431,0.0143,0.093,2.92,0.0866,1,2,0
u06501,salaried,62799.95,0.0601,0.0097,0.0135,0.5283,-0.2,-0.6389,1,6,1
u06502,freelancer,67010.91,0.2511,0.1212,0.0003,0.0082,3.14,0.2684,1,1,0
u06503,freelancer,78342.95,0.3455,-0.1118,-0.0486,0.049,5.33,0.427,0,1,0
u06504,salaried,113998.86,0.0291,-0.0027,0.1039,0.2375,2.58,0.1905,0,0,0
u06505,small_biz,156036.46,0.3007,0.107,0.0206,0.1062,2.71,0.1678,0,1,0
u06506,small_biz,111394.02,0.2042,0.0592,0.0516,0.1534,1.09,-0.13,0,3,0
u06507,freelancer,45189.68,0.4487,-0.0322,0.0098,0.0783,-0.03,-0.0784,2,4,1
u06508,freelancer,77242.43,0.4001,0.1858,0.0276,0.1006,4.01,0.2967,1,2,0
u06509,freelancer,41922.94,0.205,-0.0238,-0.0106,0.0632,1.64,0.1247,0,2,1
u06510,small_biz,205372.63,0.2764,-0.0419,-0.0186,0.0892,5.75,0.4278,0,0,0
u06511,salaried,57256.54,0.0755,-0.0041,0.1495,0.5145,-0.73,-0.8099,2,6,1
u06512,salaried,113809.78,0.0484,0.0046,0.0752,0.2844,4.16,0.0584,0,1,0
u06513,salaried,52315.57,0.0635,0.0104,-0.0093,0.3851,1.17,-0.5897,3,6,1
u06514,freelancer,84839.0,0.2499,0.0408,-0.0189,0.0278,10.73,0.5798,0,0,0
u06515,small_biz,195446.69,0.4219,-0.0576,0.0296,0.1301,3.34,0.1853,1,2,0
u06516,freelancer,62836.22,0.2139,-0.0891,0.0769,0.1105,3.9,0.2545,1,2,0
u06517,small_biz,118001.51,0.3032,-0.1241,0.0182,0.2123,2.99,0.1024,0,1,0
u06518,salaried,88320.36,0.0606,0.0204,0.0631,0.2699,1.23,-0.1427,2,6,0
u06519,small_biz,160802.73,0.3681,0.0899,0.0606,0.1821,4.55,0.2638,1,2,0
u06520,salaried,105915.09,0.0606,0.0215,0.0506,0.2333,6.77,0.3751,0,0,0
u06521,salaried,55330.45,0.0509,-0.0082,0.0326,0.3963,0.9,-0.2666,3,6,1
u06522,freelancer,36172.67,0.2869,0.0841,0.0293,0.0214,2.0,0.1959,0,1,0
u06523,salaried,111530.83,0.0289,-0.0042,0.0789,0.1969,4.71,0.1124,0,0,0
u06524,salaried,69771.87,0.0542,-0.0178,0.0133,0.3244,-0.0,-0.524,1,6,1
u06525,salaried,56938.61,0.0697,-0.0191,-0.0088,0.2799,2.01,-0.2685,4,6,0
u06526,small_biz,114401.47,0.4587,-0.1099,-0.0347,0.2439,0.07,-0.2322,1,3,1
u06527,freelancer,67829.27,0.1974,0.0198,0.002,0.0958,4.09,0.3754,0,0,0
u06528,freelancer,54412.81,0.2899,-0.0267,-0.0176,0.1446,1.5,0.0026,1,4,0
u06529,small_biz,144623.78,0.3952,-0.0941,0.0161,0.1042,3.52,0.217,0,2,0
u06530,salaried,90326.73,0.0462,-0.0094,0.0626,0.3077,3.31,0.1124,0,0,0
u06531,small_biz,173499.04,0.413,-0.1545,-0.042,0.0907,2.77,0.2074,0,2,0
u06532,small_biz,163122.95,0.5585,0.1508,0.0291,0.0734,4.01,0.3343,1,2,0
u06533,salaried,68253.9,0.0498,-0.0104,0.0224,0.4891,1.83,-0.2912,2,6,1
u06534,freelancer,93059.0,0.1731,0.0589,0.0856,0.0468,9.93,0.591,0,0,0
u06535,freelancer,67875.88,0.2191,-0.051,-0.0131,0.0619,5.79,0.4471,0,0,0
u06536,freelancer,57158.39,0.279,0.1119,-0.0213,0.1121,-0.96,-0.2144,3,4,1
u06537,salaried,59144.6,0.019,-0.0075,0.0277,0.2875,-0.49,-0.7408,2,6,1
u06538,small_biz,104178.18,0.2639,0.114,0.0816,0.2658,0.27,-0.1959,1,4,1
u06539,salaried,55984.7,0.0213,-0.0062,0.0611,0.2762,-0.27,-0.3425,3,6,1
u06540,freelancer,67627.39,0.15,-0.0197,0.098,0.1072,2.09,0.1723,0,1,0
u06541,freelancer,50054.28,0.2073,-0.0909,-0.0035,0.0467,1.49,0.0406,1,3,0
u06542,small_biz,126220.75,0.1567,-0.0192,0.0268,0.0858,-1.1,-0.5769,3,6,1
u06543,salaried,67437.61,0.0473,-0.0074,0.0059,0.2899,1.46,-0.4496,2,6,0
u06544,small_biz,151211.75,0.2617,0.0274,0.034,0.1319,1.83,-0.0887,2,3,0
u06545,small_biz,108665.4,0.2598,0.1018,0.0132,0.244,1.24,-0.1001,1,3,1
u06546,salaried,110554.75,0.0273,0.0007,0.0694,0.1924,6.61,0.3318,0,0,0
u06547,small_biz,273278.54,0.2047,0.0545,0.032,0.0785,6.1,0.4307,0,0,0
u06548,freelancer,62547.42,0.1882,0.0158,-0.0218,0.1007,5.33,0.3721,0,0,0
u06549,freelancer,59458.22,0.4663,0.0858,0.0399,0.0548,3.3,0.3347,1,2,0
u06550,small_biz,79855.93,0.5043,-0.0543,0.0074,0.3568,-0.57,-0.5163,1,5,1
u06551,freelancer,58685.29,0.2562,0.0704,0.0483,0.0655,2.29,0.1747,1,2,0
u06552,freelancer,67719.97,0.4412,0.0015,0.13,0.0138,6.26,0.434,0,1,0
u06553,freelancer,61492.62,0.3073,-0.0049,0.1286,0.0324,4.79,0.3607,1,1,0
u06554,small_biz,194236.67,0.4291,-0.162,0.0423,0.1187,4.1,0.1481,2,2,0
u06555,freelancer,58601.72,0.141,0.0251,-0.0877,0.0976,2.72,0.2864,0,0,0
u06556,small_biz,155869.65,0.1418,-0.0151,0.0309,0.0956,1.93,0.0528,1,2,0
u06557,freelancer,65453.06,0.1973,0.0131,0.053,0.0623,1.71,0.0404,1,2,0
u06558,freelancer,75001.54,0.1762,-0.0456,-0.0295,0.0988,2.47,0.1688,0,2,0
u06559,freelancer,72484.8,0.4506,-0.0982,0.0048,0.0906,-2.8,-0.4249,2,5,1
u06560,freelancer,64115.24,0.1621,0.0245,0.0489,0.0934,3.73,0.2938,0,0,0
u06561,small_biz,153474.0,0.0966,-0.0119,0.0162,0.175,1.33,-0.1924,1,5,1
u06562,freelancer,79804.91,0.1315,-0.0343,0.0865,0.0403,5.63,0.4052,1,1,0
u06563,small_biz,202539.89,0.2507,0.0188,0.0244,0.0508,6.43,0.4503,0,0,0
u06564,freelancer,47889.12,0.6359,-0.0182,0.0165,0.0874,-0.83,-0.2718,2,3,1
u06565,small_biz,245705.61,0.2536,0.0711,-0.0035,0.0517,6.97,0.4438,0,0,0
u06566,salaried,90528.41,0.0307,-0.0111,0.0637,0.2199,3.83,0.2178,1,1,0
u06567,salaried,107368.99,0.0948,0.0249,-0.0432,0.099,4.45,0.2558,0,0,0
u06568,freelancer,55907.16,0.3145,-0.0456,0.1512,0.1311,-0.3,-0.1284,1,3,1
u06569,small_biz,218198.21,0.4061,0.1378,0.0334,0.1231,7.55,0.4586,0,1,0
u06570,small_biz,210543.65,0.1929,-0.0701,-0.0322,0.1055,6.75,0.3976,0,1,0
u06571,salaried,108098.83,0.108,-0.0032,-0.0043,0.2775,1.0,-0.1938,2,5,0
u06572,freelancer,46933.84,0.2738,-0.0374,-0.0145,0.0911,1.65,0.0992,1,2,0
u06573,freelancer,56292.98,0.2632,-0.0008,0.0963,0.0179,6.56,0.4924,0,0,0
u06574,freelancer,47680.91,0.4582,-0.2541,0.0208,0.0362,1.5,0.0783,1,3,0
u06575,small_biz,210495.42,0.1308,0.0461,-0.0096,0.0563,3.93,0.2371,0,0,0
u06576,salaried,80429.82,0.0892,0.0002,-0.0258,0.2971,0.94,-0.3214,3,6,1
u06577,small_biz,165938.82,0.2251,-0.0077,0.1114,0.0977,4.32,0.2235,0,2,0
u06578,small_biz,128264.8,0.2838,0.0293,0.044,0.2173,2.1,0.0551,2,4,0
u06579,freelancer,69994.64,0.438,0.0597,0.111,0.0492,1.64,0.0715,3,4,0
u06580,salaried,65813.98,0.0551,-0.0184,0.0227,0.2995,0.87,-0.0584,2,5,1
u06581,freelancer,66314.35,0.2614,-0.0453,0.0114,0.0003,4.14,0.389,1,1,0
u06582,small_biz,184109.87,0.3021,-0.0528,-0.0424,0.156,5.87,0.3417,0,1,0
u06583,small_biz,213905.25,0.2087,-0.0401,0.0101,0.105,4.94,0.3399,1,1,0
u06584,freelancer,58222.87,0.1843,0.0338,-0.0462,0.0597,3.71,0.2942,0,0,0
u06585,salaried,60399.15,0.0545,-0.0153,0.0382,0.2191,0.53,-0.1479,1,6,1
u06586,small_biz,175892.95,0.2513,0.0451,-0.0191,0.0685,4.61,0.2386,1,1,0
u06587,salaried,86281.32,0.0099,-0.0017,0.0612,0.3343,3.47,-0.0448,4,6,0
u06588,freelancer,65963.47,0.3854,0.117,0.0813,0.0029,5.86,0.378,0,0,0
u06589,small_biz,178938.19,0.2254,0.0192,0.0408,0.1155,3.26,0.182,0,2,0
u06590,freelancer,62661.14,0.2768,0.0666,0.0523,0.0063,2.59,0.1732,1,2,0
u06591,small_biz,155677.38,0.4236,0.1352,0.0022,0.1201,0.95,-0.1306,1,3,0
u06592,salaried,83299.68,0.046,-0.0103,0.0793,0.134,3.07,0.0129,0,1,0
u06593,freelancer,38014.54,0.2673,-0.0108,0.0899,0.1162,1.3,0.0965,0,2,0
u06594,small_biz,147330.16,0.1923,0.0125,0.0201,0.189,2.65,0.0643,0,2,0
u06595,freelancer,44135.28,0.463,-0.0389,-0.0616,0.0023,1.81,0.1042,2,3,0
u06596,freelancer,76937.65,0.381,0.0593,0.0789,0.0408,7.98,0.559,0,0,0
u06597,small_biz,119839.87,0.1801,0.0739,0.0762,0.1515,0.7,-0.3824,3,6,1
u06598,freelancer,41561.31,0.5349,0.2501,0.1151,0.159,0.36,-0.1344,1,4,0
u06599,salaried,77937.06,0.0295,-0.0019,0.0579,0.3141,1.44,-0.0005,1,4,0
u06600,small_biz,189276.96,0.4326,-0.2505,0.0457,0.1058,4.81,0.2641,0,2,0
u06601,freelancer,64916.28,0.374,0.1712,0.0244,0.0294,1.78,0.1414,3,3,1
u06602,salaried,102959.82,0.0575,-0.013,0.0301,0.1197,2.48,-0.0238,0,3,0
u06603,freelancer,41179.66,0.3729,0.0804,0.0523,0.1368,1.8,0.064,1,3,0
u06604,small_biz,149662.21,0.437,0.0291,0.0115,0.1781,3.03,0.1893,2,2,0
u06605,salaried,97293.09,0.0177,0.0022,0.0073,0.2911,1.57,-0.1921,3,6,0
u06606,small_biz,146703.12,0.3216,0.0452,-0.0245,0.0799,4.66,0.3109,2,2,0
u06607,small_biz,195324.26,0.164,0.0523,-0.0101,0.0684,3.66,0.2798,0,1,0
u06608,salaried,79284.61,0.0274,0.0019,0.0414,0.2051,1.82,-0.4658,4,6,1
u06609,salaried,81732.89,0.0608,0.0146,0.142,0.2288,1.75,-0.3022,4,6,1
u06610,small_biz,230067.43,0.3134,-0.106,-0.0226,0.087,5.32,0.3584,0,1,0
u06611,freelancer,43538.47,0.1806,-0.0136,0.0455,0.1241,-0.25,-0.2078,1,5,1
u06612,salaried,51698.39,0.0356,-0.0078,0.0736,0.4567,0.27,-0.7246,5,6,1
u06613,freelancer,31386.13,0.5153,0.0963,-0.0277,0.2463,0.07,-0.2961,0,4,1
u06614,salaried,98547.32,0.0227,0.0085,0.0596,0.1673,1.9,0.0937,0,0,0
u06615,freelancer,74541.09,0.1979,-0.0468,0.0723,0.0713,7.68,0.491,0,0,0
u06616,small_biz,156154.47,0.3547,0.0751,0.0129,0.0789,4.39,0.235,0,1,0
u06617,small_biz,211273.38,0.4538,-0.1439,0.044,0.0674,6.62,0.4473,1,2,0
u06618,freelancer,67001.44,0.2704,-0.0214,0.0301,0.1018,6.63,0.4372,0,1,0
u06619,freelancer,77764.52,0.2256,-0.0772,0.1319,0.0039,10.25,0.6152,0,0,0
u06620,small_biz,141518.07,0.1974,-0.0385,0.0365,0.1331,2.39,0.0555,2,3,0
u06621,freelancer,72142.49,0.1849,0.0741,0.1231,0.0651,5.39,0.4036,0,0,0
u06622,freelancer,56785.24,0.1917,-0.0077,0.0591,0.0718,1.57,0.1394,0,1,1
u06623,freelancer,82787.64,0.3046,-0.079,0.0422,0.0147,8.65,0.5819,0,0,0
u06624,freelancer,51937.76,0.302,0.1521,-0.001,0.1123,2.58,0.2114,0,2,0
u06625,freelancer,98449.86,0.1424,-0.056,0.0911,0.0324,8.1,0.5028,0,0,0
u06626,small_biz,220999.97,0.2471,0.0689,0.0511,0.0809,6.35,0.4203,0,1,0
u06627,freelancer,44748.3,0.6155,-0.1313,0.0338,0.0312,-0.15,-0.2075,0,3,1
u06628,salaried,103979.59,0.0523,-0.0078,0.0165,0.3253,1.13,-0.0068,1,4,0
u06629,freelancer,47839.76,0.3641,-0.0575,-0.0426,0.1007,1.06,0.0401,1,2,0
u06630,small_biz,149289.62,0.5981,-0.1531,0.0243,0.1332,2.19,0.0334,2,4,0
u06631,freelancer,60221.89,0.1894,-0.0716,0.0862,0.0623,2.63,0.2196,0,1,0
u06632,salaried,62118.63,0.0743,0.0094,0.1162,0.3257,2.58,-0.1144,2,6,0
u06633,salaried,51144.13,0.068,0.0003,0.0502,0.5524,0.72,-0.853,3,6,1
u06634,salaried,57488.75,0.0522,0.0085,0.0304,0.1782,1.9,-0.284,3,6,1
u06635,freelancer,80196.05,0.4941,-0.1752,0.0548,0.01,3.21,0.2273,1,2,0
u06636,salaried,109839.49,0.044,0.0149,0.1501,0.1855,4.02,0.1805,0,0,0
u06637,salaried,105056.89,0.0366,0.0166,0.124,0.3032,0.14,-0.269,1,6,1
u06638,small_biz,158488.24,0.3644,0.1472,0.0131,0.1018,2.46,0.01,1,3,0
u06639,small_biz,173370.38,0.1395,-0.0129,-0.0084,0.1532,2.42,0.0461,0,2,0
u06640,freelancer,46862.96,0.4749,-0.0152,0.0394,0.1313,0.59,-0.1293,2,4,1
u06641,salaried,74712.82,0.0481,0.0137,0.0472,0.2403,1.72,0.03,0,2,0
u06642,salaried,107953.31,0.0312,-0.0088,0.047,0.1201,5.28,0.3964,0,0,0
u06643,freelancer,49037.09,0.2401,0.035,0.0794,0.1014,3.58,0.278,1,1,0
u06644,small_biz,178650.3,0.2444,0.0449,0.0255,0.1387,1.02,-0.037,1,4,1
u06645,salaried,72721.25,0.0339,-0.0021,0.087,0.2904,0.75,-0.5589,5,6,1
u06646,small_biz,126235.98,0.5537,0.1798,0.0561,0.1346,0.8,-0.459,2,5,1
u06647,freelancer,84450.75,0.2186,0.0409,0.0209,0.0814,3.16,0.263,0,0,0
u06648,freelancer,49831.73,0.1997,0.001,0.08,0.0906,1.81,0.1268,0,1,0
u06649,small_biz,227860.27,0.2792,0.1143,0.045,0.1242,8.05,0.4761,0,1,0
u06650,freelancer,47498.01,0.3281,-0.0935,0.0282,0.1236,3.89,0.2912,1,1,0
u06651,freelancer,37089.41,0.3801,-0.1826,0.0273,0.1638,-0.26,-0.1297,3,4,1
u06652,small_biz,210904.08,0.1554,0.0202,0.0396,0.0782,4.49,0.2815,0,0,0
u06653,freelancer,55652.24,0.3604,-0.0194,0.1059,0.0159,3.16,0.2893,0,1,0
u06654,freelancer,50923.64,0.4586,-0.0904,0.1085,0.1143,1.42,-0.0075,1,2,1
u06655,freelancer,75895.98,0.5184,0.2462,0.0394,0.0547,5.1,0.3357,0,2,0
u06656,salaried,68500.25,0.0525,0.0106,0.0125,0.4485,-0.36,-0.4276,2,6,1
u06657,freelancer,60957.57,0.6308,-0.0055,0.1003,0.0232,4.44,0.3604,0,2,0
u06658,freelancer,54667.0,0.4168,-0.0819,0.0685,0.131,1.03,0.0155,1,3,0
u06659,salaried,91986.7,0.0212,0.0073,0.0284,0.3399,1.32,0.0438,0,0,0
u06660,salaried,55762.59,0.0244,0.0071,0.1573,0.227,0.6,-0.3839,4,6,1
u06661,freelancer,65190.48,0.4543,-0.2016,0.0338,0.0213,4.5,0.3763,1,1,0
u06662,salaried,77909.33,0.0144,0.0037,0.0274,0.415,3.3,0.0241,0,1,0
u06663,salaried,71325.58,0.0774,0.0153,-0.0012,0.4432,0.57,-0.255,1,6,1
u06664,salaried,56023.45,0.1008,0.0282,0.0212,0.4099,0.71,-0.4663,2,6,1
u06665,salaried,64128.76,0.0232,0.0012,-0.0119,0.278,-0.17,-0.4045,1,6,1
u06666,small_biz,212895.05,0.3255,0.1247,0.0583,0.1037,8.07,0.5223,0,1,0
u06667,freelancer,54372.63,0.1912,0.0141,0.0213,0.0034,3.18,0.3102,0,0,0
u06668,freelancer,67967.55,0.406,-0.1619,0.0406,0.0153,7.17,0.5119,0,1,0
u06669,freelancer,57998.44,0.2465,0.1028,0.0514,0.0272,4.66,0.3734,0,0,0
u06670,freelancer,44088.98,0.2614,0.0786,0.0327,0.1346,1.19,0.0633,0,3,0
u06671,small_biz,88433.95,0.3117,0.1019,-0.0263,0.3091,-0.99,-0.9619,2,6,1
u06672,salaried,115812.1,0.0381,-0.0058,0.2007,0.1972,3.21,0.2242,0,1,0
u06673,salaried,92084.92,0.0707,0.0174,-0.0238,0.251,4.58,0.2296,0,0,0
u06674,small_biz,187938.07,0.3778,0.0131,-0.0201,0.0556,7.32,0.4574,0,1,0
u06675,freelancer,45659.79,0.2076,-0.022,0.1447,0.1525,-0.4,-0.3129,1,4,1
u06676,salaried,85908.18,0.0142,0.0029,0.0493,0.343,0.94,-0.1952,2,3,0
u06677,salaried,107113.59,0.0291,0.0108,0.0038,0.2431,4.97,0.3094,0,0,0
u06678,freelancer,53709.12,0.1514,0.021,0.0323,0.1384,2.2,0.1981,0,0,0
u06679,freelancer,43225.64,0.1748,0.0302,0.0898,0.1709,-1.28,-0.4064,2,6,1
u06680,salaried,69712.86,0.0342,0.0166,-0.0029,0.1704,4.77,0.1255,0,0,0
u06681,small_biz,131317.89,0.1053,-0.0326,0.0134,0.1434,1.24,0.0247,0,1,0
u06682,small_biz,133139.24,0.2553,0.0301,0.0186,0.187,0.37,-0.2934,2,5,1
u06683,small_biz,157839.46,0.1583,-0.0076,0.0306,0.0788,3.63,0.197,1,1,0
u06684,salaried,76194.29,0.0351,-0.0087,0.0182,0.4026,3.96,0.0252,1,1,0
u06685,salaried,60525.51,0.0512,0.0083,0.0294,0.4846,-0.64,-0.5238,3,6,1
u06686,small_biz,132977.4,0.2357,-0.0972,-0.0116,0.0924,1.84,0.0543,1,2,0
u06687,small_biz,212275.52,0.411,-0.0967,0.0126,0.0652,4.56,0.2374,1,3,0
u06688,small_biz,181689.06,0.3827,-0.2023,-0.0086,0.1429,3.73,0.3072,1,1,0
u06689,freelancer,68719.71,0.1837,0.0737,0.0891,0.1015,6.2,0.4948,0,0,0
u06690,freelancer,77900.46,0.2963,0.0242,0.0195,0.04,6.83,0.4932,0,0,0
u06691,freelancer,65806.25,0.2683,0.0599,0.0076,0.101,4.18,0.3061,0,1,0
u06692,small_biz,135323.86,0.3653,0.1803,0.042,0.1917,1.17,-0.3031,0,4,1
u06693,small_biz,172979.33,0.2649,0.0495,0.0834,0.1485,3.94,0.2604,0,1,0
u06694,small_biz,144912.99,0.1655,-0.0055,0.0595,0.1979,1.81,-0.1894,4,5,1
u06695,freelancer,51405.52,0.1172,-0.0208,0.1782,0.0537,2.34,0.1233,0,1,0
u06696,small_biz,222284.49,0.1817,-0.0622,-0.0127,0.0845,10.39,0.572,0,0,0
u06697,small_biz,213438.09,0.2474,-0.0795,-0.015,0.084,7.98,0.5116,0,0,0
u06698,small_biz,293916.04,0.1536,0.0544,0.0492,0.0623,7.56,0.4638,0,0,0
u06699,freelancer,61280.38,0.2802,0.0647,0.1221,0.0219,3.03,0.2138,0,0,0
u06700,small_biz,216827.15,0.1182,-0.009,0.0283,0.0962,5.22,0.2845,1,2,0
u06701,small_biz,140928.08,0.3916,-0.0965,0.0643,0.0882,1.62,0.0538,1,4,0
u06702,salaried,80367.19,0.0323,-0.0072,0.0582,0.4137,1.68,-0.1942,1,6,0
u06703,freelancer,64916.01,0.1708,0.0552,-0.0102,0.0961,2.32,0.1449,1,2,0
u06704,freelancer,75908.61,0.4465,-0.0741,0.0926,0.0874,6.45,0.4678,1,1,0
u06705,freelancer,50788.51,0.2491,0.0059,0.0074,0.1499,1.48,0.0561,1,3,0
u06706,small_biz,184115.28,0.2791,-0.0381,0.0026,0.1413,2.25,0.0467,3,3,0
u06707,freelancer,60405.25,0.2988,-0.0656,0.0539,0.0011,1.64,0.1437,3,3,0
u06708,freelancer,48030.74,0.4765,-0.1088,0.0617,0.0537,0.22,-0.0427,2,4,1
u06709,small_biz,185851.18,0.1511,0.0694,-0.0286,0.1236,2.99,0.1018,1,2,0
u06710,freelancer,49225.89,0.3836,-0.1345,0.0758,0.0228,0.65,-0.0169,0,4,1
u06711,freelancer,60991.56,0.244,-0.1213,0.0932,0.08,3.75,0.3464,1,1,0
u06712,freelancer,62467.89,0.4397,0.0415,0.059,0.0158,6.01,0.4148,0,1,0
u06713,freelancer,60960.61,0.1936,0.0097,-0.0213,0.123,5.72,0.4272,0,0,0
u06714,salaried,114256.27,0.0509,-0.0056,0.0195,0.1704,6.21,0.4248,0,0,0
u06715,freelancer,30686.55,0.6768,-0.1615,0.1793,0.1384,-2.27,-0.7496,4,5,1
u06716,freelancer,49758.52,0.2097,0.0892,0.0583,0.0039,4.07,0.3087,0,0,0
u06717,small_biz,208637.42,0.2562,-0.0064,-0.0072,0.105,4.69,0.3538,0,1,0
u06718,freelancer,58470.4,0.4217,-0.0172,0.0428,0.0308,7.12,0.4948,0,1,0
u06719,salaried,94961.21,0.0334,-0.0026,-0.0121,0.2314,1.59,-0.0586,3,5,0
u06720,small_biz,125043.77,0.3501,-0.0217,0.0621,0.1118,0.5,-0.3634,0,5,1
u06721,freelancer,46022.33,0.3392,-0.1678,0.0228,0.1387,3.91,0.2887,1,2,0
u06722,freelancer,36701.91,0.4028,-0.083,0.0515,0.0118,2.4,0.1885,0,1,0
u06723,freelancer,71895.45,0.3346,-0.0569,0.0678,0.0397,5.14,0.3924,0,1,0
u06724,freelancer,43429.33,0.3992,-0.1248,0.0407,0.0994,1.18,0.082,0,3,1
u06725,salaried,58697.98,0.0424,0.0148,0.0591,0.3427,0.87,-0.4608,3,6,1
u06726,freelancer,58789.17,0.4296,-0.0695,0.0679,0.058,1.95,0.082,1,2,0
u06727,salaried,85614.26,0.0479,0.0058,0.0016,0.3605,0.75,-0.2917,2,6,1
u06728,small_biz,188304.04,0.2939,-0.062,0.0019,0.158,2.84,0.2147,0,2,0
u06729,small_biz,109705.42,0.2256,-0.0781,0.0645,0.2017,-0.32,-0.3002,0,4,1
u06730,freelancer,44717.53,0.2405,-0.108,0.0458,0.0196,2.21,0.1891,0,2,0
u06731,freelancer,47833.04,0.2201,-0.0816,0.0143,0.1153,0.29,-0.0499,1,3,1
u06732,small_biz,238638.21,0.3041,0.0031,0.0245,0.1106,6.83,0.3914,0,1,0
u06733,small_biz,211292.76,0.2155,-0.0088,0.0356,0.0547,9.79,0.5544,0,0,0
u06734,salaried,97494.82,0.0309,0.0044,0.0062,0.1537,3.96,0.0735,0,0,0
u06735,freelancer,51731.62,0.3038,-0.1139,0.0203,0.0782,0.07,-0.1554,1,3,1
u06736,freelancer,65042.41,0.3393,0.0473,0.0012,0.0147,4.9,0.4217,1,1,0
u06737,freelancer,50745.97,0.1377,0.0747,-0.0167,0.1308,1.13,0.1192,1,2,0
u06738,small_biz,92187.37,0.4074,-0.1058,-0.0311,0.2046,-0.76,-0.5314,2,5,1
u06739,freelancer,91816.63,0.2622,-0.0985,0.0202,0.0381,7.86,0.5272,0,0,0
u06740,freelancer,66614.39,0.2109,0.0101,0.0383,0.0976,5.51,0.4488,0,0,0
u06741,small_biz,199078.67,0.3776,0.0987,0.031,0.0531,5.39,0.375,1,1,0
u06742,small_biz,170117.89,0.1472,0.0015,0.0417,0.0755,2.85,0.2028,1,1,0
u06743,salaried,108968.56,0.0241,0.0006,0.07,0.2086,1.47,-0.0316,1,1,0
u06744,freelancer,47907.38,0.3026,-0.1183,-0.0135,0.1063,3.87,0.3513,0,1,0
u06745,salaried,56540.4,0.0778,0.0092,0.036,0.5673,-1.07,-0.8307,0,6,1
u06746,freelancer,57892.73,0.3893,0.1955,0.118,0.0014,4.51,0.3614,0,1,0
u06747,freelancer,42834.39,0.2938,0.0094,0.0174,0.0038,3.56,0.3347,1,1,0
u06748,salaried,91845.71,0.0401,0.0023,0.0191,0.197,3.4,-0.0008,3,3,0
u06749,freelancer,51913.14,0.5385,-0.2265,0.0035,0.0447,2.51,0.2018,1,3,0
u06750,freelancer,47159.28,0.3,0.1404,0.0296,0.1294,-3.44,-0.7544,1,4,1
u06751,small_biz,155240.28,0.368,-0.0833,0.0236,0.0989,2.98,0.2505,1,2,0
u06752,salaried,117182.93,0.0594,-0.0,0.0795,0.2887,3.05,0.1088,0,1,0
u06753,salaried,104779.92,0.0689,0.0222,0.0559,0.2356,1.84,0.1104,0,1,0
u06754,salaried,81654.87,0.0628,0.0235,0.0283,0.3942,2.22,-0.0998,5,6,0
u06755,freelancer,62126.94,0.4221,-0.1796,0.0933,0.0041,10.11,0.5932,1,1,0
u06756,salaried,58458.72,0.0702,-0.0107,0.1062,0.5705,0.19,-0.5378,3,6,1
u06757,freelancer,37836.81,0.3154,0.023,0.0877,0.0194,-0.96,-0.4223,1,4,1
u06758,small_biz,142640.14,0.2675,0.0011,0.0483,0.077,3.11,0.1543,1,2,0
u06759,salaried,120121.12,0.0441,-0.018,0.0252,0.2027,6.0,0.3937,0,0,0
u06760,freelancer,86380.22,0.2614,-0.0566,0.0416,0.0903,3.1,0.2343,0,1,0
u06761,small_biz,162469.12,0.3056,-0.0546,0.0805,0.0665,4.07,0.2826,0,1,0
u06762,small_biz,236594.87,0.1211,0.0579,0.0009,0.0637,8.32,0.4954,0,0,0
u06763,freelancer,47323.47,0.1665,-0.0332,0.0174,0.1078,1.64,0.1187,0,1,0
u06764,salaried,92783.06,0.02,-0.0044,0.2014,0.28,2.37,-0.253,1,6,1
u06765,small_biz,226117.92,0.135,0.0046,0.017,0.0582,5.62,0.4251,0,0,0
u06766,small_biz,130489.06,0.3473,-0.1972,0.079,0.1462,0.13,-0.4069,2,5,1
u06767,freelancer,58422.68,0.6316,-0.3067,0.0284,0.0612,2.58,0.1551,0,2,0
u06768,freelancer,55303.25,0.3533,0.0488,0.0556,0.0478,3.15,0.2675,0,1,0
u06769,small_biz,104771.81,0.1764,-0.0094,0.0061,0.2657,0.54,-0.5818,3,6,1
u06770,small_biz,207790.09,0.3145,0.0389,0.0118,0.0598,6.97,0.4057,0,1,0
u06771,freelancer,45702.11,0.4117,0.0403,0.0922,0.027,5.47,0.4172,0,1,0
u06772,salaried,77045.47,0.0316,0.0094,0.0227,0.2301,1.48,-0.0146,1,1,0
u06773,freelancer,59804.23,0.2256,0.0657,0.0016,0.0755,2.88,0.2363,0,1,0
u06774,salaried,82000.88,0.0619,0.0123,0.0144,0.3935,2.8,-0.0468,2,5,0
u06775,freelancer,59629.19,0.3094,0.0017,0.0569,0.0955,2.14,0.2106,0,1,0
u06776,salaried,104820.84,0.04,-0.0161,0.1252,0.1265,6.13,0.3094,0,0,0
u06777,freelancer,65813.39,0.3014,-0.0679,0.0695,0.0327,3.76,0.2767,1,2,0
u06778,salaried,96725.01,0.0525,-0.0181,0.0201,0.305,4.76,0.2649,0,0,0
u06779,freelancer,56909.47,0.4513,0.0303,-0.0031,0.014,3.38,0.267,0,1,0
u06780,freelancer,79750.54,0.194,-0.0527,0.045,0.0326,8.41,0.5223,0,0,0
u06781,salaried,76401.57,0.0392,0.0112,0.0125,0.3082,3.13,-0.1848,3,6,0
u06782,small_biz,118269.74,0.185,0.1079,0.0322,0.1073,0.98,-0.1903,2,4,1
u06783,small_biz,121288.14,0.2025,0.0392,0.0423,0.2378,0.93,-0.0824,2,4,1
u06784,small_biz,140689.69,0.3697,-0.0442,0.0165,0.2027,3.52,0.134,1,1,0
u06785,salaried,94519.76,0.017,0.005,0.0783,0.1716,4.93,0.34,0,0,0
u06786,freelancer,65221.74,0.4022,-0.0209,0.0671,0.0913,3.8,0.32,0,1,0
u06787,freelancer,80638.27,0.3155,0.1364,0.0952,0.069,5.74,0.3985,0,0,0
u06788,freelancer,49808.71,0.1303,0.0344,0.0335,0.0283,2.58,0.1663,0,1,0
u06789,salaried,99182.98,0.0166,0.0037,0.0372,0.1164,2.29,0.0685,0,0,0
u06790,salaried,95820.22,0.042,0.0179,0.145,0.236,3.22,-0.1171,1,4,0
u06791,freelancer,39363.44,0.3764,0.1516,0.0332,0.0709,0.94,0.0419,2,2,0
u06792,salaried,81009.62,0.0228,-0.0004,0.073,0.2034,2.02,-0.1102,1,4,0
u06793,freelancer,62422.42,0.5574,0.1591,0.0153,0.0622,2.66,0.2659,1,3,0
u06794,salaried,115256.45,0.0521,-0.012,0.0469,0.2977,4.82,0.28,0,0,0
u06795,salaried,94560.97,0.0333,-0.0089,0.012,0.2906,3.04,0.2094,0,1,0
u06796,salaried,94016.0,0.0778,0.0281,-0.0219,0.3451,2.91,-0.2257,2,6,0
u06797,freelancer,54991.28,0.1263,-0.032,0.0484,0.1219,2.63,0.1944,0,0,0
u06798,salaried,102407.23,0.036,-0.0097,0.0689,0.2432,4.54,0.1998,0,0,0
u06799,freelancer,62083.65,0.4148,-0.0406,0.0482,0.0552,3.17,0.2585,1,2,0
u06800,salaried,48120.56,0.0393,-0.007,0.0358,0.6969,-1.36,-0.8593,1,6,1
u06801,freelancer,49948.08,0.2455,-0.0804,-0.0176,0.0249,2.27,0.1768,0,3,0
u06802,freelancer,45728.88,0.3182,-0.0927,0.1365,0.1716,0.96,0.0053,1,3,1
u06803,small_biz,218872.42,0.0954,-0.0163,0.0356,0.0863,5.22,0.3759,1,1,0
u06804,freelancer,67293.09,0.3061,-0.0175,0.0825,0.0817,4.25,0.3538,1,1,0
u06805,freelancer,39519.58,0.4821,0.0283,0.0347,0.0289,0.74,0.0533,0,3,0
u06806,small_biz,149873.69,0.2543,0.0294,-0.0112,0.1721,1.41,0.0194,1,3,0
u06807,freelancer,49030.0,0.0994,-0.0431,0.0342,0.1203,3.96,0.3164,0,0,0
u06808,salaried,49293.42,0.0261,0.0018,0.1166,0.5467,-0.16,-0.7627,3,6,1
u06809,small_biz,176476.86,0.2448,0.0581,0.0436,0.0634,3.83,0.1298,1,2,0
u06810,small_biz,156377.99,0.3607,-0.0172,0.0472,0.1242,2.12,-0.0889,1,3,0
u06811,salaried,59256.8,0.0356,-0.0017,0.0226,0.2751,-0.92,-0.5825,3,6,1
u06812,small_biz,203257.46,0.221,0.0625,-0.0028,0.0606,5.33,0.3327,0,1,0
u06813,freelancer,43936.49,0.3209,-0.0887,0.0318,0.1351,-0.92,-0.4486,2,5,1
u06814,freelancer,46561.88,0.4452,-0.0857,0.0841,0.0719,1.51,0.0442,2,2,0
u06815,salaried,103220.18,0.0844,-0.0047,-0.0478,0.1074,2.84,0.0484,0,1,0
u06816,small_biz,188287.85,0.3443,0.0529,0.0586,0.113,4.94,0.3852,0,1,0
u06817,freelancer,45796.93,0.2008,-0.094,-0.0299,0.1465,2.79,0.1665,0,1,0
u06818,small_biz,135984.69,0.432,-0.0732,0.0487,0.1713,0.59,-0.2325,3,4,1
u06819,salaried,108320.74,0.0508,0.008,0.1646,0.2529,3.07,0.2024,1,1,0
u06820,freelancer,54077.01,0.191,0.092,0.0179,0.0765,3.38,0.2738,0,1,0
u06821,freelancer,55712.94,0.2403,-0.0586,-0.0208,0.0244,3.12,0.2195,1,2,0
u06822,freelancer,75933.31,0.2387,-0.1363,-0.0051,0.0754,2.8,0.2266,1,2,0
u06823,small_biz,152936.96,0.5267,-0.0914,0.0917,0.0775,3.49,0.1696,1,3,0
u06824,freelancer,55739.85,0.3259,-0.0275,0.064,0.0623,-1.28,-0.2458,1,4,1
u06825,salaried,73826.06,0.0441,0.0024,0.0428,0.231,3.4,-0.0088,1,2,0
u06826,small_biz,194971.85,0.3247,-0.0349,0.0379,0.1277,0.74,-0.0778,2,3,0
u06827,small_biz,122666.06,0.2631,0.0552,0.0381,0.0928,2.95,0.1769,1,2,0
u06828,small_biz,177069.02,0.1982,0.0246,0.0584,0.0705,5.12,0.3456,0,0,0
u06829,salaried,119327.41,0.0471,0.0082,0.0493,0.1966,6.39,0.4158,0,0,0
u06830,freelancer,61975.64,0.1863,-0.0442,-0.0285,0.113,1.73,0.1176,0,2,0
u06831,small_biz,162324.59,0.3688,-0.0287,-0.0194,0.1714,1.54,-0.008,2,2,0
u06832,salaried,78256.9,0.0682,0.0073,-0.0025,0.132,4.06,0.0711,0,3,0
u06833,freelancer,69290.93,0.4334,-0.1105,0.0114,0.1101,4.2,0.3131,0,2,0
u06834,freelancer,69106.77,0.1642,-0.0531,0.0773,0.0512,7.89,0.5483,0,0,0
u06835,freelancer,52073.04,0.4913,0.0249,0.1021,0.008,4.54,0.3668,0,2,0
u06836,salaried,68492.7,0.0428,-0.0205,-0.0039,0.3736,3.58,0.0272,0,1,0
u06837,freelancer,44726.8,0.3322,-0.0231,-0.0107,0.1738,0.45,0.0237,1,1,1
u06838,freelancer,36386.5,0.1565,-0.0205,0.0607,0.1212,-0.73,-0.211,2,6,1
u06839,salaried,116121.7,0.0641,-0.0288,0.0248,0.1079,3.81,0.166,1,1,0
u06840,freelancer,54093.13,0.3463,-0.0483,0.0051,0.0287,2.39,0.1532,2,2,0
u06841,small_biz,160090.23,0.1782,0.0054,0.0885,0.141,2.24,0.1536,0,0,0
u06842,freelancer,76913.22,0.2637,0.1021,0.0048,0.0539,3.24,0.2982,0,1,0
u06843,salaried,55340.21,0.0255,0.0017,0.0486,0.4199,-0.39,-0.4875,3,6,1
u06844,salaried,76002.63,0.049,-0.0019,0.1045,0.2706,2.06,-0.1513,4,6,0
u06845,freelancer,44617.96,0.2411,0.0332,0.1015,0.0722,-0.48,-0.1265,2,3,1
u06846,small_biz,192792.29,0.0705,0.0374,0.0389,0.0914,5.66,0.3735,0,0,0
u06847,salaried,96577.31,0.0453,0.0008,0.0766,0.2935,1.37,-0.435,4,6,1
u06848,small_biz,145847.81,0.2318,-0.0312,0.0461,0.1679,5.53,0.3078,0,0,0
u06849,small_biz,96404.03,0.3176,-0.0216,0.0828,0.1919,-0.22,-0.4148,2,5,1
u06850,small_biz,128079.62,0.4072,-0.0348,-0.0196,0.1253,1.26,-0.3294,2,4,0
u06851,freelancer,67168.45,0.2481,0.0416,0.0548,0.0976,6.29,0.4751,0,0,0
u06852,salaried,88304.87,0.0455,0.0129,-0.0257,0.1964,0.39,-0.2186,1,6,1
u06853,freelancer,73632.17,0.3335,-0.0799,0.086,0.0125,3.04,0.2507,1,2,0
u06854,small_biz,136424.18,0.3068,0.0368,0.0104,0.1388,4.03,0.2147,1,2,0
u06855,small_biz,105096.32,0.2631,-0.0012,0.0506,0.195,0.23,-0.2192,0,4,1
u06856,small_biz,170289.45,0.3342,0.1158,0.0204,0.1464,4.8,0.3579,0,1,0
u06857,freelancer,47947.41,0.2228,-0.0328,0.0495,0.0418,4.15,0.3456,0,1,0
u06858,small_biz,185602.12,0.2847,0.1235,0.0246,0.1155,5.01,0.378,0,1,0
u06859,salaried,50145.31,0.0786,0.0213,0.1124,0.4514,0.7,-0.5866,2,6,1
u06860,freelancer,88235.64,0.4477,0.0053,0.0539,0.0729,6.25,0.4299,0,1,0
u06861,small_biz,104832.35,0.2856,0.0393,0.0595,0.1788,-1.24,-0.716,2,6,1
u06862,salaried,102162.74,0.043,-0.0109,0.0189,0.2025,2.89,0.0912,0,1,0
u06863,small_biz,161068.16,0.1436,-0.0132,0.0174,0.16,2.72,0.1848,1,2,0
u06864,salaried,110380.44,0.0622,0.0156,0.1487,0.2706,0.8,-0.0538,2,5,1
u06865,small_biz,174312.17,0.2064,-0.0443,0.0398,0.1281,2.87,0.0313,2,3,0
u06866,freelancer,58962.47,0.3404,-0.0921,0.0587,0.1108,1.0,-0.0264,2,3,0
u06867,salaried,58508.76,0.038,-0.0007,0.1438,0.3388,1.79,-0.2705,2,6,1
u06868,freelancer,88318.43,0.3984,-0.006,0.0087,0.0546,7.42,0.4762,1,1,0
u06869,small_biz,163518.67,0.2744,-0.1358,0.0488,0.1199,2.05,-0.0604,0,2,0
u06870,small_biz,96466.89,0.2652,-0.0438,-0.0002,0.2148,0.63,-0.1704,2,4,0
u06871,small_biz,100356.9,0.2475,-0.0347,0.0425,0.1324,1.03,-0.2634,2,5,1
u06872,small_biz,269586.17,0.1975,-0.0115,0.0272,0.1081,5.13,0.3566,0,1,0
u06873,freelancer,60014.17,0.2163,-0.0591,0.0542,0.1249,1.02,0.0862,1,2,1
u06874,freelancer,61238.67,0.2625,-0.0767,0.0549,0.1193,4.41,0.3319,0,1,0
u06875,small_biz,207616.05,0.1565,-0.0135,-0.0211,0.1326,6.81,0.4364,0,0,0
u06876,small_biz,231559.51,0.2993,0.1246,0.0804,0.0613,11.9,0.6188,0,0,0
u06877,salaried,50872.93,0.0413,-0.0015,0.0277,0.3975,-0.51,-0.4691,5,6,1
u06878,salaried,70068.18,0.0434,0.0028,0.0703,0.2053,-0.16,-0.2969,1,6,1
u06879,salaried,65746.95,0.0527,0.0251,-0.0075,0.2259,1.89,-0.0987,2,6,0
u06880,salaried,62211.89,0.0337,-0.0022,0.0246,0.5496,-0.14,-0.587,2,6,1
u06881,freelancer,54416.98,0.1673,-0.0228,0.0493,0.0565,1.61,0.0238,1,2,1
u06882,salaried,70946.96,0.0979,0.0495,0.0366,0.1612,1.47,-0.1608,0,4,0
u06883,small_biz,161749.98,0.232,-0.0571,0.1676,0.1108,3.52,0.2797,1,2,0
u06884,salaried,51818.7,0.0258,0.0068,-0.0133,0.5148,-0.18,-0.6686,1,6,1
u06885,freelancer,58666.32,0.2746,0.0343,0.0434,0.0212,3.93,0.3067,1,1,0
u06886,salaried,105626.52,0.0443,0.0063,0.1898,0.1063,3.06,0.0441,2,2,0
u06887,small_biz,187024.48,0.2318,-0.0246,-0.0045,0.1294,3.47,0.271,0,1,0
u06888,freelancer,41113.39,0.26,0.0575,0.0445,0.0477,0.36,-0.0959,1,3,1
u06889,freelancer,89683.32,0.2801,0.0969,0.0846,0.0451,9.13,0.5563,0,0,0
u06890,salaried,55887.04,0.0411,0.0128,0.0247,0.3036,0.76,-0.1557,3,6,0
u06891,freelancer,51398.64,0.2887,-0.0996,0.0933,0.1472,0.76,0.0148,1,3,0
u06892,small_biz,222330.18,0.2353,-0.0846,0.0446,0.0911,5.4,0.3447,0,0,0
u06893,small_biz,185039.48,0.3309,-0.1642,0.0509,0.0565,7.51,0.4612,0,1,0
u06894,salaried,80637.99,0.0358,-0.0011,0.1273,0.3152,-0.48,-0.3873,2,6,1
u06895,salaried,98572.08,0.0299,0.0041,0.0155,0.1988,4.68,0.3052,0,0,0
u06896,small_biz,87386.74,0.5744,0.0468,-0.0067,0.2353,-1.1,-0.6127,1,5,1
u06897,freelancer,78300.37,0.3043,-0.0303,0.037,0.0976,6.75,0.4686,1,1,0
u06898,salaried,79449.66,0.032,0.0093,0.026,0.4289,2.52,-0.3523,3,6,0
u06899,small_biz,105820.19,0.4195,0.0605,0.0745,0.1768,0.55,-0.122,1,3,1
u06900,small_biz,108233.21,0.165,-0.0698,0.0105,0.137,3.49,0.1303,1,2,0
u06901,freelancer,62072.19,0.4034,0.0983,0.0318,0.0733,1.89,0.151,2,3,0
u06902,small_biz,185784.14,0.1394,-0.0019,0.0898,0.118,4.97,0.3363,0,0,0
u06903,small_biz,99604.19,0.3643,0.0214,-0.0061,0.2893,-0.06,-0.3197,2,4,1
u06904,freelancer,53795.47,0.2799,0.0739,0.0292,0.0259,1.72,0.0674,1,1,0
u06905,salaried,59660.79,0.0837,-0.0047,-0.0053,0.39,2.59,-0.1805,3,6,0
u06906,freelancer,71763.58,0.1725,-0.0319,0.0898,0.0358,2.1,0.2098,0,2,1
u06907,freelancer,79110.75,0.225,0.0385,-0.0103,0.0103,1.62,0.1226,2,2,0
u06908,freelancer,50718.16,0.2486,-0.0795,0.0697,0.0788,-0.57,-0.1926,1,4,1
u06909,freelancer,54109.42,0.2201,0.0255,0.0571,0.0421,4.35,0.3347,0,1,0
u06910,small_biz,84813.92,0.2912,0.0392,0.0355,0.2164,2.83,-0.0048,2,4,0
u06911,salaried,66384.28,0.0852,-0.025,0.1087,0.2881,2.72,-0.1421,1,3,0
u06912,salaried,96332.02,0.0568,0.0284,0.0613,0.1173,2.47,0.1353,0,0,0
u06913,salaried,95659.98,0.0662,0.0069,0.0205,0.1339,4.03,0.2073,0,1,0
u06914,freelancer,85080.31,0.179,-0.0195,0.0396,0.0822,10.78,0.6135,0,0,0
u06915,small_biz,118039.16,0.1002,0.0316,0.0192,0.2166,0.19,-0.5542,2,6,1
u06916,freelancer,60869.63,0.248,0.089,0.0222,0.096,1.92,0.1455,2,2,0
u06917,salaried,73510.28,0.0692,0.0058,0.1136,0.3226,2.26,-0.2487,2,6,1
u06918,freelancer,66009.18,0.38,0.0183,-0.0007,0.0905,5.65,0.4247,0,1,0
u06919,salaried,108102.85,0.0268,0.005,0.082,0.2184,5.37,0.2514,0,0,0
u06920,freelancer,61941.23,0.2683,0.1231,0.0625,0.0318,5.09,0.3432,0,1,0
u06921,freelancer,62013.71,0.4506,0.0522,0.0238,0.1025,0.61,0.0086,1,3,0
u06922,small_biz,107647.6,0.218,-0.0882,0.0058,0.1677,1.99,-0.1748,1,5,1
u06923,freelancer,60980.39,0.1879,0.0814,0.0228,0.0397,3.23,0.2672,0,0,0
u06924,freelancer,47262.12,0.2877,-0.0933,0.0158,0.0672,2.07,0.1774,1,2,1
u06925,freelancer,43831.83,0.2815,0.1595,0.0361,0.0671,2.98,0.2584,0,1,0
u06926,small_biz,164208.06,0.3094,0.1447,0.0227,0.0682,3.51,0.1567,1,1,0
u06927,salaried,89045.56,0.0453,0.0114,0.0581,0.2413,5.65,0.259,0,0,0
u06928,small_biz,176753.42,0.2371,-0.0138,0.0588,0.0975,4.83,0.293,1,1,0
u06929,salaried,114549.79,0.0626,0.0175,0.0443,0.2164,3.32,0.0233,0,1,0
u06930,freelancer,70233.5,0.276,0.0363,0.0602,0.0203,11.14,0.6297,0,0,0
u06931,freelancer,62062.6,0.217,0.0791,0.0337,0.083,2.82,0.2786,0,1,0
u06932,small_biz,125562.76,0.2587,0.093,0.0549,0.1152,0.95,-0.1757,0,4,0
u06933,small_biz,143731.12,0.2937,-0.0769,0.0472,0.1007,2.33,0.0683,1,3,0
u06934,salaried,83371.15,0.0375,-0.0146,0.0364,0.2475,2.46,0.0413,1,1,0
u06935,small_biz,137773.06,0.1345,0.0675,-0.0003,0.1598,2.38,0.1231,1,1,0
u06936,freelancer,70331.08,0.318,0.083,0.0583,0.057,5.65,0.3731,1,1,0
u06937,freelancer,72855.82,0.3748,0.1319,0.1047,0.0813,3.68,0.2995,0,1,0
u06938,salaried,60499.89,0.022,0.0082,0.0158,0.2891,2.48,-0.2472,4,6,0
u06939,freelancer,42141.0,0.2032,0.009,0.0516,0.1444,2.46,0.1762,1,1,0
u06940,freelancer,42520.71,0.5061,-0.1543,0.056,0.1327,-2.52,-0.5699,4,5,1
u06941,small_biz,176001.74,0.2827,0.1019,0.0686,0.1594,3.67,0.1501,2,2,0
u06942,small_biz,174652.35,0.3461,-0.0394,0.0436,0.1675,5.25,0.3062,0,1,0
u06943,freelancer,34535.64,0.4464,-0.1305,-0.0018,0.1004,-0.14,-0.1294,2,5,0
u06944,freelancer,58870.47,0.2052,0.0652,0.0846,0.1022,3.37,0.2382,1,1,0
u06945,freelancer,57934.8,0.331,0.1354,0.0075,0.0153,1.43,0.0832,1,2,0
u06946,freelancer,71873.74,0.209,0.0268,0.0813,0.0187,9.21,0.5663,0,0,0
u06947,freelancer,67293.53,0.2234,-0.073,0.0153,0.0671,2.99,0.2724,1,1,0
u06948,salaried,102139.36,0.0407,-0.002,0.0885,0.2555,4.59,0.148,0,1,0
u06949,small_biz,122137.28,0.2578,0.0863,-0.0205,0.2007,1.52,-0.2275,2,4,0
u06950,small_biz,88390.51,0.236,0.0498,-0.0183,0.1958,2.69,0.0323,0,3,0
u06951,salaried,120216.89,0.0305,-0.0038,0.018,0.2175,4.14,0.2319,0,0,0
u06952,salaried,81560.4,0.0296,-0.0039,0.2615,0.3959,2.05,-0.1467,1,4,0
u06953,freelancer,57719.24,0.1995,0.0645,0.1273,0.0528,3.35,0.277,0,0,0
u06954,freelancer,52423.77,0.4474,-0.1378,0.0499,0.1493,0.36,-0.0687,0,1,0
u06955,small_biz,217596.66,0.3964,-0.1594,0.0402,0.1358,7.08,0.4732,0,1,0
u06956,freelancer,85804.22,0.2973,0.0977,0.0961,0.0463,6.92,0.4462,1,1,0
u06957,small_biz,115183.37,0.3507,-0.0553,-0.0086,0.1784,1.72,0.0152,2,2,0
u06958,small_biz,149834.51,0.3684,-0.0378,0.0291,0.0958,4.9,0.2771,1,2,0
u06959,freelancer,66812.79,0.3181,-0.0077,0.0785,0.0754,3.03,0.2254,0,1,0
u06960,small_biz,151864.93,0.326,0.0109,0.0229,0.0696,1.3,-0.0058,1,4,0
u06961,salaried,115783.87,0.0882,-0.0026,0.0843,0.2497,4.83,0.0888,1,1,0
u06962,salaried,112325.71,0.0327,0.0069,0.0247,0.161,3.93,0.1303,0,1,0
u06963,salaried,64353.57,0.0441,0.0028,0.0292,0.3563,1.74,-0.3011,2,6,0
u06964,small_biz,84171.86,0.4416,0.1896,0.0859,0.243,-0.46,-0.8067,2,6,1
u06965,freelancer,47153.16,0.3065,-0.0537,-0.0078,0.0489,1.58,0.1589,0,1,0
u06966,salaried,120569.72,0.0618,0.0001,0.0752,0.2323,4.86,0.2259,0,1,0
u06967,freelancer,39081.42,0.2013,-0.0482,0.0994,0.1265,-0.55,-0.3757,4,5,1
u06968,freelancer,79248.25,0.2216,0.0627,-0.0135,0.0867,9.36,0.5958,0,0,0
u06969,small_biz,199077.12,0.2769,0.112,-0.0306,0.1007,4.67,0.342,0,1,0
u06970,small_biz,187362.57,0.1938,-0.0552,0.0781,0.0885,2.51,0.1371,1,2,0
u06971,freelancer,40316.03,0.3088,-0.1206,-0.0061,0.1893,1.42,0.1207,0,2,0
u06972,freelancer,74781.3,0.278,0.0382,0.0104,0.0192,6.62,0.4886,0,1,0
u06973,freelancer,74995.0,0.2594,-0.0341,0.0411,0.0768,7.91,0.5568,0,0,0
u06974,salaried,83024.53,0.0438,0.0118,0.1658,0.3133,-0.01,-0.3899,3,6,1
u06975,freelancer,90060.53,0.1943,0.0699,0.0199,0.0062,11.52,0.6327,0,0,0
u06976,small_biz,150114.37,0.4117,-0.0101,0.0552,0.1222,2.99,0.1393,1,2,0
u06977,small_biz,164990.06,0.1262,-0.0309,0.0215,0.1651,2.19,0.1077,0,1,0
u06978,small_biz,89134.57,0.2919,0.1008,0.0104,0.1183,2.58,-0.0731,2,3,0
u06979,small_biz,140923.67,0.33,0.0678,0.041,0.0805,1.76,0.0115,0,2,0
u06980,small_biz,147285.82,0.3239,-0.0366,0.0529,0.1538,0.65,-0.1524,3,4,0
u06981,salaried,86487.43,0.0529,0.026,-0.0044,0.3954,3.56,-0.0125,2,4,0
u06982,salaried,79433.54,0.0448,-0.0133,-0.0098,0.4121,2.55,-0.2492,6,6,0
u06983,salaried,115743.88,0.0413,0.0018,-0.0009,0.1548,4.33,0.3141,0,0,0
u06984,small_biz,78694.28,0.5376,0.0357,0.0293,0.1367,-0.18,-0.4749,1,4,1
u06985,small_biz,232874.71,0.1726,0.0064,0.0468,0.0644,3.57,0.2549,0,1,0
u06986,small_biz,170867.24,0.1458,-0.0794,-0.0064,0.171,1.87,-0.0899,3,4,1
u06987,salaried,65470.39,0.023,-0.0114,0.0224,0.1735,3.2,-0.0111,2,3,0
u06988,freelancer,48145.22,0.1427,0.0235,0.0937,0.1404,2.19,0.1085,0,1,0
u06989,small_biz,205988.79,0.254,0.0431,0.0885,0.1221,5.88,0.3735,0,0,0
u06990,small_biz,162602.25,0.3924,-0.0968,0.0243,0.1451,2.92,0.028,2,3,0
u06991,freelancer,50535.29,0.3149,-0.029,0.0022,0.0136,2.77,0.2683,0,0,0
u06992,freelancer,78352.68,0.3635,-0.0428,0.1343,0.045,8.18,0.4929,0,0,0
u06993,freelancer,71548.46,0.1947,-0.045,0.047,0.0827,2.53,0.2077,0,1,0
u06994,small_biz,103973.03,0.187,0.0264,-0.0246,0.2573,-0.49,-0.5967,4,6,1
u06995,freelancer,75216.14,0.2271,0.0347,0.0326,0.0933,2.44,0.1969,2,2,0
u06996,freelancer,59328.38,0.4049,0.0433,0.1079,0.1314,3.06,0.1999,1,2,0
u06997,salaried,89538.39,0.0534,-0.0026,0.0038,0.1863,3.04,-0.0359,3,4,0
u06998,freelancer,48412.75,0.5122,-0.1429,0.0198,0.0326,3.32,0.2382,1,2,0
u06999,small_biz,224857.48,0.2399,-0.0906,0.0687,0.1332,3.66,0.234,0,2,0
u07000,small_biz,275569.12,0.1974,0.0374,-0.0091,0.0633,11.19,0.5832,0,0,0
u07001,freelancer,46225.01,0.2034,-0.0602,0.0683,0.096,0.3,-0.029,1,3,1
u07002,small_biz,157226.68,0.301,0.0146,0.0315,0.1562,1.31,-0.0538,1,2,1
u07003,small_biz,171155.21,0.2656,0.0249,0.0581,0.0598,3.5,0.227,1,2,0
u07004,freelancer,79697.08,0.498,-0.0649,0.0861,0.071,6.99,0.4888,0,1,0
u07005,small_biz,214387.36,0.2736,0.0944,-0.0127,0.1136,6.54,0.4394,1,1,0
u07006,freelancer,51895.57,0.5995,-0.0714,0.0835,0.1482,-0.2,-0.114,1,3,1
u07007,freelancer,64614.73,0.479,0.0133,-0.0168,0.1009,5.36,0.4186,1,2,0
u07008,small_biz,100933.73,0.2061,0.0936,0.0034,0.2751,1.74,-0.2273,3,5,0
u07009,freelancer,50851.07,0.2826,0.0618,0.0702,0.1503,1.68,0.1231,2,2,0
u07010,freelancer,59756.4,0.3356,0.0474,0.0856,0.0401,1.77,0.1094,0,3,0
u07011,small_biz,182711.68,0.2699,-0.0931,0.0188,0.1625,5.2,0.291,0,1,0
u07012,freelancer,59741.91,0.3265,-0.0667,0.0911,0.0568,2.98,0.2165,1,2,0
u07013,small_biz,102606.03,0.1691,-0.049,0.1064,0.244,0.81,-0.1747,2,5,1
u07014,freelancer,61604.85,0.2666,-0.0459,0.0484,0.1172,3.52,0.2555,0,1,0
u07015,freelancer,47356.8,0.2791,-0.0116,0.1307,0.0614,1.72,0.0819,1,2,0
u07016,small_biz,155258.96,0.3136,-0.0788,0.0318,0.1788,3.19,0.2562,1,1,0
u07017,freelancer,44930.9,0.1342,-0.0145,0.0916,0.0126,1.84,0.1802,0,1,0
u07018,salaried,74974.65,0.0335,-0.0091,-0.0339,0.3344,1.88,-0.3802,0,6,1
u07019,small_biz,156656.08,0.2886,-0.0339,0.0535,0.1654,3.34,0.1366,1,2,0
u07020,salaried,85439.85,0.033,-0.0002,0.102,0.2144,1.09,-0.0809,2,5,0
u07021,freelancer,66756.37,0.2914,-0.0873,0.0216,0.0834,2.39,0.1178,1,2,0
u07022,freelancer,94691.5,0.1002,0.035,0.0323,0.0033,10.4,0.5918,0,0,0
u07023,freelancer,43331.54,0.2781,-0.0717,0.089,0.0755,0.29,-0.0544,1,2,1
u07024,freelancer,68079.38,0.4993,-0.0024,0.0652,0.0513,4.45,0.2973,1,1,0
u07025,small_biz,276465.85,0.4074,0.0106,0.056,0.0717,6.53,0.4313,0,1,0
u07026,freelancer,46068.4,0.6436,0.2223,0.0833,0.0294,1.17,0.0562,4,4,0
u07027,small_biz,154890.44,0.4263,0.0621,0.0026,0.116,0.72,-0.0965,3,4,1
u07028,salaried,91004.93,0.0614,0.0122,0.0641,0.2546,3.31,0.1169,0,0,0
u07029,freelancer,81264.29,0.3645,0.1201,0.0944,0.0534,6.05,0.4517,0,0,0
u07030,salaried,116573.2,0.0385,-0.0165,-0.0044,0.1025,4.45,0.2831,0,1,0
u07031,small_biz,94434.44,0.3855,-0.1734,0.0229,0.1115,0.11,-0.3203,3,5,1
u07032,freelancer,69897.01,0.1803,-0.0329,0.0478,0.0072,7.05,0.5146,0,0,0
u07033,freelancer,66658.09,0.4076,0.1241,0.0616,0.0492,4.84,0.376,0,1,0
u07034,freelancer,48254.66,0.3661,-0.1435,0.0742,0.1229,1.26,0.0292,1,2,0
u07035,freelancer,37447.91,0.1499,-0.0201,0.1942,0.0182,-0.2,-0.22,0,4,1
u07036,salaried,77740.25,0.0494,0.0051,0.0143,0.1931,1.61,-0.1925,4,6,0
u07037,salaried,91480.6,0.0612,0.013,0.0484,0.1193,3.66,0.1007,0,0,0
u07038,freelancer,33799.38,0.2464,-0.0678,0.0466,0.1866,-1.81,-0.724,3,6,1
u07039,freelancer,49398.3,0.5132,-0.1155,0.1127,0.0939,0.77,0.0464,1,4,1
u07040,freelancer,48035.48,0.2355,-0.1037,0.0943,0.1603,1.6,0.0968,0,2,1
u07041,small_biz,142692.35,0.2008,0.0055,0.0285,0.1544,1.93,0.0731,2,2,0
u07042,salaried,62309.85,0.0275,0.0124,0.0287,0.5181,1.21,-0.2378,3,6,1
u07043,freelancer,50612.36,0.1338,0.001,0.0306,0.0913,1.31,-0.0031,0,3,0
u07044,freelancer,53833.14,0.4285,-0.1594,0.0304,0.0167,1.92,0.0943,2,2,0
u07045,salaried,105917.74,0.0253,-0.0068,0.0023,0.2637,2.78,0.0918,1,1,0
u07046,freelancer,68809.86,0.25,0.1303,0.0968,0.0656,2.97,0.2545,0,1,0
u07047,salaried,66603.95,0.099,-0.0253,0.1753,0.2103,0.66,-0.2723,2,5,1
u07048,small_biz,211316.29,0.1906,-0.0485,0.0753,0.0592,4.33,0.3291,0,0,0
u07049,salaried,106169.74,0.0256,0.0118,0.0466,0.2865,1.0,-0.0392,0,1,0
u07050,freelancer,32985.65,0.6198,0.0092,0.1017,0.035,0.21,-0.0292,0,3,1
u07051,salaried,57512.76,0.0308,0.0075,0.0242,0.3294,-1.27,-0.849,2,6,1
u07052,small_biz,162925.15,0.1085,0.0058,0.0466,0.1019,3.91,0.2609,0,0,0
u07053,small_biz,175348.18,0.3624,-0.0121,0.0493,0.0884,4.5,0.2101,1,2,0
u07054,salaried,95943.22,0.014,0.001,0.1479,0.2607,0.37,-0.1962,1,6,1
u07055,small_biz,209401.92,0.1389,0.0031,0.0458,0.0765,7.96,0.455,0,0,0
u07056,small_biz,208707.2,0.3609,0.066,0.0191,0.0834,7.92,0.5193,0,1,0
u07057,small_biz,114852.97,0.4587,-0.0359,0.0375,0.1567,2.6,0.045,1,4,0
u07058,salaried,49834.84,0.0277,-0.0058,0.0449,0.6887,-2.01,-1.2313,2,6,1
u07059,small_biz,134562.21,0.1949,-0.0552,-0.0391,0.1844,-0.28,-0.3218,3,6,1
u07060,freelancer,72320.66,0.1464,0.0667,0.0807,0.0337,5.13,0.3718,0,0,0
u07061,salaried,94883.84,0.0412,0.0118,-0.0039,0.1183,5.6,0.3998,0,0,0
u07062,freelancer,34850.11,0.8717,0.0814,0.0241,0.2067,-0.23,-0.1481,1,3,0
u07063,small_biz,126280.52,0.3004,-0.09,0.12,0.1431,3.25,0.1256,1,2,0
u07064,freelancer,45165.69,0.3959,-0.0707,0.002,0.0239,-1.06,-0.2638,2,5,1
u07065,salaried,61198.94,0.0166,0.0061,0.0044,0.5092,-0.79,-0.548,1,6,1
u07066,small_biz,160273.27,0.2442,0.0341,0.09,0.1038,2.69,0.1959,0,1,0
u07067,small_biz,164230.09,0.5567,0.1473,0.0271,0.1443,2.5,0.1882,0,2,0
u07068,small_biz,94805.33,0.1995,-0.0509,0.0638,0.1514,-0.41,-0.3342,3,6,1
u07069,small_biz,246491.93,0.2704,-0.0725,0.0499,0.0701,8.61,0.5359,0,0,0
u07070,salaried,86916.05,0.0436,0.008,0.0519,0.1917,4.17,0.2324,0,0,0
u07071,salaried,82232.9,0.0915,0.0151,0.0336,0.3683,3.42,-0.0568,3,3,0
u07072,salaried,101777.04,0.0464,-0.014,0.1241,0.1451,1.77,0.022,0,3,0
u07073,small_biz,187830.34,0.2195,0.0417,0.0321,0.0895,2.84,0.1286,1,2,0
u07074,salaried,57685.7,0.0548,0.0053,0.0541,0.4801,0.22,-0.58,2,6,1
u07075,small_biz,160698.13,0.3182,-0.1339,0.0014,0.1358,1.42,-0.0494,1,3,0
u07076,salaried,85812.32,0.0486,0.0234,0.0676,0.3643,2.53,-0.1924,3,6,0
u07077,salaried,101643.79,0.0733,-0.0046,0.0356,0.2019,3.07,0.0781,1,1,0
u07078,salaried,120860.1,0.0148,-0.0017,0.0226,0.1889,3.58,0.154,0,0,0
u07079,freelancer,45662.16,0.3659,-0.0556,0.0602,0.0173,1.97,0.1314,0,2,1
u07080,salaried,109310.78,0.0719,0.0287,0.0175,0.2832,4.18,0.2801,0,0,0
u07081,freelancer,57573.52,0.32,-0.1013,0.0784,0.0847,5.76,0.4567,0,1,0
u07082,salaried,92072.72,0.0962,0.0289,0.1581,0.1763,4.42,0.1543,1,2,0
u07083,small_biz,171980.92,0.2396,0.0047,0.0483,0.0963,2.98,0.1443,0,2,0
u07084,small_biz,237237.76,0.2901,-0.1385,0.0565,0.0589,6.84,0.4484,0,1,0
u07085,freelancer,68620.28,0.304,-0.0394,0.0624,0.0129,3.27,0.3242,0,1,0
u07086,small_biz,202090.03,0.1212,0.046,0.079,0.0625,8.15,0.4825,0,0,0
u07087,freelancer,56605.86,0.2584,0.0079,0.0838,0.138,2.07,0.1629,1,2,1
u07088,salaried,100621.23,0.0465,-0.0007,0.0711,0.2962,4.78,0.2072,0,0,0
u07089,small_biz,121888.03,0.2349,0.085,-0.0148,0.1147,0.54,-0.1464,0,4,1
u07090,small_biz,167055.82,0.1848,-0.0144,0.0178,0.1709,0.98,-0.1028,3,3,0
u07091,salaried,113163.26,0.0328,0.0088,0.036,0.3043,3.79,-0.0015,1,4,0
u07092,freelancer,38000.55,0.2851,-0.062,0.0734,0.0914,0.35,-0.1043,1,3,1
u07093,small_biz,237809.41,0.2911,-0.0138,0.0044,0.0638,4.08,0.266,1,1,0
u07094,freelancer,81885.21,0.2829,0.0671,0.0398,0.0452,4.04,0.3763,0,1,0
u07095,freelancer,49904.34,0.2453,-0.0119,0.0382,0.0447,1.78,0.0593,1,3,1
u07096,freelancer,51830.34,0.643,0.0585,0.0911,0.0533,-0.19,-0.122,1,4,0
u07097,small_biz,191475.99,0.3972,-0.0606,0.0358,0.1066,6.62,0.4057,1,1,0
u07098,salaried,57574.72,0.0228,0.005,0.1193,0.3793,0.95,-0.5923,3,6,1
u07099,freelancer,52306.0,0.4007,0.0867,0.0593,0.0004,2.23,0.1975,1,2,0
u07100,small_biz,191795.48,0.2597,-0.0619,0.0342,0.1024,7.28,0.4592,0,0,0
u07101,salaried,114438.15,0.0651,0.0189,-0.0003,0.2077,1.26,-0.0163,0,1,0
u07102,freelancer,42880.38,0.4338,-0.2065,0.0998,0.0507,0.53,-0.1467,2,4,1
u07103,small_biz,147512.88,0.1583,-0.0794,0.1055,0.0702,2.6,0.0113,1,3,0
u07104,freelancer,67493.3,0.1924,0.0613,0.0512,0.0069,6.17,0.3741,1,2,0
u07105,small_biz,210194.81,0.3422,-0.004,0.0363,0.0803,9.06,0.5171,0,0,0
u07106,salaried,90271.37,0.0613,0.0002,0.044,0.127,4.53,0.3599,0,0,0
u07107,small_biz,215107.09,0.092,0.0285,0.0748,0.0679,7.38,0.4537,0,0,0
u07108,freelancer,71860.68,0.5126,-0.0052,0.0907,0.052,7.03,0.4723,1,1,0
u07109,small_biz,131892.76,0.2301,0.0406,0.0521,0.1221,3.04,0.1516,1,2,0
u07110,small_biz,103439.31,0.4017,0.0401,0.0408,0.1438,0.73,-0.1844,1,4,1
u07111,salaried,86070.44,0.0725,0.0074,-0.007,0.3274,4.02,0.015,1,3,0
u07112,freelancer,73027.76,0.4873,0.1539,0.0569,0.0902,4.81,0.3713,0,2,0
u07113,salaried,84707.4,0.0441,0.0174,0.0186,0.2334,1.09,-0.2198,2,6,1
u07114,salaried,72486.11,0.0299,0.014,0.049,0.3486,3.25,0.0758,0,0,0
u07115,salaried,117877.69,0.0199,0.0034,0.0352,0.23,3.89,0.1594,0,0,0
u07116,freelancer,42735.21,0.4524,0.1909,0.0955,0.044,-0.38,-0.2984,2,4,1
u07117,small_biz,117710.55,0.2949,0.0175,0.0122,0.1793,1.02,-0.3174,3,4,0
u07118,freelancer,75847.97,0.2857,-0.0202,0.0684,0.0478,8.13,0.5595,0,0,0
u07119,small_biz,279196.99,0.2781,0.1136,0.0429,0.0599,9.5,0.5392,1,1,0
u07120,small_biz,163210.05,0.3093,-0.0076,0.0414,0.1429,1.29,0.0037,2,2,0
u07121,salaried,69070.15,0.0332,0.0147,0.0394,0.3565,2.77,-0.1231,3,6,0
u07122,salaried,78622.9,0.063,-0.0151,0.0645,0.1311,1.2,-0.2161,4,6,1
u07123,salaried,100508.37,0.0165,-0.0058,0.0273,0.3164,2.98,0.1609,0,0,0
u07124,salaried,115573.88,0.0309,-0.0151,0.0452,0.1764,6.34,0.2626,0,0,0
u07125,freelancer,81419.57,0.2337,-0.1049,0.0394,0.0828,3.09,0.2109,0,1,0
u07126,salaried,63096.72,0.0457,-0.003,0.023,0.2263,-0.25,-0.5775,2,6,1
u07127,freelancer,53952.57,0.3253,0.0406,0.0495,0.0111,5.32,0.4387,1,1,0
u07128,freelancer,36448.3,0.2824,0.081,0.0259,0.2037,-0.55,-0.2936,2,5,1
u07129,salaried,116468.81,0.0259,-0.0051,0.0443,0.268,4.19,0.0288,0,1,0
u07130,salaried,68902.45,0.0577,-0.0121,-0.0248,0.2897,0.07,-0.4276,2,6,1
u07131,freelancer,69253.09,0.4102,-0.0826,-0.026,0.094,4.19,0.3492,0,1,0
u07132,freelancer,47894.52,0.1625,0.0209,0.0753,0.1428,1.34,0.0427,2,2,0
u07133,salaried,93187.61,0.052,0.0135,0.0111,0.361,2.72,0.2183,0,0,0
u07134,salaried,114482.54,0.039,0.0151,0.0846,0.1285,6.43,0.3992,0,0,0
u07135,small_biz,157890.8,0.4972,0.117,0.0295,0.1384,5.25,0.3105,3,3,0
u07136,salaried,73814.24,0.0209,0.0035,0.0149,0.4043,4.05,0.039,0,1,0
u07137,small_biz,80224.85,0.4183,-0.1295,0.0201,0.2574,2.02,-0.057,3,3,0
u07138,freelancer,55818.2,0.3071,0.044,0.046,0.1312,1.09,0.0845,0,2,1
u07139,freelancer,59208.33,0.4309,0.0694,-0.0052,0.056,4.24,0.3521,1,2,0
u07140,freelancer,41390.93,0.2112,-0.0112,0.0575,0.1821,1.61,0.0147,1,3,0
u07141,small_biz,114379.68,0.2194,0.0872,0.0595,0.1755,0.07,-0.5044,2,6,1
u07142,small_biz,98884.09,0.6005,0.0763,0.0265,0.2852,1.28,-0.3939,1,5,0
u07143,small_biz,144190.67,0.296,-0.0156,-0.0316,0.1235,3.52,0.2193,0,1,0
u07144,small_biz,211406.31,0.2727,0.0225,0.0331,0.0478,6.7,0.4557,0,0,0
u07145,salaried,92985.66,0.0549,-0.0126,0.1476,0.1691,3.23,0.0006,1,3,0
u07146,salaried,64993.47,0.0676,0.0083,0.026,0.393,1.59,-0.3713,3,6,0
u07147,freelancer,66516.65,0.2511,0.015,0.1065,0.0029,3.41,0.2533,0,2,0
u07148,freelancer,52281.97,0.4159,0.1299,0.0066,0.043,0.17,-0.0475,0,2,0
u07149,freelancer,67462.26,0.4489,0.0233,0.0169,0.0603,3.36,0.2658,1,2,0
u07150,freelancer,68612.09,0.1455,-0.0203,0.0089,0.0679,2.57,0.2509,0,0,0
u07151,small_biz,135700.29,0.3174,-0.0043,0.0292,0.1882,-0.28,-0.4702,1,5,1
u07152,small_biz,184447.75,0.2187,0.0931,-0.01,0.1323,2.81,0.1884,0,1,0
u07153,salaried,113668.85,0.0413,0.0043,0.0461,0.2748,1.45,0.0516,0,0,0
u07154,freelancer,55506.01,0.3746,0.097,-0.0025,0.0415,6.5,0.5006,0,1,0
u07155,freelancer,46446.24,0.1463,0.0249,0.0174,0.1708,1.47,0.09,0,1,1
u07156,freelancer,51089.69,0.2968,-0.0442,0.0258,0.1317,1.32,0.1214,0,2,0
u07157,freelancer,80407.32,0.3499,0.0587,0.0077,0.025,8.46,0.4989,0,0,0
u07158,freelancer,43221.87,0.3202,-0.0762,0.0353,0.0384,1.61,0.1282,2,2,0
u07159,small_biz,173874.31,0.3189,0.0185,0.0364,0.1589,3.77,0.2163,0,1,0
u07160,salaried,84784.31,0.0179,0.0043,0.1413,0.1927,2.94,-0.0109,2,4,0
u07161,small_biz,146293.22,0.3388,-0.1061,0.0513,0.1678,2.81,-0.0073,1,4,0
u07162,salaried,71544.89,0.0599,-0.0006,0.1067,0.4272,2.36,-0.3921,1,6,1
u07163,salaried,73827.98,0.0368,0.0178,0.1159,0.2369,3.63,-0.0062,2,3,0
u07164,freelancer,52318.57,0.3519,-0.0399,0.0683,0.0391,0.66,0.051,1,3,1
u07165,freelancer,58462.16,0.1898,-0.0523,-0.0125,0.0012,6.83,0.5018,0,0,0
u07166,freelancer,51104.69,0.3553,0.0052,-0.0672,0.0717,2.78,0.2046,0,1,0
u07167,salaried,86346.29,0.0264,0.0015,0.0353,0.3377,3.31,0.0962,0,0,0
u07168,small_biz,214262.27,0.2512,-0.0087,0.0155,0.1301,4.31,0.1627,0,1,0
u07169,small_biz,133543.75,0.2827,0.0606,0.0472,0.1614,1.43,-0.2526,1,5,1
u07170,freelancer,39144.98,0.3078,0.0443,0.0431,0.197,-0.39,-0.1767,0,4,1
u07171,salaried,86780.63,0.0366,-0.0031,0.0146,0.2902,3.18,0.0803,0,0,0
u07172,freelancer,60141.69,0.4994,0.0468,0.0156,0.0285,2.26,0.2444,0,2,0
u07173,small_biz,103796.69,0.1877,0.0166,0.0286,0.1249,-1.09,-0.7415,4,6,1
u07174,freelancer,55847.65,0.3413,0.021,0.0878,0.1117,0.99,0.0331,0,2,1
u07175,salaried,72114.4,0.0398,-0.0066,0.0555,0.4573,2.01,-0.296,3,6,0
u07176,salaried,75373.8,0.0239,0.0009,0.0013,0.1891,1.43,0.0575,0,0,0
u07177,salaried,76549.26,0.1088,0.0134,0.1004,0.3435,0.63,-0.2884,3,6,1
u07178,small_biz,225606.52,0.2521,0.0857,0.0839,0.053,4.87,0.3022,0,1,0
u07179,freelancer,70872.38,0.1042,-0.0251,0.0818,0.0936,3.27,0.2969,0,1,0
u07180,small_biz,105641.91,0.2771,-0.0536,0.0452,0.2302,0.8,-0.1754,3,4,1
u07181,freelancer,49741.32,0.2855,-0.0366,0.0426,0.1115,3.08,0.2244,1,1,0
u07182,freelancer,61301.68,0.423,-0.0486,0.1236,0.101,5.45,0.4496,0,1,0
u07183,freelancer,41246.69,0.4608,-0.1501,0.0681,0.1457,-0.06,-0.1682,1,3,1
u07184,freelancer,53905.03,0.248,-0.0628,0.0627,0.0228,2.74,0.1808,1,1,0
u07185,freelancer,61036.27,0.3064,-0.0394,0.1664,0.0736,4.5,0.3942,0,1,0
u07186,freelancer,68791.11,0.4399,-0.1733,0.1331,0.0957,5.97,0.4129,0,2,0
u07187,freelancer,50852.19,0.4543,-0.104,0.0991,0.1246,2.1,0.1532,1,3,0
u07188,freelancer,41541.65,0.5981,0.1158,0.0368,0.0947,1.87,0.205,0,3,0
u07189,small_biz,160388.7,0.1829,0.0581,0.0288,0.1702,1.21,-0.1757,1,3,0
u07190,freelancer,66636.32,0.3748,0.0784,0.0914,0.0291,5.28,0.4356,1,1,0
u07191,small_biz,110539.52,0.2749,-0.0022,0.0549,0.2092,-0.29,-0.4433,2,6,1
u07192,small_biz,222986.82,0.2354,-0.0688,0.0082,0.112,4.11,0.2912,0,0,0
u07193,freelancer,44556.66,0.4533,0.0825,0.024,0.1556,1.36,0.022,1,3,1
u07194,small_biz,119829.62,0.1393,0.0213,-0.0344,0.2247,0.56,-0.2745,1,5,1
u07195,freelancer,43056.6,0.3764,-0.056,0.014,0.0085,3.19,0.2609,0,1,0
u07196,freelancer,65535.95,0.2849,-0.029,0.0202,0.052,6.95,0.5113,0,0,0
u07197,salaried,51256.8,0.0201,-0.0087,-0.0237,0.5692,0.85,-0.5113,3,6,1
u07198,salaried,111367.93,0.048,0.0007,0.0173,0.2585,2.87,0.0941,0,0,0
u07199,small_biz,150032.75,0.4492,-0.0249,0.0225,0.1643,1.15,-0.2377,2,3,0
u07200,small_biz,161938.11,0.4033,0.0017,0.0017,0.1699,3.11,0.0347,3,3,0
u07201,small_biz,177740.08,0.0701,-0.0176,0.023,0.1662,0.84,-0.0875,0,5,1
u07202,salaried,87144.82,0.089,0.0242,-0.0188,0.2599,3.32,-0.1375,0,5,0
u07203,small_biz,110339.02,0.2473,-0.0607,0.0066,0.1789,0.11,-0.2449,1,5,1
u07204,salaried,95377.91,0.0413,0.0024,0.0647,0.1428,1.32,0.0006,0,1,0
u07205,salaried,80012.76,0.0232,-0.0057,0.18,0.1992,2.69,-0.0519,0,3,0
u07206,freelancer,58271.14,0.3058,-0.0269,0.0461,0.0807,3.21,0.2964,0,1,0
u07207,freelancer,48267.95,0.0986,-0.0108,-0.0098,0.0952,1.73,0.0671,0,1,1
u07208,small_biz,183493.01,0.2611,0.0703,0.0472,0.0961,0.65,-0.1265,2,4,0
u07209,freelancer,40486.39,0.0856,0.0088,0.0586,0.0472,-1.16,-0.3953,3,6,1
u07210,small_biz,178606.61,0.1581,-0.0273,0.0366,0.0925,3.77,0.1573,1,1,0
u07211,freelancer,41531.15,0.3863,-0.0991,-0.059,0.0369,3.5,0.2576,0,1,0
u07212,freelancer,39614.53,0.5845,0.1072,0.0025,0.0514,0.58,-0.0781,2,3,1
u07213,salaried,65668.56,0.0539,-0.0099,0.1355,0.178,1.29,-0.0988,2,3,1
u07214,salaried,73902.01,0.0685,0.0017,0.0193,0.2097,4.61,0.1989,0,0,0
u07215,freelancer,59611.96,0.499,0.002,0.0226,0.0452,1.29,0.0977,1,3,0
u07216,freelancer,68202.17,0.4735,-0.0253,0.0139,0.0655,-0.07,-0.1174,2,5,0
u07217,freelancer,51116.52,0.2209,-0.0704,0.0729,0.0768,4.96,0.3731,1,1,0
u07218,freelancer,51698.0,0.3203,-0.0494,0.0372,0.1097,2.21,0.2031,1,1,0
u07219,small_biz,74504.87,0.3604,-0.0058,0.0755,0.2099,-1.27,-1.0743,2,6,1
u07220,freelancer,86491.24,0.0874,0.0352,0.0068,0.0407,5.87,0.4203,0,1,0
u07221,small_biz,190411.93,0.4088,0.0348,0.0798,0.1569,3.1,0.2288,1,2,0
u07222,small_biz,161582.99,0.1291,-0.0467,0.0564,0.1622,5.61,0.3354,0,0,0
u07223,salaried,112028.36,0.0388,0.0149,0.0357,0.3018,3.52,0.1751,1,1,0
u07224,small_biz,71187.98,0.3443,0.1294,0.0743,0.4008,0.29,-0.7629,2,6,1
u07225,freelancer,56702.03,0.3117,0.0556,0.0227,0.0811,2.42,0.2108,0,2,0
u07226,freelancer,48921.68,0.4505,0.1108,0.0257,0.0033,1.3,0.1322,0,2,1
u07227,small_biz,110150.35,0.1784,0.0559,0.0543,0.1152,0.7,-0.0552,0,3,1
u07228,freelancer,51561.04,0.3664,-0.2052,0.0776,0.1329,1.95,0.1819,0,2,0
u07229,small_biz,147697.78,0.3804,0.0174,0.0183,0.1045,2.62,0.1023,1,3,0
u07230,freelancer,85577.81,0.2299,0.0138,0.0493,0.0374,8.77,0.575,0,0,0
u07231,freelancer,60278.65,0.1816,0.0257,0.0642,0.0681,5.73,0.4024,0,1,0
u07232,small_biz,170150.88,0.1279,0.0034,0.0992,0.0717,4.2,0.202,1,1,0
u07233,freelancer,46245.37,0.277,-0.0178,0.063,0.0949,2.28,0.2175,1,1,1
u07234,small_biz,240527.96,0.2796,-0.0454,0.0563,0.0419,10.54,0.5615,0,0,0
u07235,small_biz,103868.4,0.3937,0.1828,0.049,0.2012,0.37,-0.3605,1,5,1
u07236,freelancer,40789.02,0.4662,0.0017,0.0711,0.1793,1.18,0.0175,1,3,1
u07237,freelancer,65047.3,0.3804,-0.0838,0.0898,0.0349,2.7,0.2081,1,2,0
u07238,salaried,79836.65,0.0434,0.0081,-0.0179,0.4305,1.15,-0.5767,1,6,1
u07239,salaried,106513.59,0.0726,-0.0177,0.0031,0.2958,4.17,0.1427,1,2,0
u07240,small_biz,249853.1,0.2144,0.0166,0.0474,0.0882,8.07,0.5079,0,0,0
u07241,small_biz,131630.42,0.3616,0.0034,0.0144,0.1941,3.16,0.0716,1,1,0
u07242,freelancer,61566.98,0.354,-0.0506,0.0601,0.0906,3.08,0.2846,0,1,0
u07243,freelancer,57205.51,0.2679,-0.0382,0.0509,0.0362,2.51,0.1957,0,1,0
u07244,small_biz,105656.2,0.176,-0.0793,0.0069,0.1104,0.86,-0.2829,1,5,1
u07245,salaried,95005.66,0.0484,-0.0016,0.0148,0.3371,2.44,0.139,0,0,0
u07246,freelancer,69520.55,0.1037,0.0145,0.0648,0.094,4.96,0.3921,0,0,0
u07247,salaried,115921.75,0.0436,-0.0075,0.184,0.1334,5.82,0.4448,0,0,0
u07248,freelancer,79614.31,0.1756,0.0661,0.0576,0.0368,6.76,0.4366,0,1,0
u07249,salaried,104688.69,0.0344,0.0141,-0.0134,0.1129,3.58,0.2264,0,0,0
u07250,salaried,59856.26,0.0351,-0.0083,0.0775,0.3633,2.18,-0.3577,1,6,0
u07251,salaried,119610.38,0.0122,0.005,0.1392,0.2417,3.2,0.0962,0,2,0
u07252,small_biz,144292.2,0.23,-0.0887,0.0232,0.1021,3.49,0.0992,0,2,0
u07253,freelancer,48228.24,0.4942,0.008,0.059,0.0824,4.77,0.3616,1,1,0
u07254,salaried,79476.03,0.0781,-0.0131,0.013,0.2161,4.64,0.0693,1,2,0
u07255,freelancer,37373.23,0.2178,-0.0132,0.0314,0.197,-0.97,-0.3887,2,6,1
u07256,small_biz,245885.75,0.3454,0.014,0.031,0.0688,5.79,0.3241,0,1,0
u07257,small_biz,160236.74,0.0807,-0.0337,0.0322,0.1041,3.87,0.1313,0,0,0
u07258,freelancer,39460.02,0.4443,-0.0573,0.0244,0.0659,1.51,0.1499,3,3,1
u07259,small_biz,159578.73,0.3091,0.0026,0.0218,0.1746,4.04,0.1575,1,2,0
u07260,freelancer,68968.33,0.1806,0.0216,0.0377,0.053,4.42,0.3182,0,1,0
u07261,salaried,68915.75,0.0767,-0.0002,0.0604,0.2916,0.25,-0.1496,3,4,1
u07262,small_biz,133511.99,0.1102,-0.0211,0.0269,0.076,1.96,0.032,0,3,0
u07263,freelancer,53256.67,0.2101,0.0996,-0.0035,0.0507,0.39,-0.0629,0,4,0
u07264,freelancer,53150.07,0.4507,-0.0558,0.0486,0.0908,1.69,0.1694,2,3,0
u07265,freelancer,75609.59,0.2679,-0.0926,0.0299,0.0655,3.35,0.2873,0,1,0
u07266,freelancer,72690.45,0.4192,0.0684,0.0744,0.1083,3.8,0.3509,0,1,0
u07267,salaried,49977.11,0.0587,-0.0239,0.0251,0.3465,-0.38,-0.8299,3,6,1
u07268,salaried,83955.95,0.0441,0.0031,0.0144,0.1901,2.62,-0.0966,2,5,0
u07269,salaried,56746.3,0.0584,0.0218,0.0083,0.5346,-0.47,-0.4065,3,6,1
u07270,small_biz,222340.09,0.2882,0.0483,-0.0018,0.1169,8.06,0.4791,0,0,0
u07271,salaried,90587.5,0.045,0.0241,0.032,0.3847,1.29,-0.0464,1,5,0
u07272,freelancer,38110.37,0.1711,0.0455,0.0732,0.0255,-1.7,-0.3987,2,5,1
u07273,small_biz,187633.88,0.1661,-0.0404,0.0179,0.1429,5.79,0.4183,0,0,0
u07274,freelancer,69962.67,0.2885,0.0223,0.0029,0.076,4.54,0.3933,0,1,0
u07275,salaried,53835.7,0.0604,0.0048,0.0013,0.2225,0.97,-0.2732,1,6,1
u07276,freelancer,44744.38,0.4098,0.0447,0.0456,0.0483,1.73,0.0902,0,3,0
u07277,freelancer,47920.05,0.3188,0.0172,-0.0035,0.0453,2.52,0.1589,0,2,0
u07278,small_biz,98453.11,0.2528,-0.011,0.0237,0.2627,0.07,-0.2795,2,5,0
u07279,salaried,114196.21,0.0459,0.0089,0.0246,0.2051,1.73,0.0709,0,1,0
u07280,freelancer,85861.54,0.2289,-0.0174,0.0437,0.0137,9.64,0.5909,0,0,0
u07281,freelancer,47447.65,0.2719,0.0505,0.0237,0.1172,1.05,0.0293,0,2,0
u07282,small_biz,168406.67,0.284,-0.0273,0.0259,0.1588,5.53,0.3744,1,1,0
u07283,freelancer,77292.79,0.2868,-0.0729,0.0585,0.0338,10.33,0.5542,0,0,0
u07284,freelancer,70274.83,0.3491,-0.1527,-0.0184,0.0725,5.33,0.3902,2,2,0
u07285,salaried,119010.72,0.0726,0.015,0.0047,0.1633,4.05,0.1568,0,0,0
u07286,small_biz,250933.46,0.1089,0.02,0.0137,0.0497,10.64,0.5747,0,0,0
u07287,freelancer,43005.09,0.345,-0.1119,0.035,0.1525,1.13,0.0111,3,4,1
u07288,freelancer,46679.69,0.4214,-0.116,0.0894,0.1552,-0.7,-0.2674,0,4,1
u07289,salaried,70901.37,0.0193,-0.0035,0.0105,0.2972,2.71,0.0354,0,2,0
u07290,freelancer,47772.25,0.2045,0.0481,0.0323,0.1466,0.28,-0.107,2,4,1
u07291,freelancer,80636.49,0.2433,-0.1013,0.0813,0.041,11.58,0.6414,0,0,0
u07292,salaried,112235.15,0.0531,0.0012,0.1243,0.1635,5.71,0.2898,1,1,0
u07293,small_biz,138144.92,0.5132,-0.0918,0.0228,0.0851,3.63,0.1271,0,3,0
u07294,small_biz,215523.05,0.235,-0.0412,0.0377,0.1013,5.88,0.3598,0,1,0
u07295,small_biz,170198.04,0.236,-0.0392,0.0314,0.0782,4.94,0.2769,0,1,0
u07296,freelancer,61304.92,0.2552,-0.0805,0.0336,0.0434,5.2,0.4032,0,0,0
u07297,salaried,56787.66,0.0525,0.0089,0.1193,0.3985,1.97,-0.3973,2,6,1
u07298,salaried,85038.19,0.0589,0.0061,0.0281,0.2233,2.81,-0.0047,1,2,0
u07299,small_biz,160458.62,0.286,0.0483,0.015,0.1403,2.78,0.1123,2,2,0
u07300,freelancer,74113.75,0.2389,0.1183,0.0926,0.1047,1.24,-0.0064,0,2,0
u07301,salaried,52009.26,0.044,0.0217,0.0608,0.5298,0.03,-0.5232,2,6,1
u07302,salaried,72507.47,0.0292,-0.0023,0.2528,0.2164,0.65,-0.3082,3,6,1
u07303,salaried,67878.13,0.037,0.0098,0.0042,0.2975,1.17,-0.3867,3,6,1
u07304,small_biz,202062.79,0.218,-0.0029,0.0402,0.1429,3.39,0.2189,0,1,0
u07305,small_biz,128914.31,0.2564,-0.0791,0.0321,0.1176,1.84,-0.0616,1,2,0
u07306,small_biz,138212.72,0.2518,-0.0327,0.0277,0.1274,-0.33,-0.5165,2,5,1
u07307,small_biz,127064.46,0.434,-0.2011,0.0523,0.1937,1.07,-0.3567,3,4,1
u07308,freelancer,58436.27,0.3989,-0.1363,-0.0036,0.0177,5.23,0.4123,1,1,0
u07309,small_biz,208698.2,0.2847,-0.0396,-0.033,0.0577,5.97,0.4048,0,1,0
u07310,freelancer,58565.13,0.3144,0.1214,0.0219,0.1271,0.25,-0.0064,1,3,1
u07311,freelancer,42403.26,0.4221,0.0188,0.0146,0.0079,2.5,0.2596,1,1,0
u07312,small_biz,201942.19,0.1626,0.0207,0.0382,0.0714,4.55,0.2295,0,0,0
u07313,freelancer,66229.92,0.2593,-0.1223,0.0265,0.0696,4.69,0.3854,0,0,0
u07314,salaried,115153.4,0.0611,0.0197,0.0456,0.2009,5.54,0.2121,0,0,0
u07315,salaried,72862.25,0.0377,0.0137,-0.0409,0.4059,0.83,-0.5145,2,6,1
u07316,small_biz,154520.33,0.321,-0.0463,0.0551,0.1073,3.7,0.2578,0,1,0
u07317,salaried,55285.86,0.0791,0.0243,0.134,0.5763,-0.83,-0.5704,2,6,1
u07318,salaried,94535.36,0.0449,0.0085,0.049,0.3524,2.73,0.1659,0,0,0
u07319,salaried,64882.33,0.0383,-0.0126,0.0725,0.4717,-0.58,-0.5597,1,6,1
u07320,freelancer,59158.48,0.2919,0.0261,-0.0015,0.0805,0.18,-0.1277,2,4,1
u07321,small_biz,109087.38,0.2661,-0.1032,0.0345,0.0924,1.88,0.0566,0,1,1
u07322,salaried,56840.88,0.0344,0.013,0.1332,0.279,0.21,-0.1747,4,6,1
u07323,freelancer,50815.29,0.5388,0.0254,0.1,0.0838,1.94,0.1546,1,2,0
u07324,small_biz,160896.6,0.3538,0.0608,0.0318,0.0927,3.22,0.214,2,2,0
u07325,freelancer,53093.46,0.4469,-0.0917,0.0865,0.0308,3.34,0.3242,0,1,0
u07326,freelancer,70404.08,0.3711,0.0579,0.1397,0.0543,3.7,0.3166,0,1,0
u07327,salaried,98439.35,0.059,0.0126,0.0473,0.2051,4.98,0.0979,1,1,0
u07328,salaried,69143.6,0.0729,0.0384,0.0173,0.1869,3.07,-0.0613,0,5,0
u07329,salaried,77346.15,0.0409,0.0158,0.2202,0.1322,1.54,0.0653,1,2,1
u07330,freelancer,72872.9,0.5158,-0.1851,0.0038,0.0259,5.11,0.3801,1,1,0
u07331,freelancer,56424.5,0.3717,-0.0399,0.033,0.0383,2.38,0.2154,1,2,0
u07332,small_biz,142219.92,0.1553,0.0054,0.012,0.1832,1.51,0.0378,1,3,1
u07333,freelancer,51438.78,0.3074,-0.1682,0.0573,0.0939,1.59,0.0217,1,3,0
u07334,freelancer,61621.52,0.1717,0.044,0.0932,0.0437,6.68,0.4915,0,0,0
u07335,small_biz,119794.32,0.1746,-0.0064,0.0353,0.1306,1.5,-0.2309,1,4,1
u07336,salaried,115825.4,0.0558,0.0067,0.0051,0.1376,6.82,0.4744,0,0,0
u07337,salaried,77603.38,0.0282,-0.0084,0.0607,0.4307,1.61,-0.4386,4,6,1
u07338,freelancer,62181.04,0.3041,-0.0133,0.0832,0.079,2.21,0.137,1,2,0
u07339,small_biz,254879.22,0.1247,0.016,0.0493,0.1102,3.61,0.2523,0,0,0
u07340,small_biz,115280.2,0.4607,-0.1145,-0.0164,0.2541,1.69,-0.1041,1,3,0
u07341,salaried,58064.18,0.0289,0.0032,-0.0041,0.2101,2.05,-0.0425,4,6,0
u07342,freelancer,30268.83,0.481,0.0457,0.0102,0.0497,-1.41,-0.6119,1,4,1
u07343,freelancer,52438.86,0.1789,-0.0014,0.0088,0.1283,1.75,0.1736,0,0,0
u07344,salaried,69288.48,0.023,-0.0097,0.0876,0.2065,3.59,0.044,1,1,0
u07345,salaried,114053.97,0.0303,0.0076,0.1589,0.1549,3.26,0.0635,1,1,0
u07346,small_biz,187303.55,0.4241,-0.0471,0.0291,0.1378,3.28,0.1067,2,2,0
u07347,salaried,74841.82,0.0607,0.0095,0.0205,0.1678,0.36,-0.3858,1,6,1
u07348,freelancer,51209.18,0.2472,-0.047,0.1021,0.1422,3.27,0.2337,0,1,0
u07349,freelancer,80526.38,0.1928,-0.0582,0.0218,0.0685,3.54,0.3141,0,0,0
u07350,small_biz,151031.86,0.4014,-0.0162,0.0216,0.172,1.05,-0.3621,1,4,1
u07351,freelancer,52034.45,0.1815,0.071,0.0704,0.0839,4.32,0.3166,0,0,0
u07352,salaried,51708.18,0.0397,-0.0086,0.0497,0.6067,-1.04,-1.3283,3,6,1
u07353,salaried,114160.73,0.0358,0.01,0.0763,0.2426,4.18,0.2354,0,0,0
u07354,small_biz,187933.14,0.2722,-0.0799,0.0442,0.1487,5.97,0.3654,1,1,0
u07355,freelancer,56263.25,0.2844,-0.0145,0.0976,0.0916,3.16,0.226,0,1,0
u07356,salaried,101008.24,0.0643,0.0275,0.1441,0.3144,2.9,-0.0583,3,4,0
u07357,salaried,96764.12,0.043,-0.0068,0.0268,0.3514,3.0,0.2283,0,0,0
u07358,small_biz,126395.41,0.0907,0.0222,0.033,0.1792,3.1,0.0721,0,1,0
u07359,freelancer,77756.83,0.244,0.0117,0.0491,0.0738,9.54,0.5873,0,0,0
u07360,freelancer,45437.03,0.3033,0.061,0.0894,0.1049,2.72,0.2558,1,2,0
u07361,freelancer,37408.84,0.537,0.1102,0.0822,0.0505,2.3,0.1228,2,2,1
u07362,freelancer,45003.93,0.2641,0.0551,0.0767,0.0224,2.82,0.17,1,3,0
u07363,small_biz,213260.09,0.2962,-0.1648,-0.0219,0.1084,3.43,0.2883,1,2,0
u07364,freelancer,66974.6,0.2172,0.0329,0.0798,0.0376,5.46,0.4084,0,0,0
u07365,salaried,116167.53,0.0838,0.0367,0.0437,0.2092,5.59,0.3573,0,0,0
u07366,salaried,114248.76,0.0671,-0.0273,0.0158,0.1908,2.07,0.075,1,1,0
u07367,small_biz,144634.56,0.3359,-0.1032,0.0752,0.1536,5.06,0.3075,0,2,0
u07368,freelancer,59420.18,0.36,-0.1333,-0.0249,0.1338,1.26,-0.0149,2,2,0
u07369,salaried,91115.01,0.0377,0.0111,-0.0271,0.1921,5.22,0.1711,0,1,0
u07370,freelancer,80506.19,0.2317,-0.1083,0.0627,0.0164,9.62,0.5797,0,0,0
u07371,salaried,73720.8,0.0285,0.0013,0.0522,0.3801,0.7,-0.2408,3,6,1
u07372,freelancer,49284.98,0.1273,0.0079,0.0207,0.1426,0.03,-0.2228,0,6,1
u07373,freelancer,50021.52,0.3148,0.0964,0.0846,0.1411,0.79,0.037,2,3,1
u07374,small_biz,183525.54,0.3754,0.1726,-0.0025,0.0913,4.52,0.2377,0,1,0
u07375,freelancer,33888.3,0.4852,0.1052,0.0008,0.1109,-0.82,-0.4412,1,5,1
u07376,salaried,86583.67,0.0653,0.02,0.0907,0.2684,4.15,0.1136,0,0,0
u07377,small_biz,162735.0,0.3036,0.0587,0.0531,0.0877,1.83,-0.0336,0,3,0
u07378,small_biz,131122.71,0.2005,-0.0027,-0.0268,0.1807,2.11,-0.023,0,4,0
u07379,salaried,106807.58,0.0326,0.011,0.1281,0.1511,4.29,0.2521,0,0,0
u07380,small_biz,154990.83,0.2182,0.0563,0.0502,0.1445,4.83,0.3308,0,1,0
u07381,freelancer,64213.56,0.3869,-0.0319,0.0119,0.1197,3.6,0.2988,0,1,0
u07382,salaried,80013.84,0.0399,-0.0009,0.0501,0.2084,2.05,-0.0098,0,2,0
u07383,small_biz,197514.49,0.1251,0.0104,0.1143,0.0822,5.36,0.3253,0,0,0
u07384,freelancer,56577.51,0.4138,-0.1249,0.0364,0.1351,2.11,0.1449,0,2,0
u07385,small_biz,224885.47,0.0834,0.0212,0.1033,0.0729,4.07,0.2064,0,0,0
u07386,salaried,76445.55,0.0548,-0.001,0.0469,0.2726,1.8,-0.0013,2,3,0
u07387,freelancer,78307.41,0.235,0.0345,0.0754,0.0169,9.59,0.5059,1,1,0
u07388,small_biz,177303.13,0.1758,0.0673,0.0299,0.1003,7.07,0.4962,0,0,0
u07389,salaried,106367.28,0.0247,0.0012,0.2141,0.213,3.06,0.231,0,0,0
u07390,freelancer,29621.63,0.3684,0.03,0.0268,0.2558,-1.83,-0.8043,3,6,1
u07391,salaried,78626.53,0.0227,0.0097,0.0308,0.3824,1.0,-0.5927,4,6,1
u07392,freelancer,68456.3,0.2229,0.0068,0.0654,0.0729,2.56,0.1567,0,2,0
u07393,salaried,86226.95,0.0296,0.0095,0.0237,0.3464,1.91,0.0356,0,1,0
u07394,salaried,61772.28,0.0212,0.0051,0.0259,0.386,0.89,-0.8869,3,6,1
u07395,freelancer,59131.7,0.3564,0.0923,0.0405,0.0592,2.0,0.1633,0,1,1
u07396,salaried,93191.74,0.0516,0.0004,0.0303,0.2045,4.25,0.0386,2,2,0
u07397,freelancer,46884.06,0.2203,-0.0198,0.0168,0.0659,1.2,0.0585,1,2,0
u07398,small_biz,148276.5,0.2525,-0.0167,0.0282,0.1825,2.82,-0.0055,0,3,0
u07399,salaried,83717.38,0.0383,-0.0051,-0.003,0.2764,3.48,0.1973,0,0,0
u07400,salaried,63653.61,0.0589,-0.0068,0.017,0.2833,1.18,-0.2602,3,6,0
u07401,freelancer,55682.79,0.1739,0.0083,0.0247,0.0805,2.29,0.2112,0,1,0
u07402,freelancer,57246.58,0.1217,-0.0126,0.0228,0.0705,1.73,0.1707,0,1,1
u07403,small_biz,170188.79,0.4678,0.0218,0.0717,0.0927,1.58,0.0865,1,2,0
u07404,salaried,57667.19,0.0427,0.0174,0.0312,0.4098,0.59,-0.213,4,6,1
u07405,salaried,89010.98,0.0319,-0.0078,0.0201,0.194,2.81,0.188,0,0,0
u07406,freelancer,54194.07,0.12,0.047,0.0107,0.1097,3.37,0.2457,0,0,0
u07407,freelancer,61192.92,0.3497,0.1209,0.0188,0.0707,5.34,0.4135,0,1,0
u07408,freelancer,53895.97,0.3304,-0.0035,0.0989,0.1481,4.14,0.3434,1,1,0
u07409,salaried,77270.51,0.0528,0.0056,0.0566,0.2002,1.81,-0.3163,2,6,0
u07410,small_biz,96068.38,0.4109,0.1026,0.0197,0.2765,0.98,-0.1488,1,4,1
u07411,freelancer,72635.95,0.3972,-0.168,0.0095,0.0637,8.73,0.5615,0,1,0
u07412,small_biz,237949.3,0.2849,0.0731,0.0233,0.0676,9.63,0.5449,0,1,0
u07413,freelancer,63932.54,0.1976,-0.0122,0.058,0.0096,1.99,0.2067,0,1,0
u07414,salaried,52605.56,0.0352,-0.0022,0.232,0.51,-0.06,-0.5377,2,6,1
u07415,small_biz,156903.87,0.2615,0.0284,-0.008,0.1811,1.89,0.0422,2,2,0
u07416,salaried,98801.34,0.0675,-0.0156,0.0637,0.3177,1.38,0.0361,1,2,0
u07417,freelancer,48044.36,0.2506,-0.0691,0.0771,0.1413,1.23,0.1232,1,2,1
u07418,salaried,88315.46,0.0562,-0.0009,0.1519,0.3486,-0.9,-0.5503,2,6,1
u07419,freelancer,48390.63,0.3591,0.0073,0.1022,0.1346,2.18,0.1446,1,2,1
u07420,freelancer,51937.51,0.2853,0.1187,0.025,0.1209,1.1,0.0014,2,2,0
u07421,salaried,107954.84,0.0363,-0.0038,-0.0118,0.2644,3.5,0.1518,0,0,0
u07422,freelancer,60092.73,0.4306,-0.1561,0.0963,0.0578,4.18,0.2992,1,1,0
u07423,freelancer,42751.44,0.3665,-0.0222,0.0322,0.1258,-0.21,-0.353,4,5,1
u07424,salaried,89984.43,0.0747,-0.0303,-0.0085,0.1194,6.0,0.2501,0,0,0
u07425,small_biz,174779.52,0.4009,0.0474,0.0111,0.0802,2.06,0.0865,0,3,0
u07426,freelancer,47210.26,0.4677,0.1377,0.0453,0.0795,1.81,0.0722,1,3,0
u07427,freelancer,56624.77,0.2117,-0.0488,0.1025,0.0708,0.02,-0.0952,2,4,1
u07428,freelancer,65586.97,0.2715,0.0058,-0.0472,0.0963,3.35,0.2678,1,1,0
u07429,freelancer,45885.34,0.316,-0.0948,0.0655,0.0757,0.64,-0.0607,0,3,0
u07430,freelancer,52700.49,0.2225,0.0847,-0.022,0.0943,1.58,0.1068,1,2,0
u07431,freelancer,80826.54,0.3797,-0.025,0.0648,0.0433,3.32,0.2033,0,1,0
u07432,freelancer,66969.53,0.3206,0.0866,0.0617,0.0951,5.48,0.4451,0,0,0
u07433,salaried,94206.19,0.0474,-0.0104,0.0277,0.2778,1.45,-0.0789,2,4,0
u07434,freelancer,58464.98,0.3177,-0.0918,0.0715,0.0066,3.5,0.2786,0,1,0
u07435,salaried,115190.92,0.0722,0.0045,0.0381,0.2574,4.28,0.3134,0,0,0
u07436,freelancer,59935.32,0.5908,-0.0979,0.0204,0.0666,3.69,0.301,0,2,0
u07437,small_biz,103641.06,0.3783,-0.0509,0.0215,0.2707,0.29,-0.4606,1,5,1
u07438,small_biz,168069.5,0.2358,-0.0174,0.0661,0.0616,3.26,0.1246,1,3,0
u07439,salaried,89454.28,0.0631,-0.0076,0.0211,0.2177,4.67,0.1694,0,0,0
u07440,small_biz,182975.12,0.1575,0.0209,0.0063,0.0917,5.21,0.3409,0,0,0
u07441,freelancer,67790.26,0.4629,0.2281,0.0511,0.0925,4.93,0.3528,1,1,0
u07442,salaried,58028.24,0.0395,0.0064,0.0095,0.381,-0.65,-0.592,1,6,1
u07443,freelancer,50167.2,0.2364,-0.0096,0.0419,0.1231,0.56,-0.1388,0,3,1
u07444,salaried,122110.35,0.0385,0.0045,0.1203,0.2844,2.77,0.0567,0,0,0
u07445,freelancer,77788.24,0.2131,0.0395,0.0367,0.019,12.71,0.6674,0,0,0
u07446,small_biz,208207.71,0.2983,0.1262,0.0499,0.1314,4.77,0.2782,0,2,0
u07447,salaried,90507.4,0.0415,-0.0102,0.042,0.2393,2.79,-0.1357,0,5,0
u07448,salaried,50533.73,0.0545,0.0124,0.0095,0.5018,0.95,-0.6958,1,6,1
u07449,freelancer,74378.11,0.1967,-0.0539,0.1448,0.0124,4.09,0.3542,0,0,0
u07450,small_biz,191423.46,0.3667,0.0163,-0.0237,0.0649,5.26,0.2522,1,2,0
u07451,freelancer,46473.73,0.3214,0.0699,0.0057,0.0342,6.01,0.453,0,0,0
u07452,small_biz,218665.64,0.2465,-0.0475,0.0042,0.059,7.98,0.4499,0,0,0
u07453,salaried,106169.3,0.0465,-0.0173,0.0005,0.2636,3.62,0.0764,0,1,0
u07454,small_biz,126199.43,0.3301,-0.0199,0.0482,0.1558,0.83,-0.0711,2,3,0
u07455,salaried,58650.17,0.032,0.0043,0.0356,0.4514,-0.21,-0.4244,2,6,1
u07456,small_biz,107549.85,0.2298,-0.08,0.0729,0.1275,-0.46,-0.4349,3,5,1
u07457,salaried,104957.51,0.0708,-0.0057,0.0042,0.3334,0.74,-0.0876,2,3,1
u07458,salaried,60293.46,0.0705,0.0257,0.192,0.2352,0.21,-0.4481,1,6,1
u07459,salaried,76521.45,0.0498,-0.0098,0.034,0.2121,0.62,-0.3144,2,6,1
u07460,freelancer,81688.85,0.2722,0.0013,0.0247,0.0286,6.83,0.5175,0,0,0
u07461,small_biz,201146.23,0.1043,-0.0337,0.0052,0.077,5.71,0.3596,0,0,0
u07462,small_biz,142737.49,0.1434,-0.0288,-0.0048,0.1135,1.48,0.0605,0,2,0
u07463,salaried,100901.06,0.0509,-0.0038,0.0856,0.2036,1.0,-0.0121,1,2,1
u07464,small_biz,169381.79,0.274,-0.0026,0.0272,0.1203,3.36,0.1229,1,2,0
u07465,salaried,113758.28,0.0271,-0.0134,-0.021,0.231,1.48,0.03,0,0,0
u07466,freelancer,75321.65,0.4161,-0.1337,0.0383,0.0445,5.26,0.4509,0,1,0
u07467,freelancer,43885.58,0.2847,-0.084,0.0058,0.0042,2.47,0.1491,0,1,0
u07468,small_biz,196137.67,0.3795,0.1698,0.065,0.137,6.29,0.3719,0,2,0
u07469,small_biz,127585.38,0.3029,0.1044,0.0449,0.1394,1.3,-0.1385,2,4,1
u07470,freelancer,81811.64,0.2875,0.0409,0.0446,0.048,4.98,0.4136,0,1,0
u07471,freelancer,39219.3,0.2902,0.0674,0.0175,0.06,0.17,-0.1598,3,3,1
u07472,freelancer,72751.08,0.3997,0.1608,0.0097,0.0415,1.72,0.0932,0,1,0
u07473,salaried,65019.33,0.0414,0.0011,0.1896,0.2848,1.94,-0.3191,3,6,1
u07474,small_biz,149187.76,0.1537,0.0408,0.0103,0.1846,1.47,-0.0416,1,2,1
u07475,small_biz,133897.07,0.2835,0.1093,0.0154,0.1617,0.85,-0.0517,1,3,0
u07476,small_biz,166849.75,0.246,0.0453,0.0433,0.0687,1.84,-0.0666,1,3,0
u07477,freelancer,90012.03,0.314,0.0851,-0.0409,0.0068,6.4,0.4499,1,1,0
u07478,freelancer,72017.3,0.0615,-0.001,0.0244,0.0984,5.23,0.3364,0,1,0
u07479,freelancer,54088.33,0.4475,-0.1464,0.0523,0.1149,2.54,0.2524,0,2,0
u07480,salaried,94509.12,0.044,0.0055,0.0504,0.2085,4.7,0.3729,0,0,0
u07481,freelancer,52621.04,0.3051,0.0771,0.0392,0.0993,2.32,0.1939,0,1,0
u07482,salaried,106278.34,0.0652,-0.0013,0.1139,0.1664,5.37,0.3712,0,0,0
u07483,small_biz,119428.62,0.3337,0.0395,0.0265,0.1465,3.97,0.2669,0,1,0
u07484,small_biz,124975.33,0.2272,0.0961,0.0692,0.1725,1.29,0.0237,2,4,1
u07485,freelancer,43896.63,0.2381,0.0062,0.0127,0.0839,0.82,-0.0022,2,3,1
u07486,small_biz,119962.22,0.3181,-0.0925,0.0447,0.2391,-0.05,-0.3936,2,5,1
u07487,freelancer,58968.2,0.1105,-0.0538,0.0485,0.1042,0.29,-0.119,2,4,0
u07488,freelancer,71982.2,0.3437,-0.1162,0.0004,0.0756,7.03,0.4792,1,1,0
u07489,salaried,96505.21,0.038,-0.0116,0.0677,0.241,3.01,0.2259,0,0,0
u07490,freelancer,62944.77,0.2275,0.0832,0.0644,0.0414,3.97,0.323,0,0,0
u07491,freelancer,43250.95,0.3242,-0.1151,0.0256,0.062,-0.67,-0.2308,3,5,1
u07492,salaried,60651.27,0.0515,-0.0094,0.0519,0.2675,1.66,-0.0375,0,1,0
u07493,salaried,63667.56,0.0259,0.0008,-0.0103,0.1614,-0.02,-0.343,3,6,1
u07494,small_biz,151936.01,0.1594,0.077,0.0322,0.0904,4.2,0.221,0,1,0
u07495,freelancer,51266.42,0.4661,0.2481,-0.0021,0.1359,2.32,0.2234,0,1,0
u07496,salaried,107707.65,0.0447,0.0195,-0.002,0.214,2.27,-0.0193,0,1,0
u07497,freelancer,68111.47,0.3664,-0.195,0.0322,0.0327,6.11,0.4008,0,1,0
u07498,small_biz,142215.41,0.4957,-0.0869,0.0182,0.1813,3.27,0.1286,0,3,0
u07499,small_biz,115874.23,0.07,-0.0032,-0.0266,0.1087,1.37,-0.1309,5,5,0
u07500,small_biz,111863.62,0.2771,0.072,0.0109,0.2362,2.06,-0.0061,2,3,0
u07501,salaried,92357.9,0.0623,-0.012,0.0594,0.2151,3.78,0.2662,0,0,0
u07502,freelancer,27994.94,0.7801,-0.2419,-0.015,0.2829,-2.35,-0.7163,0,5,1
u07503,salaried,67639.69,0.0705,-0.0036,-0.0078,0.384,1.38,-0.1745,1,6,0
u07504,salaried,73067.41,0.0488,0.0172,-0.0531,0.4218,0.84,-0.5763,2,6,1
u07505,freelancer,46361.77,0.3007,0.0332,0.0172,0.1194,1.92,0.08,0,2,0
u07506,freelancer,52384.07,0.2059,-0.0314,0.0767,0.0772,-0.05,-0.0422,1,2,0
u07507,salaried,65789.39,0.0762,-0.0226,0.065,0.315,1.56,-0.1836,3,6,0
u07508,salaried,56851.96,0.0597,-0.0185,0.0651,0.605,-0.31,-1.0338,4,6,1
u07509,small_biz,101284.74,0.4475,-0.2381,0.0214,0.132,0.08,-0.3804,2,4,1
u07510,freelancer,51776.16,0.3683,-0.1249,0.0477,0.05,1.66,0.1223,1,1,0
u07511,small_biz,187226.02,0.2131,0.0312,0.0159,0.1144,7.04,0.4129,0,0,0
u07512,salaried,91478.43,0.0277,0.0074,0.0292,0.129,2.58,0.1886,0,0,0
u07513,small_biz,155570.64,0.1629,-0.0055,0.073,0.1848,2.91,0.1496,0,1,0
u07514,freelancer,69630.93,0.463,0.0954,0.0128,0.0751,3.67,0.286,1,2,0
u07515,freelancer,74554.09,0.1211,-0.0084,0.0225,0.0977,2.73,0.1363,1,3,0
u07516,freelancer,68272.99,0.197,0.0368,-0.0504,0.1168,3.02,0.2838,0,0,0
u07517,salaried,67656.52,0.0535,0.0224,0.11,0.5022,1.98,-0.3339,1,6,1
u07518,freelancer,82484.68,0.1933,-0.0067,0.0127,0.0215,3.67,0.2395,0,2,0
u07519,salaried,103960.05,0.0498,0.0199,0.1791,0.1647,3.56,0.0891,1,2,0
u07520,freelancer,85711.29,0.4309,-0.0707,0.057,0.0907,6.73,0.4899,0,1,0
u07521,small_biz,89457.71,0.2157,0.0798,0.0365,0.2765,-0.07,-0.6405,4,6,1
u07522,freelancer,55430.13,0.4697,0.0758,0.0551,0.1385,-0.69,-0.3095,2,4,1
u07523,freelancer,62526.65,0.574,0.0155,0.0481,0.0609,3.29,0.3189,1,1,0
u07524,small_biz,117803.84,0.4332,0.062,-0.0014,0.1588,2.44,-0.0206,1,4,0
u07525,freelancer,63503.0,0.241,0.0005,0.0396,0.1197,2.51,0.2023,1,2,0
u07526,freelancer,72222.78,0.2909,-0.1525,0.0947,0.0746,2.7,0.2532,1,2,0
u07527,small_biz,147438.94,0.2389,-0.0713,0.0123,0.1391,4.23,0.2911,1,1,0
u07528,freelancer,67975.82,0.1718,0.0003,-0.0133,0.0732,3.07,0.2716,0,0,0
u07529,freelancer,75310.11,0.4214,-0.1424,0.0191,0.068,4.57,0.3782,0,1,0
u07530,small_biz,160087.5,0.4868,-0.0139,0.0437,0.1467,1.96,0.0542,3,3,0
u07531,freelancer,66354.06,0.2493,0.01,0.0637,0.0919,3.45,0.2642,0,1,0
u07532,freelancer,84728.91,0.3544,-0.0252,0.0562,0.0779,5.61,0.4507,0,0,0
u07533,freelancer,49305.38,0.2406,0.0514,0.0326,0.1608,3.68,0.286,0,0,0
u07534,freelancer,72049.92,0.2494,-0.0058,0.0047,0.0991,5.61,0.4576,0,0,0
u07535,small_biz,159108.68,0.3696,-0.071,0.0231,0.1123,1.9,0.0816,1,3,0
u07536,freelancer,50032.46,0.2851,0.0004,0.0609,0.0913,1.45,0.1463,1,3,0
u07537,salaried,65718.39,0.0585,0.0179,0.064,0.5229,0.81,-0.5324,3,6,1
u07538,freelancer,81293.9,0.3776,-0.0549,0.0332,0.0507,9.4,0.5578,0,1,0
u07539,small_biz,150110.74,0.154,-0.0013,0.0673,0.156,1.96,0.0327,1,2,0
u07540,freelancer,64605.08,0.2686,-0.0857,-0.0127,0.0886,2.92,0.2295,1,1,0
u07541,freelancer,45047.08,0.3295,0.1068,0.0684,0.034,2.26,0.1864,0,3,0
u07542,freelancer,44310.24,0.3302,-0.0011,0.0629,0.0825,3.57,0.2776,1,2,0
u07543,freelancer,55967.51,0.2264,-0.0732,0.0312,0.0157,4.24,0.3014,1,1,0
u07544,freelancer,54578.44,0.334,-0.079,0.0975,0.111,5.18,0.3846,0,1,0
u07545,freelancer,51170.6,0.3497,0.03,0.0978,0.027,2.21,0.1777,1,2,0
u07546,freelancer,62233.06,0.1536,0.0331,-0.0005,0.097,3.25,0.2955,0,0,0
u07547,freelancer,48884.13,0.2489,-0.0167,-0.0125,0.0756,0.75,-0.1254,2,4,1
u07548,freelancer,39942.97,0.5503,-0.209,0.0634,0.0742,2.65,0.1687,1,3,0
u07549,small_biz,141047.06,0.16,-0.0738,0.0588,0.1278,2.69,0.0081,1,3,0
u07550,freelancer,63086.8,0.2721,-0.0161,-0.0199,0.0917,4.42,0.3365,0,1,0
u07551,freelancer,65773.97,0.327,-0.0669,-0.0473,0.0532,4.48,0.2797,1,1,0
u07552,salaried,86773.31,0.0474,0.017,0.028,0.1372,6.71,0.3443,0,0,0
u07553,freelancer,46401.74,0.1268,0.0344,0.0555,0.0246,0.54,-0.0881,3,4,0
u07554,freelancer,56987.19,0.3825,-0.0458,0.0327,0.0024,3.05,0.2233,1,3,0
u07555,salaried,77225.78,0.046,-0.0042,0.0941,0.2769,0.41,-0.3017,3,6,1
u07556,salaried,76145.11,0.0832,-0.0148,0.025,0.4337,-0.18,-0.4631,5,6,1
u07557,salaried,49075.34,0.0619,-0.0155,0.0576,0.7118,-0.46,-1.3328,1,6,1
u07558,freelancer,70688.64,0.4488,-0.1722,0.1124,0.0982,2.57,0.2251,0,1,0
u07559,small_biz,138327.51,0.2896,-0.1052,0.0744,0.1291,2.5,0.1391,1,2,0
u07560,small_biz,116711.59,0.1583,0.0444,0.0025,0.2232,0.79,-0.2959,2,6,1
u07561,salaried,65807.63,0.0462,-0.0216,0.0493,0.2306,2.66,-0.155,2,6,0
u07562,small_biz,207496.69,0.2025,0.0652,0.039,0.0938,5.66,0.3079,0,0,0
u07563,freelancer,34358.96,0.2566,-0.059,0.0505,0.1937,-1.97,-0.7793,3,6,1
u07564,small_biz,220011.92,0.0759,0.007,0.0323,0.0871,4.16,0.2711,0,1,0
u07565,salaried,75171.48,0.0652,0.021,0.1462,0.2753,1.87,-0.2923,2,5,0
u07566,freelancer,40078.5,0.1808,-0.0085,0.0498,0.1376,-0.39,-0.1922,1,5,1
u07567,small_biz,134622.71,0.3857,0.1287,0.024,0.1851,3.81,0.2974,0,2,0
u07568,salaried,61870.11,0.0151,0.0057,-0.0306,0.3931,2.21,-0.4449,3,6,1
u07569,small_biz,222251.05,0.3626,-0.0037,0.0004,0.0521,11.47,0.6176,0,0,0
u07570,small_biz,142104.87,0.3265,0.0033,0.0325,0.2072,2.4,0.154,0,1,0
u07571,salaried,66802.89,0.0494,-0.0073,0.0201,0.3167,2.26,-0.4045,2,6,0
u07572,small_biz,183261.03,0.4088,0.0449,0.0419,0.0834,3.79,0.2345,1,2,0
u07573,freelancer,33758.22,0.4581,0.2461,0.0787,0.1019,-1.55,-0.4663,2,5,1
u07574,salaried,97223.12,0.0455,-0.0033,0.1134,0.3176,1.74,-0.2153,1,6,1
u07575,freelancer,44300.35,0.5954,0.2043,0.093,0.0461,0.53,-0.0247,0,2,1
u07576,salaried,61179.45,0.027,0.0023,0.1885,0.2389,0.09,-0.2504,3,6,1
u07577,salaried,85776.18,0.0709,0.0341,0.0271,0.1397,5.89,0.2884,0,0,0
u07578,freelancer,59672.46,0.512,-0.1066,0.0416,0.0093,4.54,0.4045,1,2,0
u07579,small_biz,105825.47,0.1691,-0.0482,0.0466,0.2559,0.22,-0.5062,2,6,1
u07580,freelancer,66936.88,0.3262,-0.0273,0.0745,0.0496,2.58,0.2153,0,1,0
u07581,salaried,69166.39,0.0328,-0.0114,0.021,0.4484,0.44,-0.3415,1,6,1
u07582,small_biz,221630.04,0.3545,0.1052,0.0185,0.0496,14.12,0.6537,0,0,0
u07583,small_biz,171032.09,0.3318,0.0052,-0.0003,0.1313,4.71,0.2331,1,1,0
u07584,freelancer,78569.72,0.2941,-0.0034,0.0847,0.0776,2.96,0.3024,1,2,0
u07585,salaried,55164.13,0.0431,-0.0159,0.032,0.3397,1.58,-0.3313,3,6,1
u07586,freelancer,45594.15,0.3803,0.0399,0.0623,0.0638,1.85,0.1181,0,2,0
u07587,salaried,102295.3,0.052,0.001,0.1007,0.3203,3.84,0.149,0,0,0
u07588,salaried,71224.48,0.027,-0.003,-0.0086,0.3573,3.0,-0.0686,2,6,0
u07589,salaried,113482.54,0.0358,0.0039,-0.049,0.2117,4.73,0.3296,0,0,0
u07590,freelancer,67544.83,0.3588,-0.1778,0.1115,0.0869,2.84,0.1876,0,1,0
u07591,salaried,75650.66,0.0532,-0.0018,0.0464,0.2551,2.37,-0.1465,3,6,0
u07592,freelancer,33889.14,0.3962,0.0928,0.0354,0.0517,-3.16,-0.7413,2,6,1
u07593,freelancer,74591.21,0.1539,-0.031,0.046,0.0372,8.3,0.5457,0,0,0
u07594,small_biz,131745.92,0.2327,-0.0781,0.0771,0.1928,0.75,-0.1068,0,4,1
u07595,salaried,53570.65,0.0419,-0.0068,0.042,0.3605,-0.1,-0.4424,1,6,1
u07596,small_biz,241344.64,0.1646,-0.0633,0.0452,0.09,6.95,0.4127,0,0,0
u07597,small_biz,176666.03,0.426,-0.2154,-0.0327,0.1394,0.96,-0.018,1,3,0
u07598,salaried,50948.44,0.0857,-0.0159,0.1042,0.2575,0.68,-0.7113,1,6,1
u07599,freelancer,51276.07,0.3399,-0.0671,0.0728,0.1481,1.19,0.1167,2,3,0
u07600,small_biz,177816.28,0.1991,-0.0393,0.0751,0.1229,3.85,0.1711,0,1,0
u07601,salaried,115931.6,0.0364,-0.0009,0.0576,0.2645,2.68,0.0399,2,3,0
u07602,small_biz,182466.36,0.2573,0.0866,0.01,0.1033,4.34,0.1741,0,1,0
u07603,salaried,65627.29,0.0345,-0.0088,0.0792,0.3418,1.3,-0.4577,3,6,1
u07604,freelancer,71826.51,0.2102,0.0969,0.1096,0.0639,4.59,0.3436,0,0,0
u07605,salaried,78326.47,0.0589,-0.0012,0.0589,0.2802,4.36,0.1298,0,0,0
u07606,freelancer,55131.58,0.1896,-0.0775,-0.0348,0.1156,3.72,0.3313,0,0,0
u07607,freelancer,48015.71,0.4184,-0.1134,-0.0028,0.026,4.34,0.3549,0,2,0
u07608,small_biz,238441.84,0.2606,-0.0908,0.0292,0.112,6.04,0.4412,1,1,0
u07609,small_biz,200163.77,0.2048,-0.1156,0.0675,0.0862,5.87,0.4193,0,0,0
u07610,freelancer,53423.74,0.1462,0.0163,0.0568,0.1111,3.03,0.247,1,1,0
u07611,salaried,79500.36,0.0545,0.0132,0.0156,0.258,3.77,0.0851,0,0,0
u07612,salaried,109823.16,0.0515,-0.0064,0.0511,0.2482,5.2,0.2941,0,0,0
u07613,small_biz,255480.9,0.1771,0.002,0.0798,0.1038,4.94,0.3444,0,1,0
u07614,salaried,70783.16,0.0424,0.0106,0.0401,0.4052,-0.05,-0.2518,3,6,1
u07615,small_biz,244992.88,0.1354,0.0111,-0.0164,0.0889,5.89,0.4238,0,0,0
u07616,small_biz,62891.99,0.3074,-0.1166,0.0037,0.2184,-1.14,-1.9391,2,6,1
u07617,salaried,71267.07,0.0301,-0.0015,0.1645,0.4087,1.43,-0.2957,3,6,1
u07618,freelancer,24185.44,0.5874,-0.1851,0.1232,0.1652,-1.76,-1.0279,2,6,1
u07619,small_biz,180413.41,0.1516,0.0461,0.0335,0.1068,4.88,0.2333,0,1,0
u07620,small_biz,215660.37,0.2468,-0.0726,0.0139,0.071,6.77,0.4519,0,0,0
u07621,small_biz,217921.35,0.2937,0.0174,0.0155,0.0821,5.48,0.2992,1,2,0
u07622,small_biz,149539.33,0.3953,0.0684,0.0495,0.1217,2.58,-0.0304,3,4,0
u07623,freelancer,52267.72,0.354,0.0029,0.0887,0.1216,2.58,0.2431,0,2,0
u07624,freelancer,75315.15,0.1734,-0.0908,0.0162,0.0042,7.97,0.5223,0,0,0
u07625,freelancer,46024.41,0.4082,-0.2329,0.0901,0.1613,-0.45,-0.1966,1,4,1
u07626,salaried,95137.1,0.0551,0.0024,0.0147,0.1864,3.68,0.0588,1,1,0
u07627,freelancer,51793.65,0.1981,0.0854,0.0505,0.1024,-0.32,-0.2428,2,4,1
u07628,freelancer,37894.61,0.3537,-0.0142,-0.0045,0.1425,-0.29,-0.3586,2,5,1
u07629,small_biz,120459.37,0.3843,-0.1696,0.0839,0.2233,-0.1,-0.3793,1,4,1
u07630,salaried,70733.88,0.0309,-0.0101,0.0709,0.2269,2.61,-0.1181,2,5,0
u07631,salaried,69710.78,0.0627,0.0095,0.132,0.3255,0.94,-0.0214,3,4,1
u07632,salaried,120503.89,0.0815,0.0169,0.0334,0.1968,4.37,0.284,0,0,0
u07633,small_biz,108255.5,0.2713,0.0211,0.015,0.1038,2.75,0.0282,0,2,0
u07634,salaried,73490.84,0.067,-0.0196,0.0365,0.4107,1.01,-0.3492,3,6,1
u07635,small_biz,88959.01,0.4106,0.0742,0.0941,0.219,-0.85,-0.3851,2,5,1
u07636,small_biz,204358.02,0.2888,0.0633,0.0258,0.0652,5.67,0.301,0,0,0
u07637,freelancer,90977.51,0.3149,0.0511,0.0386,0.0668,10.28,0.6062,0,0,0
u07638,freelancer,80034.83,0.2413,-0.0192,0.0637,0.0468,2.85,0.259,2,2,0
u07639,salaried,74067.9,0.0742,0.0,0.0975,0.2486,2.4,0.1421,1,1,0
u07640,salaried,121507.23,0.0434,-0.0007,0.1877,0.2039,5.15,0.3612,0,0,0
u07641,small_biz,109493.81,0.4534,-0.1832,0.0217,0.1977,-0.57,-0.4459,0,4,1
u07642,small_biz,89104.52,0.2208,-0.0901,0.0696,0.2811,0.69,-0.3657,2,6,1
u07643,freelancer,69352.46,0.2905,0.1047,-0.0108,0.0844,4.05,0.3607,0,1,0
u07644,freelancer,43763.88,0.1412,0.0457,0.0083,0.109,2.88,0.2532,0,0,0
u07645,small_biz,207024.34,0.4218,-0.0315,0.0038,0.1243,5.45,0.3489,1,2,0
u07646,salaried,114873.67,0.0678,0.0073,0.0329,0.18,6.43,0.3151,0,0,0
u07647,small_biz,184991.79,0.2722,-0.0497,0.0714,0.0787,1.82,0.1047,0,3,0
u07648,freelancer,79948.82,0.3156,-0.067,0.0087,0.0558,8.57,0.5711,0,0,0
u07649,salaried,87251.95,0.0221,0.0046,0.017,0.1916,1.36,-0.0722,2,3,0
u07650,salaried,103559.85,0.0584,0.0038,0.1499,0.2908,2.95,0.0418,1,2,0
u07651,small_biz,91795.11,0.3924,0.0454,0.0058,0.3004,-1.58,-0.9992,4,6,1
u07652,freelancer,61566.9,0.2945,0.1057,0.0913,0.1041,2.7,0.2526,1,2,0
u07653,small_biz,114269.15,0.3665,-0.0807,0.0514,0.215,1.99,-0.1551,0,4,0
u07654,small_biz,175668.17,0.4833,0.1863,0.0482,0.0845,7.93,0.4989,0,0,0
u07655,freelancer,60896.34,0.2075,0.0879,0.1163,0.0571,5.39,0.4377,0,0,0
u07656,freelancer,66681.42,0.4176,-0.1485,0.0597,0.0144,5.61,0.4677,0,1,0
u07657,small_biz,219184.18,0.3465,0.0207,0.0447,0.1363,6.46,0.3711,0,1,0
u07658,freelancer,57147.12,0.2201,-0.0031,0.0661,0.095,3.18,0.2227,0,2,0
u07659,freelancer,74504.07,0.1806,-0.0227,0.0531,0.0852,3.87,0.3208,0,1,0
u07660,freelancer,81677.46,0.1849,-0.0768,0.0379,0.0322,3.67,0.3194,0,1,0
u07661,freelancer,59724.83,0.1403,0.0331,0.0214,0.0142,5.3,0.4046,0,0,0
u07662,salaried,111927.4,0.0426,-0.0012,0.0856,0.2007,6.09,0.2264,0,0,0
u07663,small_biz,225440.38,0.1506,0.0385,0.1469,0.0942,8.11,0.5109,0,0,0
u07664,small_biz,169077.86,0.3923,-0.0106,0.0316,0.1453,4.24,0.2264,1,2,0
u07665,salaried,88847.68,0.0729,0.0321,0.1153,0.2946,2.7,-0.019,0,3,0
u07666,salaried,104120.67,0.0729,-0.005,0.0418,0.2158,3.9,0.2933,0,0,0
u07667,freelancer,55878.65,0.4289,-0.0551,0.0469,0.0336,3.52,0.3239,0,0,0
u07668,freelancer,47254.92,0.2057,-0.0281,-0.0039,0.0783,0.63,0.0213,3,3,0
u07669,freelancer,77414.1,0.3737,-0.1173,0.0664,0.0153,3.03,0.2315,1,2,0
u07670,salaried,69165.48,0.049,0.0002,-0.0025,0.2869,1.43,-0.2229,1,6,0
u07671,small_biz,238370.65,0.3002,0.0209,0.0568,0.1224,9.1,0.5322,0,0,0
u07672,freelancer,51736.0,0.3998,-0.0676,0.0562,0.1469,3.96,0.2983,1,1,0
u07673,small_biz,119226.08,0.0889,0.0366,0.0763,0.1719,1.82,-0.1477,2,5,0
u07674,freelancer,38028.02,0.1666,0.0485,0.0536,0.0637,-1.33,-0.4464,5,6,1
u07675,freelancer,84811.9,0.356,-0.1165,0.016,0.0788,6.25,0.3606,0,1,0
u07676,salaried,72665.23,0.0296,0.0039,-0.0161,0.3684,1.69,-0.6073,3,6,1
u07677,freelancer,41788.89,0.4428,-0.0881,-0.0038,0.0175,-0.87,-0.3969,1,5,1
u07678,freelancer,48148.54,0.26,-0.0916,0.0461,0.0438,2.78,0.237,0,1,0
u07679,salaried,79043.42,0.0852,0.0238,-0.0361,0.3516,2.52,0.0913,2,2,0
u07680,freelancer,64932.53,0.3263,0.0639,0.1119,0.0926,3.54,0.2686,1,2,0
u07681,small_biz,183776.41,0.3911,-0.1363,0.0304,0.1578,3.73,0.1029,0,3,0
u07682,salaried,98282.01,0.0369,0.0087,0.0491,0.1555,2.73,0.1323,0,0,0
u07683,salaried,108403.35,0.042,0.0085,0.0559,0.1785,6.55,0.3081,0,0,0
u07684,salaried,106939.9,0.0398,0.0045,-0.0083,0.2471,4.86,0.079,0,0,0
u07685,freelancer,62417.21,0.3721,-0.0336,-0.019,0.0354,3.28,0.2987,1,2,0
u07686,small_biz,99663.33,0.3789,0.0702,0.0258,0.2475,-0.01,-0.332,3,5,1
u07687,salaried,106305.16,0.0428,0.0037,0.1011,0.1103,2.65,-0.0099,0,3,1
u07688,freelancer,78404.94,0.3391,-0.0201,0.0086,0.0877,4.93,0.3885,0,1,0
u07689,salaried,69973.53,0.0823,0.0039,0.0051,0.4114,1.86,-0.3105,4,6,0
u07690,freelancer,49579.14,0.1377,-0.0379,0.0657,0.1064,1.8,0.1543,0,0,1
u07691,small_biz,197594.37,0.3391,-0.1129,0.0765,0.1092,3.77,0.1331,1,2,0
u07692,freelancer,78964.67,0.1532,0.054,0.0681,0.0898,4.14,0.3184,0,0,0
u07693,salaried,97457.65,0.0682,0.0129,-0.0131,0.3366,-0.22,-0.2978,1,6,1
u07694,freelancer,70050.04,0.3287,0.0906,-0.0085,0.0886,6.01,0.4528,1,1,0
u07695,freelancer,55237.62,0.318,-0.1331,0.0453,0.0317,3.0,0.2208,0,1,0
u07696,small_biz,129624.94,0.432,-0.0504,0.0277,0.0779,4.85,0.2366,0,1,0
u07697,salaried,69907.84,0.0547,0.0213,0.0016,0.3787,1.43,-0.1918,4,6,0
u07698,small_biz,102486.56,0.2467,-0.0786,-0.0113,0.1106,2.24,-0.0567,2,4,0
u07699,freelancer,42771.73,0.2162,-0.0432,0.1458,0.0578,-0.77,-0.2524,3,5,1
u07700,freelancer,60920.73,0.2676,-0.1161,0.1233,0.0611,3.91,0.347,0,1,0
u07701,small_biz,124525.72,0.1183,0.034,0.0176,0.2213,2.6,0.0595,1,2,0
u07702,small_biz,145875.17,0.1528,0.0179,0.0048,0.1187,1.34,-0.1179,2,6,1
u07703,freelancer,44602.54,0.3789,-0.0344,0.0602,0.0028,1.95,0.204,0,2,0
u07704,freelancer,82721.54,0.4675,-0.1667,0.004,0.0583,7.45,0.5244,0,1,0
u07705,freelancer,74349.45,0.3856,0.0156,0.083,0.0025,6.84,0.4854,0,1,0
u07706,salaried,103740.37,0.0595,0.0116,0.0746,0.2784,5.45,0.2384,0,0,0
u07707,freelancer,84017.95,0.2431,-0.1112,0.0199,0.0241,7.44,0.4851,0,0,0
u07708,small_biz,171580.33,0.3881,-0.0699,0.04,0.1075,4.92,0.2626,1,2,0
u07709,small_biz,129410.91,0.3247,0.114,0.0315,0.223,1.78,-0.1251,4,4,0
u07710,small_biz,214403.08,0.3384,0.0949,0.0248,0.1062,5.38,0.348,1,1,0
u07711,freelancer,61348.84,0.2903,0.07,0.0084,0.0723,1.84,0.1853,1,1,0
u07712,freelancer,70506.84,0.2054,0.0211,0.0616,0.0491,7.75,0.5227,0,0,0
u07713,salaried,83698.24,0.0436,0.0111,0.0636,0.1799,2.46,0.1692,0,0,0
u07714,salaried,107651.53,0.0466,0.012,0.0536,0.1652,3.63,0.2411,0,0,0
u07715,freelancer,71898.96,0.3638,-0.0694,0.1811,0.0315,6.26,0.4628,0,1,0
u07716,freelancer,45827.86,0.3971,-0.0065,0.0073,0.0167,0.7,0.018,1,2,0
u07717,freelancer,37571.41,0.242,0.0346,0.0447,0.153,0.27,-0.2669,3,5,1
u07718,freelancer,70572.45,0.2699,0.0681,0.0892,0.0452,6.65,0.4692,0,0,0
u07719,small_biz,108120.75,0.1642,0.051,0.0456,0.111,0.74,-0.0855,2,4,1
u07720,salaried,52848.77,0.0232,-0.0121,0.0394,0.4529,-0.68,-0.5203,2,6,1
u07721,salaried,100577.31,0.0366,0.0043,-0.0338,0.2886,2.18,-0.0424,1,4,0
u07722,freelancer,54711.27,0.2661,-0.0561,0.1445,0.0061,4.69,0.3693,0,1,0
u07723,freelancer,69541.78,0.294,0.0694,0.0317,0.0727,2.28,0.1904,2,3,0
u07724,salaried,70942.34,0.0491,-0.0036,0.0126,0.2762,1.35,-0.1013,4,6,0
u07725,salaried,58691.82,0.0042,-0.0015,0.1901,0.5827,-0.32,-0.3906,2,6,1
u07726,freelancer,68690.76,0.2312,-0.0567,0.0708,0.0314,2.77,0.1829,0,1,0
u07727,small_biz,160870.89,0.3047,0.0806,0.0149,0.1574,2.59,0.0248,1,3,0
u07728,small_biz,122713.69,0.3919,-0.0392,0.029,0.1476,2.79,-0.0043,0,2,0
u07729,salaried,116627.63,0.0312,0.0111,0.033,0.2645,1.13,0.0016,0,1,0
u07730,freelancer,51078.5,0.2724,-0.0694,-0.011,0.0636,0.2,-0.1437,2,3,1
u07731,salaried,74336.76,0.0623,0.007,0.0175,0.2498,2.44,-0.0899,5,6,0
u07732,small_biz,174690.9,0.3538,-0.1804,-0.0191,0.1294,5.88,0.423,0,2,0
u07733,freelancer,71230.56,0.3006,-0.1088,0.0521,0.0516,5.39,0.4267,1,1,0
u07734,freelancer,64361.71,0.3568,0.1185,0.0687,0.0471,3.76,0.2797,0,1,0
u07735,small_biz,123884.12,0.1983,-0.0171,0.0166,0.2421,1.97,-0.1442,3,4,0
u07736,freelancer,50212.44,0.1243,-0.031,-0.0369,0.0258,2.36,0.1079,0,2,0
u07737,freelancer,57073.55,0.254,-0.0239,0.0559,0.0333,1.58,0.1482,0,1,1
u07738,small_biz,199861.15,0.2122,-0.0412,0.0454,0.0795,3.38,0.2433,1,1,0
u07739,freelancer,62968.46,0.2138,0.0003,0.0924,0.0007,3.82,0.3129,1,1,0
u07740,salaried,116324.96,0.0526,0.0081,-0.0239,0.1974,2.76,0.088,0,1,0
u07741,salaried,118327.53,0.0271,0.0099,0.0566,0.2771,3.92,0.0649,0,0,0
u07742,small_biz,141420.6,0.2904,0.0619,0.0568,0.1807,1.36,0.0178,1,3,0
u07743,salaried,89426.88,0.0473,0.0135,0.035,0.3287,2.69,-0.0823,3,6,0
u07744,freelancer,42027.58,0.2147,-0.097,0.0575,0.031,3.55,0.3065,0,0,0
u07745,freelancer,49772.03,0.5545,-0.1278,0.0106,0.0086,7.26,0.4975,1,1,0
u07746,freelancer,60141.32,0.4124,-0.0469,-0.0239,0.0589,2.49,0.1843,2,4,0
u07747,freelancer,59983.41,0.0938,-0.026,-0.0225,0.0061,2.13,0.096,0,1,0
u07748,freelancer,44774.57,0.3172,-0.1766,-0.0006,0.1673,0.21,-0.1024,1,3,1
u07749,freelancer,73652.69,0.2289,0.0621,0.0313,0.0216,2.93,0.2384,1,1,0
u07750,freelancer,53455.36,0.1932,-0.0028,0.088,0.0603,4.4,0.3607,0,0,0
u07751,freelancer,76224.06,0.2795,0.0119,-0.0167,0.0226,10.9,0.582,0,0,0
u07752,freelancer,62840.84,0.2322,-0.0152,0.0598,0.0161,2.54,0.2139,1,2,0
u07753,freelancer,83883.22,0.2306,0.0068,0.0678,0.075,5.89,0.4022,1,1,0
u07754,small_biz,91531.46,0.3026,-0.0275,0.0443,0.1909,0.65,-0.4147,2,5,1
u07755,small_biz,144014.37,0.2412,0.0244,0.0004,0.2044,0.66,-0.1961,1,4,1
u07756,small_biz,173167.21,0.2366,-0.031,0.1404,0.0631,6.83,0.464,0,0,0
u07757,freelancer,40067.91,0.3646,-0.0801,0.0968,0.0504,0.64,-0.0851,1,3,1
u07758,freelancer,32551.43,0.4636,-0.1272,0.1681,0.242,-1.5,-0.796,2,5,1
u07759,freelancer,60880.55,0.2857,-0.1117,0.0534,0.1088,2.44,0.2375,0,1,0
u07760,small_biz,108955.53,0.2585,0.0642,0.0513,0.2054,0.4,-0.5352,3,6,1
u07761,salaried,109911.0,0.0532,-0.0021,0.0317,0.1131,6.95,0.3414,0,0,0
u07762,freelancer,59090.58,0.261,0.0267,0.0044,0.1295,3.11,0.2932,0,1,0
u07763,freelancer,48410.5,0.0999,-0.04,0.0671,0.0967,4.61,0.3805,0,0,0
u07764,freelancer,59603.3,0.1783,-0.0742,0.0304,0.0963,1.31,0.0304,0,1,0
u07765,salaried,65557.22,0.0651,-0.0086,-0.0231,0.3321,2.04,-0.0061,1,3,0
u07766,freelancer,40415.95,0.3328,-0.1594,0.0569,0.1552,-0.29,-0.1998,2,4,1
u07767,freelancer,37778.41,0.2793,0.0446,0.03,0.1075,0.37,-0.0337,1,4,1
u07768,freelancer,71153.85,0.3808,-0.0733,0.058,0.0081,5.11,0.4126,0,0,0
u07769,salaried,63527.11,0.0704,0.0369,0.0661,0.3532,1.2,-0.3037,4,6,1
u07770,salaried,115920.52,0.0676,0.0203,0.161,0.2619,6.34,0.3123,0,0,0
u07771,small_biz,156432.81,0.2188,0.0272,0.0476,0.0942,2.94,0.2042,0,1,0
u07772,freelancer,47654.23,0.1961,0.0738,0.1696,0.0225,-0.24,-0.2064,1,5,1
u07773,salaried,62284.29,0.0517,0.0197,0.0561,0.172,-0.67,-0.4638,3,6,1
u07774,freelancer,84043.86,0.3102,-0.0801,0.0427,0.018,9.72,0.6023,0,0,0
u07775,small_biz,169061.63,0.2941,0.0535,-0.0016,0.0789,1.55,-0.0627,3,4,1
u07776,freelancer,33937.75,0.3396,-0.0045,0.0897,0.0685,0.9,0.0683,0,2,0
u07777,freelancer,39940.2,0.239,-0.0871,0.0278,0.1515,0.68,-0.0159,1,4,1
u07778,freelancer,35355.36,0.3436,-0.0391,0.0118,0.1926,-1.69,-0.5281,2,6,1
u07779,small_biz,202529.24,0.0859,-0.0116,0.0722,0.113,2.03,0.1334,0,1,0
u07780,small_biz,119048.1,0.2962,-0.0846,0.0045,0.1387,1.51,-0.0205,3,3,0
u07781,small_biz,120609.25,0.3686,-0.1027,0.0396,0.1935,0.51,-0.2687,1,4,1
u07782,small_biz,133052.12,0.4336,-0.1053,0.0168,0.212,2.84,-0.0384,0,3,0
u07783,freelancer,75045.17,0.3472,0.0216,0.0063,0.0582,8.07,0.521,0,1,0
u07784,small_biz,122013.02,0.183,-0.0398,0.0637,0.1884,1.72,-0.1677,2,5,1
u07785,freelancer,47051.47,0.3773,0.1244,0.0235,0.1507,1.29,0.0815,1,3,0
u07786,salaried,103020.42,0.0327,0.0065,0.0278,0.2119,2.89,-0.0539,5,6,0
u07787,small_biz,251910.92,0.2271,-0.1059,0.0532,0.1171,5.56,0.4005,0,1,0
u07788,freelancer,63715.45,0.3205,0.0951,0.0767,0.0137,0.96,-0.0337,2,2,1
u07789,freelancer,33127.13,0.2428,-0.0488,0.0558,0.2096,0.99,-0.0463,1,4,1
u07790,freelancer,74046.39,0.1664,-0.047,0.0486,0.0937,6.3,0.4886,0,0,0
u07791,freelancer,72767.95,0.2352,0.0716,0.0788,0.0137,7.75,0.5272,0,0,0
u07792,small_biz,146713.59,0.2839,-0.0194,0.0445,0.0778,2.85,0.1129,0,2,0
u07793,small_biz,175297.52,0.1974,0.0233,0.0473,0.1114,5.48,0.327,1,1,0
u07794,freelancer,54196.22,0.4268,-0.0245,0.1561,0.1396,2.14,0.1655,0,2,0
u07795,freelancer,51480.16,0.1602,0.0511,0.1056,0.1367,2.16,0.1658,0,2,0
u07796,small_biz,140488.2,0.2173,-0.0615,0.0194,0.1432,2.4,0.0826,2,2,0
u07797,freelancer,57485.03,0.4347,-0.1619,0.0466,0.0876,2.58,0.1427,2,2,0
u07798,small_biz,129917.59,0.5244,0.0126,0.0564,0.2082,1.13,-0.1191,0,3,0
u07799,salaried,55976.26,0.0467,-0.0038,0.0133,0.3075,-0.59,-0.6397,1,6,1
u07800,small_biz,115443.46,0.1264,0.0274,0.0184,0.0876,1.58,-0.203,2,5,1
u07801,salaried,94596.63,0.0343,-0.0139,-0.0167,0.2962,4.79,0.1944,0,0,0
u07802,salaried,96282.4,0.0568,0.0067,0.0183,0.1786,0.6,-0.0797,4,6,0
u07803,freelancer,58123.19,0.3503,0.0067,0.0264,0.0948,1.0,0.0146,2,3,1
u07804,freelancer,39509.81,0.1901,-0.0367,0.0104,0.1601,-0.31,-0.2658,3,5,1
u07805,small_biz,205075.74,0.1628,0.0013,0.0299,0.1449,5.1,0.3357,0,0,0
u07806,small_biz,129172.31,0.2472,-0.0857,0.0088,0.1401,2.9,0.0417,0,1,0
u07807,small_biz,164230.96,0.351,-0.0618,0.0406,0.092,4.41,0.3237,1,1,0
u07808,small_biz,254055.71,0.3764,-0.1578,0.0354,0.0423,10.65,0.6053,0,0,0
u07809,small_biz,105608.18,0.4063,-0.1163,0.0402,0.2042,-0.9,-0.6926,2,5,1
u07810,freelancer,45617.69,0.3031,-0.079,-0.0214,0.1233,2.58,0.2416,0,2,0
u07811,salaried,109001.02,0.0522,0.0119,0.1586,0.2133,3.08,0.209,0,0,0
u07812,freelancer,55001.13,0.4505,0.1215,0.0421,0.1416,0.61,-0.1541,2,5,1
u07813,small_biz,136084.74,0.4372,0.115,0.0337,0.105,2.1,-0.0791,2,3,0
u07814,freelancer,76202.73,0.3457,-0.1082,0.0924,0.0349,1.42,0.0851,0,3,0
u07815,freelancer,63363.32,0.1818,-0.0692,0.0882,0.0296,2.31,0.1843,0,1,1
u07816,salaried,123405.55,0.0129,0.0061,0.0653,0.0811,10.02,0.572,0,0,0
u07817,salaried,116099.57,0.0369,0.0127,0.0951,0.1807,5.71,0.2418,0,0,0
u07818,salaried,113569.43,0.0537,-0.0158,0.0034,0.278,4.04,0.0615,1,1,0
u07819,salaried,85281.78,0.0246,-0.0062,0.1116,0.1958,-0.43,-0.4523,2,6,1
u07820,small_biz,112578.33,0.2273,-0.0861,0.0097,0.153,0.95,-0.2967,1,5,0
u07821,small_biz,214109.17,0.3417,0.1575,0.0159,0.1229,3.36,0.178,0,2,0
u07822,salaried,56847.34,0.0398,0.0084,0.0201,0.261,-0.69,-0.5121,2,6,1
u07823,salaried,86367.03,0.0509,0.0268,-0.001,0.1449,2.87,-0.0066,0,3,0
u07824,freelancer,42489.53,0.4158,0.068,0.0543,0.0986,1.4,0.1033,1,1,0
u07825,salaried,71854.75,0.0566,0.0104,0.041,0.2749,2.95,-0.0845,2,5,0
u07826,freelancer,93240.58,0.281,-0.0131,0.0253,0.0678,8.91,0.5154,1,1,0
u07827,small_biz,149983.11,0.4892,0.1789,0.0521,0.0979,1.67,0.0629,1,3,0
u07828,freelancer,77535.13,0.4971,0.0208,0.0932,0.0575,8.09,0.5459,1,1,0
u07829,freelancer,65528.99,0.2722,-0.0191,0.0703,0.0236,3.73,0.2606,0,1,0
u07830,small_biz,174723.71,0.3399,-0.0567,0.0297,0.149,1.82,0.0723,1,2,0
u07831,salaried,83996.89,0.0574,0.0137,0.0025,0.2777,3.74,0.1405,0,0,0
u07832,freelancer,52922.1,0.4511,-0.206,0.085,0.1388,2.31,0.1473,1,2,0
u07833,small_biz,220784.08,0.2819,0.1379,-0.0248,0.0458,7.27,0.4517,1,1,0
u07834,salaried,53499.31,0.1174,0.0043,0.0463,0.2136,1.72,-0.5131,5,6,1
u07835,freelancer,81372.62,0.2312,0.0314,0.0357,0.0689,6.84,0.4333,1,1,0
u07836,freelancer,63133.05,0.0829,-0.0127,0.021,0.0602,2.32,0.0932,2,3,1
u07837,freelancer,52631.05,0.2251,-0.0619,0.0569,0.0269,0.05,-0.0758,2,3,1
u07838,small_biz,214350.94,0.1564,-0.0522,0.0217,0.0814,2.91,0.2375,0,1,0
u07839,freelancer,64782.31,0.5103,0.1793,0.0381,0.041,3.79,0.3205,1,1,0
u07840,freelancer,43969.78,0.413,0.128,0.0344,0.1681,1.29,0.0421,2,2,0
u07841,freelancer,71896.75,0.5076,-0.0996,0.0753,0.091,6.83,0.4742,0,1,0
u07842,salaried,104002.87,0.0317,-0.006,0.016,0.2344,3.94,0.2499,0,0,0
u07843,freelancer,72426.07,0.3471,-0.0314,0.0214,0.1043,6.23,0.3932,1,1,0
u07844,freelancer,79908.1,0.0941,0.034,0.0682,0.0065,5.24,0.4058,0,0,0
u07845,salaried,72934.84,0.0361,-0.0187,0.0106,0.4255,1.99,-0.2487,3,6,0
u07846,freelancer,59728.33,0.323,0.0182,0.0541,0.1065,2.12,0.1691,2,2,0
u07847,freelancer,70107.93,0.3905,0.075,0.1016,0.02,4.28,0.3809,1,1,0
u07848,small_biz,140526.61,0.4951,0.0881,-0.0118,0.0855,3.33,0.278,1,3,0
u07849,small_biz,140811.75,0.391,-0.0909,0.086,0.1787,1.34,-0.0145,1,3,0
u07850,small_biz,161005.53,0.3564,-0.0367,0.0876,0.0727,3.88,0.1953,1,2,0
u07851,freelancer,85545.28,0.4063,-0.1726,0.1316,0.0483,7.91,0.5373,1,1,0
u07852,salaried,80400.29,0.0445,-0.0008,0.1312,0.369,0.93,-0.2931,2,6,1
u07853,small_biz,137494.07,0.2741,-0.0455,0.0026,0.1533,0.56,-0.1097,1,2,0
u07854,freelancer,49730.77,0.4643,-0.0766,0.0977,0.0122,2.25,0.2139,2,2,0
u07855,small_biz,141224.31,0.256,0.0203,0.0925,0.1818,1.89,0.0786,1,3,0
u07856,freelancer,55524.1,0.2236,0.0067,0.018,0.0533,-0.84,-0.2175,3,4,1
u07857,freelancer,54288.97,0.3164,-0.0811,0.0477,0.1065,2.7,0.1858,0,2,0
u07858,small_biz,180954.68,0.1294,-0.0593,-0.0082,0.1481,4.02,0.1849,0,0,0
u07859,salaried,67266.79,0.0627,0.0234,0.2386,0.3766,1.51,-0.6515,3,6,1
u07860,salaried,75059.01,0.0642,0.0273,0.0419,0.1541,4.52,0.1615,0,0,0
u07861,small_biz,145157.79,0.3703,-0.0896,0.0469,0.1299,3.5,0.0815,0,2,0
u07862,salaried,102310.78,0.0479,-0.0019,0.1033,0.1815,4.52,0.1544,0,0,0
u07863,salaried,114502.73,0.01,0.0027,0.0714,0.1508,6.4,0.2785,1,1,0
u07864,small_biz,223251.04,0.3588,0.0751,-0.0146,0.0907,8.55,0.4404,0,0,0
u07865,salaried,123617.31,0.0545,0.0118,0.0258,0.1917,6.08,0.3745,1,1,0
u07866,small_biz,165831.88,0.2691,0.1129,0.0143,0.1196,3.1,0.1805,1,1,0
u07867,small_biz,160197.0,0.3042,-0.0794,0.0618,0.091,4.58,0.2269,0,1,0
u07868,salaried,90734.54,0.0361,-0.0117,0.1349,0.2459,2.01,-0.1974,4,6,1
u07869,freelancer,43907.11,0.7128,0.1409,0.0871,0.1604,1.14,0.031,1,3,0
u07870,freelancer,75213.74,0.2183,0.0126,0.069,0.0811,7.95,0.4761,0,1,0
u07871,small_biz,181771.01,0.3477,-0.093,0.0217,0.1608,2.61,0.0919,0,2,0
u07872,freelancer,74786.17,0.2168,-0.048,-0.0381,0.0807,7.31,0.5129,0,0,0
u07873,small_biz,147995.51,0.4054,0.0916,0.025,0.1725,1.14,-0.0155,1,3,0
u07874,salaried,69936.64,0.0561,-0.0211,0.171,0.2463,2.11,0.1023,1,1,0
u07875,freelancer,62095.11,0.1873,0.0137,0.1409,0.0062,4.8,0.3347,0,1,0
u07876,salaried,65597.21,0.031,0.0064,-0.0144,0.2973,0.4,-0.264,4,6,1
u07877,freelancer,52954.83,0.144,-0.0527,0.0112,0.0135,-0.03,-0.21,2,3,1
u07878,salaried,57628.54,0.065,0.0091,0.1044,0.1992,1.33,-0.5183,1,6,1
u07879,freelancer,58174.22,0.2333,0.036,0.0512,0.1078,3.01,0.2539,0,1,0
u07880,small_biz,184688.29,0.2955,-0.0621,-0.0238,0.0638,3.06,0.1077,0,2,0
u07881,freelancer,37644.74,0.3471,0.0561,0.0527,0.0232,-0.11,-0.1329,2,4,1
u07882,small_biz,95802.78,0.2652,-0.0065,-0.0197,0.2516,0.36,-0.4192,1,6,1
u07883,freelancer,76489.65,0.2574,-0.0495,0.09,0.1038,5.43,0.4067,0,1,0
u07884,small_biz,159480.39,0.26,-0.0031,0.0445,0.1039,4.26,0.1816,0,1,0
u07885,salaried,53734.99,0.0241,0.0027,0.05,0.2705,1.04,-0.6722,1,6,1
u07886,salaried,103040.51,0.071,0.015,0.0115,0.3152,2.27,-0.1623,1,5,0
u07887,small_biz,184718.54,0.2661,0.0667,0.0356,0.1146,4.65,0.2496,0,1,0
u07888,small_biz,206759.5,0.3249,0.0395,0.0319,0.1268,4.29,0.349,1,2,0
u07889,freelancer,58386.32,0.2623,-0.0972,0.051,0.137,2.64,0.1566,1,1,1
u07890,salaried,67275.17,0.0434,0.0084,0.0329,0.2678,1.44,-0.0227,1,5,0
u07891,salaried,115376.05,0.0286,0.0148,0.0351,0.1259,3.63,0.1853,0,0,0
u07892,salaried,73812.83,0.0216,-0.0096,-0.0649,0.4713,0.07,-0.4038,1,6,1
u07893,salaried,71815.29,0.0758,-0.0132,0.2056,0.3063,0.69,-0.1757,3,6,1
u07894,small_biz,114295.67,0.3008,-0.0514,0.0776,0.2275,-0.27,-0.5168,2,5,1
u07895,small_biz,219494.59,0.2893,-0.092,0.01,0.1083,5.96,0.3807,0,1,0
u07896,freelancer,61587.52,0.2034,0.0768,0.0703,0.1134,3.32,0.2703,0,1,0
u07897,salaried,109928.7,0.0371,0.0099,0.0549,0.2115,1.13,-0.1278,2,5,0
u07898,small_biz,63324.6,0.4405,0.0217,0.0803,0.1956,-0.26,-0.9556,1,6,1
u07899,small_biz,88544.63,0.4059,0.0629,0.0078,0.22,-0.72,-0.8478,0,6,1
u07900,salaried,58468.09,0.0606,-0.0228,0.0358,0.5887,1.9,-0.4258,4,6,0
u07901,freelancer,36645.33,0.2658,-0.0651,0.1377,0.015,-0.83,-0.5222,2,5,1
u07902,small_biz,107077.66,0.2932,0.0686,0.0112,0.1331,1.07,-0.3718,2,5,1
u07903,small_biz,124035.91,0.4211,0.1634,0.0193,0.174,3.52,0.1212,1,2,0
u07904,freelancer,54231.89,0.3689,-0.0125,0.0522,0.0271,4.28,0.3789,1,1,0
u07905,small_biz,76838.8,0.405,0.1718,0.081,0.2756,-0.56,-0.8803,3,6,1
u07906,freelancer,60157.56,0.1447,-0.0355,-0.0314,0.0703,3.79,0.3404,0,0,0
u07907,small_biz,148257.59,0.3043,0.039,0.0356,0.1592,3.84,0.2355,0,2,0
u07908,salaried,80009.86,0.0431,0.0161,0.0302,0.2646,2.25,0.0003,1,3,0
u07909,freelancer,64088.02,0.2485,-0.0172,0.0977,0.041,3.8,0.3244,1,1,0
u07910,salaried,69901.04,0.0723,-0.0352,0.1202,0.3942,2.94,-0.2429,4,6,0
u07911,small_biz,132276.82,0.1868,-0.072,0.0055,0.1423,1.42,-0.1797,4,4,0
u07912,salaried,68669.38,0.0712,0.029,0.1291,0.4814,0.7,-0.7492,1,6,1
u07913,small_biz,179488.22,0.3044,0.0954,0.0205,0.0665,2.34,0.1544,3,3,0
u07914,small_biz,165611.35,0.3794,0.1398,-0.006,0.1177,2.16,0.0372,1,3,0
u07915,freelancer,57023.17,0.2872,-0.1068,0.0424,0.0644,4.17,0.3179,1,1,0
u07916,salaried,81614.89,0.0434,0.0114,0.0207,0.4277,1.25,-0.0678,2,3,0
u07917,salaried,75346.6,0.0351,-0.0063,0.0621,0.1998,-0.28,-0.3101,3,6,1
u07918,salaried,59769.55,0.0342,0.0083,0.0917,0.4941,1.5,-0.4765,5,6,1
u07919,freelancer,43818.16,0.441,-0.095,0.0442,0.0371,-1.11,-0.3107,1,3,1
u07920,small_biz,134057.08,0.3447,-0.1415,0.1063,0.1368,-0.14,-0.2365,3,5,0
u07921,freelancer,47599.19,0.0594,-0.003,-0.037,0.0686,3.24,0.2285,0,0,0
u07922,salaried,110057.7,0.0344,0.0108,0.0741,0.2555,3.8,0.1688,1,2,0
u07923,freelancer,40314.39,0.4875,-0.0772,-0.0449,0.0745,0.13,-0.1911,1,4,1
u07924,salaried,83573.54,0.0385,0.0026,0.0065,0.3295,2.44,-0.2491,4,6,0
u07925,salaried,61313.72,0.0245,0.0025,0.0462,0.1988,0.92,-0.1453,3,6,1
u07926,freelancer,79237.2,0.2554,0.0242,0.0564,0.0984,1.04,0.0462,3,4,0
u07927,freelancer,57613.58,0.3278,0.0873,0.0051,0.1258,2.58,0.13,1,1,0
u07928,freelancer,53530.38,0.4208,0.1534,0.0988,0.1453,1.51,0.09,1,2,1
u07929,freelancer,30468.91,0.4403,0.0901,0.0622,0.1902,-1.6,-0.6451,4,5,1
u07930,small_biz,148434.68,0.2287,-0.0686,0.0322,0.0819,1.44,-0.0291,1,3,1
u07931,salaried,121131.41,0.0862,-0.0128,-0.016,0.2734,6.93,0.4235,0,0,0
u07932,small_biz,231479.17,0.2791,-0.1195,0.0339,0.0635,5.55,0.314,1,2,0
u07933,salaried,103812.4,0.0599,-0.0001,-0.0364,0.3153,3.09,0.0345,1,2,0
u07934,freelancer,62206.86,0.2391,-0.0154,0.0767,0.0212,2.12,0.2003,1,2,0
u07935,freelancer,52503.88,0.2492,0.0308,0.0808,0.0522,1.25,-0.022,4,4,1
u07936,freelancer,61354.87,0.1979,0.0281,0.0786,0.11,2.52,0.1651,1,2,0
u07937,salaried,71672.86,0.0227,-0.0045,0.0297,0.1516,0.88,-0.0633,3,5,1
u07938,salaried,101826.72,0.0454,-0.0022,0.0573,0.1608,5.78,0.3182,0,0,0
u07939,salaried,87201.78,0.0388,-0.0015,0.0441,0.1859,1.42,-0.3527,0,6,0
u07940,freelancer,48409.76,0.296,-0.094,0.0241,0.0461,3.8,0.3103,0,1,0
u07941,small_biz,161118.59,0.4248,-0.2062,0.0259,0.1708,2.2,0.0556,0,3,0
u07942,freelancer,79914.38,0.5224,-0.0643,0.0959,0.0962,5.29,0.4191,1,1,0
u07943,freelancer,71340.71,0.3259,0.1,0.0527,0.0006,2.84,0.1994,1,3,0
u07944,small_biz,237711.7,0.4237,0.0699,0.0268,0.0615,8.26,0.439,1,1,0
u07945,freelancer,54785.07,0.2496,0.0539,0.0066,0.0014,6.73,0.4939,0,0,0
u07946,small_biz,143991.76,0.3873,0.0335,0.0522,0.1679,2.31,0.0717,2,2,0
u07947,small_biz,207789.04,0.511,-0.1599,-0.0002,0.1061,3.56,0.1691,0,3,0
u07948,small_biz,132842.96,0.4632,-0.0113,0.057,0.1241,-0.5,-0.4265,3,4,1
u07949,small_biz,268603.45,0.31,0.1667,-0.0122,0.0597,9.45,0.5474,1,1,0
u07950,freelancer,64177.73,0.1571,0.0462,0.0642,0.0982,6.03,0.4566,0,0,0
u07951,small_biz,234124.82,0.3875,-0.196,0.0427,0.0513,9.0,0.4853,0,2,0
u07952,salaried,77866.9,0.0895,0.038,0.1617,0.1949,1.01,-0.0422,1,2,0
u07953,small_biz,118925.12,0.2217,0.0051,0.0042,0.1037,0.91,-0.1296,3,4,0
u07954,salaried,68069.32,0.0366,-0.0149,0.0295,0.3875,0.01,-0.2464,2,6,1
u07955,salaried,90289.77,0.0756,0.0259,0.1581,0.2003,0.38,-0.1931,1,6,1
u07956,salaried,68416.32,0.0596,-0.0291,0.0589,0.2546,3.05,0.1524,0,0,0
u07957,freelancer,43335.33,0.2018,-0.0905,-0.0049,0.1235,-0.35,-0.2311,2,5,1
u07958,salaried,110380.27,0.0336,-0.0112,0.0389,0.1283,5.13,0.1672,0,2,0
u07959,small_biz,168347.9,0.5277,-0.2344,-0.0138,0.0788,2.17,0.1341,0,2,0
u07960,salaried,90981.4,0.0358,-0.0081,0.0864,0.2523,2.57,0.1115,0,0,0
u07961,salaried,109172.65,0.0761,0.0034,-0.0054,0.1396,2.15,0.0687,1,2,0
u07962,small_biz,157215.19,0.3027,-0.1111,0.0142,0.1213,2.36,0.0295,1,3,1
u07963,small_biz,117714.19,0.3727,-0.1235,0.089,0.2422,1.76,-0.0719,1,5,0
u07964,salaried,83739.21,0.0325,-0.0007,0.0253,0.176,1.65,0.0686,0,0,0
u07965,freelancer,54412.06,0.2002,-0.0133,-0.0129,0.0163,2.85,0.1809,0,1,0
u07966,freelancer,70443.84,0.2666,0.1066,0.0612,0.0972,3.21,0.2938,1,1,0
u07967,small_biz,107522.56,0.3835,-0.0043,0.0178,0.237,2.47,0.0313,1,3,0
u07968,small_biz,100600.48,0.2707,0.0301,0.0467,0.2455,-1.35,-0.6798,2,6,1
u07969,small_biz,166425.54,0.2965,0.0002,0.0087,0.1006,2.13,0.1522,1,2,0
u07970,freelancer,50639.0,0.1409,-0.0308,0.0464,0.0653,1.12,0.0755,0,2,0
u07971,salaried,103871.54,0.0338,0.009,-0.0215,0.2604,1.84,-0.065,1,2,0
u07972,salaried,98429.32,0.067,0.0153,0.0105,0.2017,4.35,0.2372,0,0,0
u07973,freelancer,69074.01,0.2782,0.0303,0.1091,0.0319,6.47,0.4584,1,1,0
u07974,small_biz,117014.34,0.285,-0.0476,0.0123,0.1069,3.34,0.0731,0,2,0
u07975,freelancer,48429.81,0.1575,-0.0563,-0.0115,0.0978,1.42,0.0632,1,2,0
u07976,freelancer,74762.87,0.4026,0.07,0.1294,0.0085,3.09,0.201,3,3,0
u07977,small_biz,112575.35,0.3601,-0.0681,0.034,0.2101,1.23,-0.048,2,3,0
u07978,freelancer,87890.65,0.3023,-0.0411,0.0375,0.071,7.21,0.4997,1,1,0
u07979,salaried,60240.79,0.0876,-0.0357,0.0345,0.1846,1.4,-0.0166,0,3,0
u07980,small_biz,122393.28,0.3296,-0.0283,0.0616,0.1124,1.19,-0.1056,1,3,0
u07981,small_biz,116361.21,0.2596,0.0404,0.0266,0.1727,1.38,-0.2417,1,4,1
u07982,freelancer,37875.45,0.304,-0.1126,0.0281,0.1726,-0.2,-0.1924,2,4,1
u07983,freelancer,38841.99,0.2532,0.0737,0.0163,0.1433,1.82,0.0605,1,1,1
u07984,small_biz,210383.25,0.2136,0.0617,-0.0021,0.1249,6.25,0.4143,0,1,0
u07985,salaried,67262.91,0.1146,-0.0498,0.0878,0.2832,0.75,-0.2503,2,5,1
u07986,freelancer,64923.72,0.2317,0.0146,0.0043,0.0879,7.13,0.5066,0,0,0
u07987,salaried,102521.13,0.0763,0.0403,0.102,0.1884,4.82,0.2227,0,0,0
u07988,freelancer,60321.98,0.234,-0.1125,0.0432,0.0237,5.99,0.4115,0,1,0
u07989,salaried,121083.19,0.0429,-0.0033,0.0402,0.0826,4.92,0.3841,0,0,0
u07990,salaried,114653.52,0.0278,-0.0071,0.2167,0.2946,1.88,0.0745,1,1,0
u07991,freelancer,85137.46,0.3121,0.0928,0.0721,0.0071,8.52,0.4143,0,2,0
u07992,small_biz,139875.79,0.353,0.1015,-0.0089,0.0774,0.83,-0.1854,2,4,1
u07993,salaried,75577.29,0.0464,-0.0021,0.0686,0.3703,2.64,-0.0715,3,5,0
u07994,salaried,63896.56,0.0757,-0.0376,0.1026,0.1949,-0.16,-0.2341,3,6,1
u07995,salaried,66130.02,0.0324,-0.0075,0.0463,0.454,-0.19,-0.2978,0,6,1
u07996,freelancer,56646.21,0.4047,-0.1932,0.0611,0.1029,2.75,0.2428,1,2,0
u07997,salaried,97505.41,0.0598,0.0305,-0.0157,0.1758,3.81,0.0791,1,1,0
u07998,freelancer,78841.37,0.3268,0.1272,0.0944,0.008,4.15,0.3507,0,1,0
u07999,small_biz,137447.13,0.3102,-0.029,0.0251,0.1017,0.57,-0.1437,1,5,1
